1754614001667	geckodriver	INFO	Listening on 127.0.0.1:54478
1754614002182	mozrunner::runner	INFO	Running command: MOZ_CRASHREPORTER="1" MOZ_CRASHREPORTER_NO_REPORT="1" MOZ_CRASHREPORTER_SHUTDOWN="1" "/Applications/Firefox. ... s" "localhost" "-foreground" "-no-remote" "-profile" "/var/folders/45/_6zmnwkn6638scvzx_7pz4_m0000gn/T/rust_mozprofileqW4Oa0"
console.warn: services.settings: Ignoring preference override of remote settings server
console.warn: services.settings: Allow by setting MOZ_REMOTE_SETTINGS_DEVTOOLS=1 in the environment
1754614002803	Marionette	INFO	Marionette enabled
console.error: "Warning: unrecognized command line flag" "-remote-allow-hosts"
1754614003508	Marionette	INFO	Listening on port 54487
WebDriver BiDi listening on ws://127.0.0.1:54479
Read port: 54487
1754614003730	RemoteAgent	WARN	TLS certificate errors will be ignored for this session
JavaScript warning: https://static.xx.fbcdn.net/rsrc.php/v4iQyZ4/yO/l/es_ES~es_LA-j/m21CcP07d-E.js, line 105: WEBGL_debug_renderer_info is deprecated in Firefox and will be removed. Please use RENDERER.
console.warn: LoginRecipes: "Falling back to a synchronous message for: https://www.facebook.com."
JavaScript warning: https://static.xx.fbcdn.net/rsrc.php/v4ihVQ4/yI/l/es_ES~es_LA-j/pHKjPQeIo-I.js, line 36: WEBGL_debug_renderer_info is deprecated in Firefox and will be removed. Please use RENDERER.
JavaScript error: resource:///modules/sessionstore/SessionStore.sys.mjs, line 3624: TypeError: this._windows[aWindow.__SSi] is undefined
1754616437789	Marionette	INFO	Stopped listening on port 54487
console.error: "Failed to fetch https://spocs.getpocket.com/user:" "NetworkError when attempting to fetch resource."
console.warn: TopSitesFeed: Failed to fetch data from Contile server: NetworkError when attempting to fetch resource.
console.error: ({})
console.error: ({})
1755022167803	geckodriver	INFO	Listening on 127.0.0.1:49368
1755022168300	mozrunner::runner	INFO	Running command: MOZ_CRASHREPORTER="1" MOZ_CRASHREPORTER_NO_REPORT="1" MOZ_CRASHREPORTER_SHUTDOWN="1" "/Applications/Firefox. ... s" "localhost" "-foreground" "-no-remote" "-profile" "/var/folders/45/_6zmnwkn6638scvzx_7pz4_m0000gn/T/rust_mozprofile3ZQpnl"
console.warn: services.settings: Ignoring preference override of remote settings server
console.warn: services.settings: Allow by setting MOZ_REMOTE_SETTINGS_DEVTOOLS=1 in the environment
1755022169297	Marionette	INFO	Marionette enabled
console.error: "Warning: unrecognized command line flag" "-remote-allow-hosts"
1755022170455	Marionette	INFO	Listening on port 49381
Read port: 49381
WebDriver BiDi listening on ws://127.0.0.1:49369
1755022170751	RemoteAgent	WARN	TLS certificate errors will be ignored for this session
JavaScript warning: https://static.xx.fbcdn.net/rsrc.php/v4iQyZ4/y7/l/es_ES~es_LA-j/je-IhMgu-2p.js, line 105: WEBGL_debug_renderer_info is deprecated in Firefox and will be removed. Please use RENDERER.
1755022205345	geckodriver	INFO	Listening on 127.0.0.1:49438
1755022205848	mozrunner::runner	INFO	Running command: MOZ_CRASHREPORTER="1" MOZ_CRASHREPORTER_NO_REPORT="1" MOZ_CRASHREPORTER_SHUTDOWN="1" "/Applications/Firefox. ... s" "localhost" "-foreground" "-no-remote" "-profile" "/var/folders/45/_6zmnwkn6638scvzx_7pz4_m0000gn/T/rust_mozprofileo19CC8"
console.warn: services.settings: Ignoring preference override of remote settings server
console.warn: services.settings: Allow by setting MOZ_REMOTE_SETTINGS_DEVTOOLS=1 in the environment
1755022206547	Marionette	INFO	Marionette enabled
console.error: "Warning: unrecognized command line flag" "-remote-allow-hosts"
1755022207342	Marionette	INFO	Listening on port 49446
Read port: 49446
WebDriver BiDi listening on ws://127.0.0.1:49439
1755022207605	RemoteAgent	WARN	TLS certificate errors will be ignored for this session
JavaScript warning: https://static.xx.fbcdn.net/rsrc.php/v4iQyZ4/y7/l/es_ES~es_LA-j/je-IhMgu-2p.js, line 105: WEBGL_debug_renderer_info is deprecated in Firefox and will be removed. Please use RENDERER.
1755022230576	geckodriver	INFO	Listening on 127.0.0.1:49490
1755022231123	mozrunner::runner	INFO	Running command: MOZ_CRASHREPORTER="1" MOZ_CRASHREPORTER_NO_REPORT="1" MOZ_CRASHREPORTER_SHUTDOWN="1" "/Applications/Firefox. ... s" "localhost" "-foreground" "-no-remote" "-profile" "/var/folders/45/_6zmnwkn6638scvzx_7pz4_m0000gn/T/rust_mozprofileTKTxSk"
console.warn: services.settings: Ignoring preference override of remote settings server
console.warn: services.settings: Allow by setting MOZ_REMOTE_SETTINGS_DEVTOOLS=1 in the environment
1755022231740	Marionette	INFO	Marionette enabled
console.error: "Warning: unrecognized command line flag" "-remote-allow-hosts"
1755022232455	Marionette	INFO	Listening on port 49498
Read port: 49498
WebDriver BiDi listening on ws://127.0.0.1:49491
1755022232707	RemoteAgent	WARN	TLS certificate errors will be ignored for this session
JavaScript warning: https://static.xx.fbcdn.net/rsrc.php/v4iQyZ4/y7/l/es_ES~es_LA-j/je-IhMgu-2p.js, line 105: WEBGL_debug_renderer_info is deprecated in Firefox and will be removed. Please use RENDERER.
1755022254112	geckodriver	INFO	Listening on 127.0.0.1:49544
1755022254618	mozrunner::runner	INFO	Running command: MOZ_CRASHREPORTER="1" MOZ_CRASHREPORTER_NO_REPORT="1" MOZ_CRASHREPORTER_SHUTDOWN="1" "/Applications/Firefox. ... s" "localhost" "-foreground" "-no-remote" "-profile" "/var/folders/45/_6zmnwkn6638scvzx_7pz4_m0000gn/T/rust_mozprofileqvMjNU"
console.warn: services.settings: Ignoring preference override of remote settings server
console.warn: services.settings: Allow by setting MOZ_REMOTE_SETTINGS_DEVTOOLS=1 in the environment
1755022255225	Marionette	INFO	Marionette enabled
console.error: "Warning: unrecognized command line flag" "-remote-allow-hosts"
1755022256020	Marionette	INFO	Listening on port 49551
Read port: 49551
WebDriver BiDi listening on ws://127.0.0.1:49545
1755022256345	RemoteAgent	WARN	TLS certificate errors will be ignored for this session
JavaScript warning: https://static.xx.fbcdn.net/rsrc.php/v4iQyZ4/y7/l/es_ES~es_LA-j/je-IhMgu-2p.js, line 105: WEBGL_debug_renderer_info is deprecated in Firefox and will be removed. Please use RENDERER.
1755022274825	geckodriver	INFO	Listening on 127.0.0.1:49587
1755022275336	mozrunner::runner	INFO	Running command: MOZ_CRASHREPORTER="1" MOZ_CRASHREPORTER_NO_REPORT="1" MOZ_CRASHREPORTER_SHUTDOWN="1" "/Applications/Firefox. ... s" "localhost" "-foreground" "-no-remote" "-profile" "/var/folders/45/_6zmnwkn6638scvzx_7pz4_m0000gn/T/rust_mozprofileJ6ENtq"
console.warn: services.settings: Ignoring preference override of remote settings server
console.warn: services.settings: Allow by setting MOZ_REMOTE_SETTINGS_DEVTOOLS=1 in the environment
1755022276153	Marionette	INFO	Marionette enabled
console.error: "Warning: unrecognized command line flag" "-remote-allow-hosts"
1755022277118	Marionette	INFO	Listening on port 49593
Read port: 49593
WebDriver BiDi listening on ws://127.0.0.1:49588
1755022277386	RemoteAgent	WARN	TLS certificate errors will be ignored for this session
JavaScript warning: https://static.xx.fbcdn.net/rsrc.php/v4iQyZ4/y7/l/es_ES~es_LA-j/je-IhMgu-2p.js, line 105: WEBGL_debug_renderer_info is deprecated in Firefox and will be removed. Please use RENDERER.
1755022296981	geckodriver	INFO	Listening on 127.0.0.1:49636
1755022297487	mozrunner::runner	INFO	Running command: MOZ_CRASHREPORTER="1" MOZ_CRASHREPORTER_NO_REPORT="1" MOZ_CRASHREPORTER_SHUTDOWN="1" "/Applications/Firefox. ... s" "localhost" "-foreground" "-no-remote" "-profile" "/var/folders/45/_6zmnwkn6638scvzx_7pz4_m0000gn/T/rust_mozprofilelyxdCK"
console.warn: services.settings: Ignoring preference override of remote settings server
console.warn: services.settings: Allow by setting MOZ_REMOTE_SETTINGS_DEVTOOLS=1 in the environment
1755022298211	Marionette	INFO	Marionette enabled
console.error: "Warning: unrecognized command line flag" "-remote-allow-hosts"
1755022299035	Marionette	INFO	Listening on port 49642
Read port: 49642
WebDriver BiDi listening on ws://127.0.0.1:49637
1755022299297	RemoteAgent	WARN	TLS certificate errors will be ignored for this session
JavaScript warning: https://static.xx.fbcdn.net/rsrc.php/v4iQyZ4/y7/l/es_ES~es_LA-j/je-IhMgu-2p.js, line 105: WEBGL_debug_renderer_info is deprecated in Firefox and will be removed. Please use RENDERER.
1755022315564	geckodriver	INFO	Listening on 127.0.0.1:49676
1755022316076	mozrunner::runner	INFO	Running command: MOZ_CRASHREPORTER="1" MOZ_CRASHREPORTER_NO_REPORT="1" MOZ_CRASHREPORTER_SHUTDOWN="1" "/Applications/Firefox. ... s" "localhost" "-foreground" "-no-remote" "-profile" "/var/folders/45/_6zmnwkn6638scvzx_7pz4_m0000gn/T/rust_mozprofile8QT0NC"
console.warn: services.settings: Ignoring preference override of remote settings server
console.warn: services.settings: Allow by setting MOZ_REMOTE_SETTINGS_DEVTOOLS=1 in the environment
1755022316883	Marionette	INFO	Marionette enabled
console.error: "Warning: unrecognized command line flag" "-remote-allow-hosts"
1755022317710	Marionette	INFO	Listening on port 49683
Read port: 49683
WebDriver BiDi listening on ws://127.0.0.1:49677
1755022317969	RemoteAgent	WARN	TLS certificate errors will be ignored for this session
JavaScript warning: https://static.xx.fbcdn.net/rsrc.php/v4iQyZ4/y7/l/es_ES~es_LA-j/je-IhMgu-2p.js, line 105: WEBGL_debug_renderer_info is deprecated in Firefox and will be removed. Please use RENDERER.
1755022335611	geckodriver	INFO	Listening on 127.0.0.1:49718
1755022336117	mozrunner::runner	INFO	Running command: MOZ_CRASHREPORTER="1" MOZ_CRASHREPORTER_NO_REPORT="1" MOZ_CRASHREPORTER_SHUTDOWN="1" "/Applications/Firefox. ... s" "localhost" "-foreground" "-no-remote" "-profile" "/var/folders/45/_6zmnwkn6638scvzx_7pz4_m0000gn/T/rust_mozprofileyLTRvB"
console.warn: services.settings: Ignoring preference override of remote settings server
console.warn: services.settings: Allow by setting MOZ_REMOTE_SETTINGS_DEVTOOLS=1 in the environment
1755022336928	Marionette	INFO	Marionette enabled
console.error: "Warning: unrecognized command line flag" "-remote-allow-hosts"
1755022337845	Marionette	INFO	Listening on port 49724
Read port: 49724
WebDriver BiDi listening on ws://127.0.0.1:49719
1755022338112	RemoteAgent	WARN	TLS certificate errors will be ignored for this session
JavaScript warning: https://static.xx.fbcdn.net/rsrc.php/v4iQyZ4/y7/l/es_ES~es_LA-j/je-IhMgu-2p.js, line 105: WEBGL_debug_renderer_info is deprecated in Firefox and will be removed. Please use RENDERER.
1755022362516	geckodriver	INFO	Listening on 127.0.0.1:49766
1755022363024	mozrunner::runner	INFO	Running command: MOZ_CRASHREPORTER="1" MOZ_CRASHREPORTER_NO_REPORT="1" MOZ_CRASHREPORTER_SHUTDOWN="1" "/Applications/Firefox. ... s" "localhost" "-foreground" "-no-remote" "-profile" "/var/folders/45/_6zmnwkn6638scvzx_7pz4_m0000gn/T/rust_mozprofileqoC60q"
console.warn: services.settings: Ignoring preference override of remote settings server
console.warn: services.settings: Allow by setting MOZ_REMOTE_SETTINGS_DEVTOOLS=1 in the environment
1755022363818	Marionette	INFO	Marionette enabled
console.error: "Warning: unrecognized command line flag" "-remote-allow-hosts"
1755022364661	Marionette	INFO	Listening on port 49774
Read port: 49774
WebDriver BiDi listening on ws://127.0.0.1:49767
1755022364921	RemoteAgent	WARN	TLS certificate errors will be ignored for this session
Exiting due to channel error.
Exiting due to channel error.
Exiting due to channel error.
Exiting due to channel error.
Exiting due to channel error.
Exiting due to channel error.
Exiting due to channel error.
Exiting due to channel error.
Exiting due to channel error.
Exiting due to channel error.
Exiting due to channel error.
Exiting due to channel error.
Exiting due to channel error.
Exiting due to channel error.
Exiting due to channel error.
Exiting due to channel error.
Exiting due to channel error.
Exiting due to channel error.
Exiting due to channel error.
Exiting due to channel error.
Exiting due to channel error.
Exiting due to channel error.
Exiting due to channel error.
Exiting due to channel error.
Exiting due to channel error.
Exiting due to channel error.
Exiting due to channel error.
Exiting due to channel error.
Exiting due to channel error.
Exiting due to channel error.
Exiting due to channel error.
Exiting due to channel error.
Exiting due to channel error.
Exiting due to channel error.
Exiting due to channel error.
[GFX1-]: CompositorBridgeChild receives IPC close with reason=AbnormalShutdown
Exiting due to channel error.
[GFX1-]: CompositorBridgeChild receives IPC close with reason=AbnormalShutdown
Exiting due to channel error.
Exiting due to channel error.
Exiting due to channel error.
Exiting due to channel error.
Exiting due to channel error.
Exiting due to channel error.
Exiting due to channel error.
[GFX1-]: CompositorBridgeChild receives IPC close with reason=AbnormalShutdown
Exiting due to channel error.
Exiting due to channel error.
1755022518616	geckodriver	INFO	Listening on 127.0.0.1:49843
1755022519132	mozrunner::runner	INFO	Running command: MOZ_CRASHREPORTER="1" MOZ_CRASHREPORTER_NO_REPORT="1" MOZ_CRASHREPORTER_SHUTDOWN="1" "/Applications/Firefox. ... s" "localhost" "-foreground" "-no-remote" "-profile" "/var/folders/45/_6zmnwkn6638scvzx_7pz4_m0000gn/T/rust_mozprofileKuzzaO"
console.warn: services.settings: Ignoring preference override of remote settings server
console.warn: services.settings: Allow by setting MOZ_REMOTE_SETTINGS_DEVTOOLS=1 in the environment
1755022519791	Marionette	INFO	Marionette enabled
console.error: "Warning: unrecognized command line flag" "-remote-allow-hosts"
1755022520449	Marionette	INFO	Listening on port 49851
WebDriver BiDi listening on ws://127.0.0.1:49844
Read port: 49851
1755022520803	RemoteAgent	WARN	TLS certificate errors will be ignored for this session
JavaScript warning: https://static.xx.fbcdn.net/rsrc.php/v4iQyZ4/y7/l/es_ES~es_LA-j/je-IhMgu-2p.js, line 105: WEBGL_debug_renderer_info is deprecated in Firefox and will be removed. Please use RENDERER.
JavaScript error: resource:///modules/sessionstore/SessionStore.sys.mjs, line 3624: TypeError: this._windows[aWindow.__SSi] is undefined
JavaScript error: , line 0: NotFoundError: No such JSProcessActor 'DevToolsProcess'
JavaScript error: , line 0: NotFoundError: No such JSProcessActor 'DevToolsProcess'
JavaScript error: , line 0: NotFoundError: No such JSProcessActor 'DevToolsProcess'
1755022677023	geckodriver	INFO	Listening on 127.0.0.1:49944
1755022677535	mozrunner::runner	INFO	Running command: MOZ_CRASHREPORTER="1" MOZ_CRASHREPORTER_NO_REPORT="1" MOZ_CRASHREPORTER_SHUTDOWN="1" "/Applications/Firefox. ... s" "localhost" "-foreground" "-no-remote" "-profile" "/var/folders/45/_6zmnwkn6638scvzx_7pz4_m0000gn/T/rust_mozprofilewhx3NV"
console.warn: services.settings: Ignoring preference override of remote settings server
console.warn: services.settings: Allow by setting MOZ_REMOTE_SETTINGS_DEVTOOLS=1 in the environment
1755022678106	Marionette	INFO	Marionette enabled
console.error: "Warning: unrecognized command line flag" "-remote-allow-hosts"
1755022678735	Marionette	INFO	Listening on port 49952
WebDriver BiDi listening on ws://127.0.0.1:49945
Read port: 49952
1755022679047	RemoteAgent	WARN	TLS certificate errors will be ignored for this session
JavaScript warning: https://static.xx.fbcdn.net/rsrc.php/v4iQyZ4/y7/l/es_ES~es_LA-j/je-IhMgu-2p.js, line 105: WEBGL_debug_renderer_info is deprecated in Firefox and will be removed. Please use RENDERER.
1755022783664	geckodriver	INFO	Listening on 127.0.0.1:50024
1755022784172	mozrunner::runner	INFO	Running command: MOZ_CRASHREPORTER="1" MOZ_CRASHREPORTER_NO_REPORT="1" MOZ_CRASHREPORTER_SHUTDOWN="1" "/Applications/Firefox. ... s" "localhost" "-foreground" "-no-remote" "-profile" "/var/folders/45/_6zmnwkn6638scvzx_7pz4_m0000gn/T/rust_mozprofileYce0SQ"
console.warn: services.settings: Ignoring preference override of remote settings server
console.warn: services.settings: Allow by setting MOZ_REMOTE_SETTINGS_DEVTOOLS=1 in the environment
1755022784742	Marionette	INFO	Marionette enabled
console.error: "Warning: unrecognized command line flag" "-remote-allow-hosts"
1755022785375	Marionette	INFO	Listening on port 50034
WebDriver BiDi listening on ws://127.0.0.1:50025
Read port: 50034
1755022785671	RemoteAgent	WARN	TLS certificate errors will be ignored for this session
JavaScript warning: https://static.xx.fbcdn.net/rsrc.php/v4iQyZ4/y7/l/es_ES~es_LA-j/je-IhMgu-2p.js, line 105: WEBGL_debug_renderer_info is deprecated in Firefox and will be removed. Please use RENDERER.
JavaScript error: resource://gre/modules/PrivateBrowsingUtils.sys.mjs, line 19: TypeError: aWindow is null
1755022865993	geckodriver	INFO	Listening on 127.0.0.1:50099
1755022866504	mozrunner::runner	INFO	Running command: MOZ_CRASHREPORTER="1" MOZ_CRASHREPORTER_NO_REPORT="1" MOZ_CRASHREPORTER_SHUTDOWN="1" "/Applications/Firefox. ... s" "localhost" "-foreground" "-no-remote" "-profile" "/var/folders/45/_6zmnwkn6638scvzx_7pz4_m0000gn/T/rust_mozprofileuk3iaP"
console.warn: services.settings: Ignoring preference override of remote settings server
console.warn: services.settings: Allow by setting MOZ_REMOTE_SETTINGS_DEVTOOLS=1 in the environment
1755022867081	Marionette	INFO	Marionette enabled
console.error: "Warning: unrecognized command line flag" "-remote-allow-hosts"
1755022867707	Marionette	INFO	Listening on port 50107
WebDriver BiDi listening on ws://127.0.0.1:50100
Read port: 50107
1755022868055	RemoteAgent	WARN	TLS certificate errors will be ignored for this session
JavaScript warning: https://static.xx.fbcdn.net/rsrc.php/v4iQyZ4/y7/l/es_ES~es_LA-j/je-IhMgu-2p.js, line 105: WEBGL_debug_renderer_info is deprecated in Firefox and will be removed. Please use RENDERER.
1755022890582	geckodriver	INFO	Listening on 127.0.0.1:50150
1755022891088	mozrunner::runner	INFO	Running command: MOZ_CRASHREPORTER="1" MOZ_CRASHREPORTER_NO_REPORT="1" MOZ_CRASHREPORTER_SHUTDOWN="1" "/Applications/Firefox. ... s" "localhost" "-foreground" "-no-remote" "-profile" "/var/folders/45/_6zmnwkn6638scvzx_7pz4_m0000gn/T/rust_mozprofilew98yB4"
console.warn: services.settings: Ignoring preference override of remote settings server
console.warn: services.settings: Allow by setting MOZ_REMOTE_SETTINGS_DEVTOOLS=1 in the environment
1755022891665	Marionette	INFO	Marionette enabled
console.error: "Warning: unrecognized command line flag" "-remote-allow-hosts"
1755022892307	Marionette	INFO	Listening on port 50156
WebDriver BiDi listening on ws://127.0.0.1:50151
Read port: 50156
1755022892609	RemoteAgent	WARN	TLS certificate errors will be ignored for this session
JavaScript warning: https://static.xx.fbcdn.net/rsrc.php/v4iQyZ4/y7/l/es_ES~es_LA-j/je-IhMgu-2p.js, line 105: WEBGL_debug_renderer_info is deprecated in Firefox and will be removed. Please use RENDERER.
1755022918764	geckodriver	INFO	Listening on 127.0.0.1:50198
1755022919268	mozrunner::runner	INFO	Running command: MOZ_CRASHREPORTER="1" MOZ_CRASHREPORTER_NO_REPORT="1" MOZ_CRASHREPORTER_SHUTDOWN="1" "/Applications/Firefox. ... s" "localhost" "-foreground" "-no-remote" "-profile" "/var/folders/45/_6zmnwkn6638scvzx_7pz4_m0000gn/T/rust_mozprofile86lowz"
console.warn: services.settings: Ignoring preference override of remote settings server
console.warn: services.settings: Allow by setting MOZ_REMOTE_SETTINGS_DEVTOOLS=1 in the environment
1755022919847	Marionette	INFO	Marionette enabled
console.error: "Warning: unrecognized command line flag" "-remote-allow-hosts"
1755022920487	Marionette	INFO	Listening on port 50204
WebDriver BiDi listening on ws://127.0.0.1:50199
Read port: 50204
1755022920787	RemoteAgent	WARN	TLS certificate errors will be ignored for this session
JavaScript warning: https://static.xx.fbcdn.net/rsrc.php/v4iQyZ4/y7/l/es_ES~es_LA-j/je-IhMgu-2p.js, line 105: WEBGL_debug_renderer_info is deprecated in Firefox and will be removed. Please use RENDERER.
1755022943662	geckodriver	INFO	Listening on 127.0.0.1:50248
1755022944168	mozrunner::runner	INFO	Running command: MOZ_CRASHREPORTER="1" MOZ_CRASHREPORTER_NO_REPORT="1" MOZ_CRASHREPORTER_SHUTDOWN="1" "/Applications/Firefox. ... s" "localhost" "-foreground" "-no-remote" "-profile" "/var/folders/45/_6zmnwkn6638scvzx_7pz4_m0000gn/T/rust_mozprofileTiEJiY"
console.warn: services.settings: Ignoring preference override of remote settings server
console.warn: services.settings: Allow by setting MOZ_REMOTE_SETTINGS_DEVTOOLS=1 in the environment
1755022944735	Marionette	INFO	Marionette enabled
console.error: "Warning: unrecognized command line flag" "-remote-allow-hosts"
1755022945371	Marionette	INFO	Listening on port 50256
WebDriver BiDi listening on ws://127.0.0.1:50249
Read port: 50256
1755022945668	RemoteAgent	WARN	TLS certificate errors will be ignored for this session
JavaScript warning: https://static.xx.fbcdn.net/rsrc.php/v4iQyZ4/y7/l/es_ES~es_LA-j/je-IhMgu-2p.js, line 105: WEBGL_debug_renderer_info is deprecated in Firefox and will be removed. Please use RENDERER.
1755022961977	geckodriver	INFO	Listening on 127.0.0.1:50286
1755022962491	mozrunner::runner	INFO	Running command: MOZ_CRASHREPORTER="1" MOZ_CRASHREPORTER_NO_REPORT="1" MOZ_CRASHREPORTER_SHUTDOWN="1" "/Applications/Firefox. ... s" "localhost" "-foreground" "-no-remote" "-profile" "/var/folders/45/_6zmnwkn6638scvzx_7pz4_m0000gn/T/rust_mozprofilefalVhW"
console.warn: services.settings: Ignoring preference override of remote settings server
console.warn: services.settings: Allow by setting MOZ_REMOTE_SETTINGS_DEVTOOLS=1 in the environment
1755022963116	Marionette	INFO	Marionette enabled
console.error: "Warning: unrecognized command line flag" "-remote-allow-hosts"
1755022963747	Marionette	INFO	Listening on port 50293
WebDriver BiDi listening on ws://127.0.0.1:50287
Read port: 50293
1755022964097	RemoteAgent	WARN	TLS certificate errors will be ignored for this session
JavaScript warning: https://static.xx.fbcdn.net/rsrc.php/v4iQyZ4/y7/l/es_ES~es_LA-j/je-IhMgu-2p.js, line 105: WEBGL_debug_renderer_info is deprecated in Firefox and will be removed. Please use RENDERER.
1755022980258	geckodriver	INFO	Listening on 127.0.0.1:50326
1755022980764	mozrunner::runner	INFO	Running command: MOZ_CRASHREPORTER="1" MOZ_CRASHREPORTER_NO_REPORT="1" MOZ_CRASHREPORTER_SHUTDOWN="1" "/Applications/Firefox. ... s" "localhost" "-foreground" "-no-remote" "-profile" "/var/folders/45/_6zmnwkn6638scvzx_7pz4_m0000gn/T/rust_mozprofileEfNFom"
console.warn: services.settings: Ignoring preference override of remote settings server
console.warn: services.settings: Allow by setting MOZ_REMOTE_SETTINGS_DEVTOOLS=1 in the environment
1755022981366	Marionette	INFO	Marionette enabled
console.error: "Warning: unrecognized command line flag" "-remote-allow-hosts"
1755022982190	Marionette	INFO	Listening on port 50332
Read port: 50332
WebDriver BiDi listening on ws://127.0.0.1:50327
1755022982450	RemoteAgent	WARN	TLS certificate errors will be ignored for this session
JavaScript warning: https://static.xx.fbcdn.net/rsrc.php/v4iQyZ4/y7/l/es_ES~es_LA-j/je-IhMgu-2p.js, line 105: WEBGL_debug_renderer_info is deprecated in Firefox and will be removed. Please use RENDERER.
1755023002368	geckodriver	INFO	Listening on 127.0.0.1:50366
1755023002881	mozrunner::runner	INFO	Running command: MOZ_CRASHREPORTER="1" MOZ_CRASHREPORTER_NO_REPORT="1" MOZ_CRASHREPORTER_SHUTDOWN="1" "/Applications/Firefox. ... s" "localhost" "-foreground" "-no-remote" "-profile" "/var/folders/45/_6zmnwkn6638scvzx_7pz4_m0000gn/T/rust_mozprofilelXo8ho"
console.warn: services.settings: Ignoring preference override of remote settings server
console.warn: services.settings: Allow by setting MOZ_REMOTE_SETTINGS_DEVTOOLS=1 in the environment
1755023003656	Marionette	INFO	Marionette enabled
console.error: "Warning: unrecognized command line flag" "-remote-allow-hosts"
1755023004330	Marionette	INFO	Listening on port 50372
Read port: 50372
WebDriver BiDi listening on ws://127.0.0.1:50367
1755023004591	RemoteAgent	WARN	TLS certificate errors will be ignored for this session
JavaScript warning: https://static.xx.fbcdn.net/rsrc.php/v4iQyZ4/y7/l/es_ES~es_LA-j/je-IhMgu-2p.js, line 105: WEBGL_debug_renderer_info is deprecated in Firefox and will be removed. Please use RENDERER.
1755023021070	geckodriver	INFO	Listening on 127.0.0.1:50411
1755023021581	mozrunner::runner	INFO	Running command: MOZ_CRASHREPORTER="1" MOZ_CRASHREPORTER_NO_REPORT="1" MOZ_CRASHREPORTER_SHUTDOWN="1" "/Applications/Firefox. ... s" "localhost" "-foreground" "-no-remote" "-profile" "/var/folders/45/_6zmnwkn6638scvzx_7pz4_m0000gn/T/rust_mozprofileGNCDXf"
console.warn: services.settings: Ignoring preference override of remote settings server
console.warn: services.settings: Allow by setting MOZ_REMOTE_SETTINGS_DEVTOOLS=1 in the environment
1755023022344	Marionette	INFO	Marionette enabled
console.error: "Warning: unrecognized command line flag" "-remote-allow-hosts"
1755023023181	Marionette	INFO	Listening on port 50417
Read port: 50417
WebDriver BiDi listening on ws://127.0.0.1:50412
1755023023449	RemoteAgent	WARN	TLS certificate errors will be ignored for this session
JavaScript warning: https://static.xx.fbcdn.net/rsrc.php/v4iQyZ4/y7/l/es_ES~es_LA-j/je-IhMgu-2p.js, line 105: WEBGL_debug_renderer_info is deprecated in Firefox and will be removed. Please use RENDERER.
1755023046218	geckodriver	INFO	Listening on 127.0.0.1:50462
1755023046727	mozrunner::runner	INFO	Running command: MOZ_CRASHREPORTER="1" MOZ_CRASHREPORTER_NO_REPORT="1" MOZ_CRASHREPORTER_SHUTDOWN="1" "/Applications/Firefox. ... s" "localhost" "-foreground" "-no-remote" "-profile" "/var/folders/45/_6zmnwkn6638scvzx_7pz4_m0000gn/T/rust_mozprofileoqzm1j"
console.warn: services.settings: Ignoring preference override of remote settings server
console.warn: services.settings: Allow by setting MOZ_REMOTE_SETTINGS_DEVTOOLS=1 in the environment
1755023047542	Marionette	INFO	Marionette enabled
console.error: "Warning: unrecognized command line flag" "-remote-allow-hosts"
1755023048426	Marionette	INFO	Listening on port 50469
Read port: 50469
WebDriver BiDi listening on ws://127.0.0.1:50463
1755023048692	RemoteAgent	WARN	TLS certificate errors will be ignored for this session
JavaScript warning: https://static.xx.fbcdn.net/rsrc.php/v4iQyZ4/y7/l/es_ES~es_LA-j/je-IhMgu-2p.js, line 105: WEBGL_debug_renderer_info is deprecated in Firefox and will be removed. Please use RENDERER.
1755023071454	geckodriver	INFO	Listening on 127.0.0.1:50510
1755023071966	mozrunner::runner	INFO	Running command: MOZ_CRASHREPORTER="1" MOZ_CRASHREPORTER_NO_REPORT="1" MOZ_CRASHREPORTER_SHUTDOWN="1" "/Applications/Firefox. ... s" "localhost" "-foreground" "-no-remote" "-profile" "/var/folders/45/_6zmnwkn6638scvzx_7pz4_m0000gn/T/rust_mozprofile4LSdlX"
console.warn: services.settings: Ignoring preference override of remote settings server
console.warn: services.settings: Allow by setting MOZ_REMOTE_SETTINGS_DEVTOOLS=1 in the environment
1755023072717	Marionette	INFO	Marionette enabled
console.error: "Warning: unrecognized command line flag" "-remote-allow-hosts"
1755023073619	Marionette	INFO	Listening on port 50516
Read port: 50516
WebDriver BiDi listening on ws://127.0.0.1:50511
1755023073870	RemoteAgent	WARN	TLS certificate errors will be ignored for this session
JavaScript warning: https://static.xx.fbcdn.net/rsrc.php/v4iQyZ4/y7/l/es_ES~es_LA-j/je-IhMgu-2p.js, line 105: WEBGL_debug_renderer_info is deprecated in Firefox and will be removed. Please use RENDERER.
1755023091564	geckodriver	INFO	Listening on 127.0.0.1:50554
1755023092071	mozrunner::runner	INFO	Running command: MOZ_CRASHREPORTER="1" MOZ_CRASHREPORTER_NO_REPORT="1" MOZ_CRASHREPORTER_SHUTDOWN="1" "/Applications/Firefox. ... s" "localhost" "-foreground" "-no-remote" "-profile" "/var/folders/45/_6zmnwkn6638scvzx_7pz4_m0000gn/T/rust_mozprofilefMn6l5"
console.warn: services.settings: Ignoring preference override of remote settings server
console.warn: services.settings: Allow by setting MOZ_REMOTE_SETTINGS_DEVTOOLS=1 in the environment
1755023092901	Marionette	INFO	Marionette enabled
console.error: "Warning: unrecognized command line flag" "-remote-allow-hosts"
1755023093810	Marionette	INFO	Listening on port 50560
Read port: 50560
WebDriver BiDi listening on ws://127.0.0.1:50555
1755023094079	RemoteAgent	WARN	TLS certificate errors will be ignored for this session
JavaScript warning: https://static.xx.fbcdn.net/rsrc.php/v4iQyZ4/y7/l/es_ES~es_LA-j/je-IhMgu-2p.js, line 105: WEBGL_debug_renderer_info is deprecated in Firefox and will be removed. Please use RENDERER.
1755023111657	geckodriver	INFO	Listening on 127.0.0.1:50592
1755023112165	mozrunner::runner	INFO	Running command: MOZ_CRASHREPORTER="1" MOZ_CRASHREPORTER_NO_REPORT="1" MOZ_CRASHREPORTER_SHUTDOWN="1" "/Applications/Firefox. ... s" "localhost" "-foreground" "-no-remote" "-profile" "/var/folders/45/_6zmnwkn6638scvzx_7pz4_m0000gn/T/rust_mozprofilegN5lGz"
console.warn: services.settings: Ignoring preference override of remote settings server
console.warn: services.settings: Allow by setting MOZ_REMOTE_SETTINGS_DEVTOOLS=1 in the environment
1755023112904	Marionette	INFO	Marionette enabled
console.error: "Warning: unrecognized command line flag" "-remote-allow-hosts"
1755023113724	Marionette	INFO	Listening on port 50599
Read port: 50599
WebDriver BiDi listening on ws://127.0.0.1:50593
1755023113984	RemoteAgent	WARN	TLS certificate errors will be ignored for this session
JavaScript warning: https://static.xx.fbcdn.net/rsrc.php/v4iQyZ4/y7/l/es_ES~es_LA-j/je-IhMgu-2p.js, line 105: WEBGL_debug_renderer_info is deprecated in Firefox and will be removed. Please use RENDERER.
1755023144416	geckodriver	INFO	Listening on 127.0.0.1:50633
1755023144921	mozrunner::runner	INFO	Running command: MOZ_CRASHREPORTER="1" MOZ_CRASHREPORTER_NO_REPORT="1" MOZ_CRASHREPORTER_SHUTDOWN="1" "/Applications/Firefox. ... s" "localhost" "-foreground" "-no-remote" "-profile" "/var/folders/45/_6zmnwkn6638scvzx_7pz4_m0000gn/T/rust_mozprofilexE1OWG"
console.warn: services.settings: Ignoring preference override of remote settings server
console.warn: services.settings: Allow by setting MOZ_REMOTE_SETTINGS_DEVTOOLS=1 in the environment
1755023145737	Marionette	INFO	Marionette enabled
console.error: "Warning: unrecognized command line flag" "-remote-allow-hosts"
1755023147228	Marionette	INFO	Listening on port 50644
Read port: 50644
WebDriver BiDi listening on ws://127.0.0.1:50634
1755023147540	RemoteAgent	WARN	TLS certificate errors will be ignored for this session
JavaScript warning: https://static.xx.fbcdn.net/rsrc.php/v4iQyZ4/y7/l/es_ES~es_LA-j/je-IhMgu-2p.js, line 105: WEBGL_debug_renderer_info is deprecated in Firefox and will be removed. Please use RENDERER.
1755023165338	geckodriver	INFO	Listening on 127.0.0.1:50672
1755023165845	mozrunner::runner	INFO	Running command: MOZ_CRASHREPORTER="1" MOZ_CRASHREPORTER_NO_REPORT="1" MOZ_CRASHREPORTER_SHUTDOWN="1" "/Applications/Firefox. ... s" "localhost" "-foreground" "-no-remote" "-profile" "/var/folders/45/_6zmnwkn6638scvzx_7pz4_m0000gn/T/rust_mozprofileSwDlP9"
console.warn: services.settings: Ignoring preference override of remote settings server
console.warn: services.settings: Allow by setting MOZ_REMOTE_SETTINGS_DEVTOOLS=1 in the environment
1755023166622	Marionette	INFO	Marionette enabled
console.error: "Warning: unrecognized command line flag" "-remote-allow-hosts"
1755023168152	Marionette	INFO	Listening on port 50680
Read port: 50680
WebDriver BiDi listening on ws://127.0.0.1:50673
1755023168456	RemoteAgent	WARN	TLS certificate errors will be ignored for this session
JavaScript warning: https://static.xx.fbcdn.net/rsrc.php/v4iQyZ4/y7/l/es_ES~es_LA-j/je-IhMgu-2p.js, line 105: WEBGL_debug_renderer_info is deprecated in Firefox and will be removed. Please use RENDERER.
1755023185573	geckodriver	INFO	Listening on 127.0.0.1:50712
1755023186080	mozrunner::runner	INFO	Running command: MOZ_CRASHREPORTER="1" MOZ_CRASHREPORTER_NO_REPORT="1" MOZ_CRASHREPORTER_SHUTDOWN="1" "/Applications/Firefox. ... s" "localhost" "-foreground" "-no-remote" "-profile" "/var/folders/45/_6zmnwkn6638scvzx_7pz4_m0000gn/T/rust_mozprofileGleId9"
console.warn: services.settings: Ignoring preference override of remote settings server
console.warn: services.settings: Allow by setting MOZ_REMOTE_SETTINGS_DEVTOOLS=1 in the environment
1755023186921	Marionette	INFO	Marionette enabled
console.error: "Warning: unrecognized command line flag" "-remote-allow-hosts"
1755023188259	Marionette	INFO	Listening on port 50720
Read port: 50720
WebDriver BiDi listening on ws://127.0.0.1:50713
1755023188679	RemoteAgent	WARN	TLS certificate errors will be ignored for this session
JavaScript warning: https://static.xx.fbcdn.net/rsrc.php/v4iQyZ4/y7/l/es_ES~es_LA-j/je-IhMgu-2p.js, line 105: WEBGL_debug_renderer_info is deprecated in Firefox and will be removed. Please use RENDERER.
1755023206334	geckodriver	INFO	Listening on 127.0.0.1:50762
1755023206831	mozrunner::runner	INFO	Running command: MOZ_CRASHREPORTER="1" MOZ_CRASHREPORTER_NO_REPORT="1" MOZ_CRASHREPORTER_SHUTDOWN="1" "/Applications/Firefox. ... s" "localhost" "-foreground" "-no-remote" "-profile" "/var/folders/45/_6zmnwkn6638scvzx_7pz4_m0000gn/T/rust_mozprofileDXNm6l"
console.warn: services.settings: Ignoring preference override of remote settings server
console.warn: services.settings: Allow by setting MOZ_REMOTE_SETTINGS_DEVTOOLS=1 in the environment
1755023207638	Marionette	INFO	Marionette enabled
console.error: "Warning: unrecognized command line flag" "-remote-allow-hosts"
1755023208886	Marionette	INFO	Listening on port 50768
Read port: 50768
WebDriver BiDi listening on ws://127.0.0.1:50763
1755023209197	RemoteAgent	WARN	TLS certificate errors will be ignored for this session
JavaScript warning: https://static.xx.fbcdn.net/rsrc.php/v4iQyZ4/y7/l/es_ES~es_LA-j/je-IhMgu-2p.js, line 105: WEBGL_debug_renderer_info is deprecated in Firefox and will be removed. Please use RENDERER.
1755023231029	geckodriver	INFO	Listening on 127.0.0.1:50812
1755023231539	mozrunner::runner	INFO	Running command: MOZ_CRASHREPORTER="1" MOZ_CRASHREPORTER_NO_REPORT="1" MOZ_CRASHREPORTER_SHUTDOWN="1" "/Applications/Firefox. ... s" "localhost" "-foreground" "-no-remote" "-profile" "/var/folders/45/_6zmnwkn6638scvzx_7pz4_m0000gn/T/rust_mozprofilecxzAsD"
console.warn: services.settings: Ignoring preference override of remote settings server
console.warn: services.settings: Allow by setting MOZ_REMOTE_SETTINGS_DEVTOOLS=1 in the environment
1755023232609	Marionette	INFO	Marionette enabled
console.error: "Warning: unrecognized command line flag" "-remote-allow-hosts"
1755023234136	Marionette	INFO	Listening on port 50820
Read port: 50820
WebDriver BiDi listening on ws://127.0.0.1:50813
1755023234784	RemoteAgent	WARN	TLS certificate errors will be ignored for this session
JavaScript warning: https://static.xx.fbcdn.net/rsrc.php/v4iQyZ4/y7/l/es_ES~es_LA-j/je-IhMgu-2p.js, line 105: WEBGL_debug_renderer_info is deprecated in Firefox and will be removed. Please use RENDERER.
1755023254220	geckodriver	INFO	Listening on 127.0.0.1:50865
1755023254712	mozrunner::runner	INFO	Running command: MOZ_CRASHREPORTER="1" MOZ_CRASHREPORTER_NO_REPORT="1" MOZ_CRASHREPORTER_SHUTDOWN="1" "/Applications/Firefox. ... s" "localhost" "-foreground" "-no-remote" "-profile" "/var/folders/45/_6zmnwkn6638scvzx_7pz4_m0000gn/T/rust_mozprofilesx4dnH"
console.warn: services.settings: Ignoring preference override of remote settings server
console.warn: services.settings: Allow by setting MOZ_REMOTE_SETTINGS_DEVTOOLS=1 in the environment
1755023255834	Marionette	INFO	Marionette enabled
console.error: "Warning: unrecognized command line flag" "-remote-allow-hosts"
1755023257542	Marionette	INFO	Listening on port 50873
Read port: 50873
WebDriver BiDi listening on ws://127.0.0.1:50866
1755023258302	RemoteAgent	WARN	TLS certificate errors will be ignored for this session
JavaScript warning: https://static.xx.fbcdn.net/rsrc.php/v4iQyZ4/y7/l/es_ES~es_LA-j/je-IhMgu-2p.js, line 105: WEBGL_debug_renderer_info is deprecated in Firefox and will be removed. Please use RENDERER.
1755023279821	geckodriver	INFO	Listening on 127.0.0.1:50916
1755023280304	mozrunner::runner	INFO	Running command: MOZ_CRASHREPORTER="1" MOZ_CRASHREPORTER_NO_REPORT="1" MOZ_CRASHREPORTER_SHUTDOWN="1" "/Applications/Firefox. ... s" "localhost" "-foreground" "-no-remote" "-profile" "/var/folders/45/_6zmnwkn6638scvzx_7pz4_m0000gn/T/rust_mozprofilef1E8Ly"
console.warn: services.settings: Ignoring preference override of remote settings server
console.warn: services.settings: Allow by setting MOZ_REMOTE_SETTINGS_DEVTOOLS=1 in the environment
1755023281318	Marionette	INFO	Marionette enabled
console.error: "Warning: unrecognized command line flag" "-remote-allow-hosts"
1755023283097	Marionette	INFO	Listening on port 50922
Read port: 50922
WebDriver BiDi listening on ws://127.0.0.1:50917
1755023283438	RemoteAgent	WARN	TLS certificate errors will be ignored for this session
JavaScript warning: https://static.xx.fbcdn.net/rsrc.php/v4iQyZ4/y7/l/es_ES~es_LA-j/je-IhMgu-2p.js, line 105: WEBGL_debug_renderer_info is deprecated in Firefox and will be removed. Please use RENDERER.
1755023301140	geckodriver	INFO	Listening on 127.0.0.1:50963
1755023301634	mozrunner::runner	INFO	Running command: MOZ_CRASHREPORTER="1" MOZ_CRASHREPORTER_NO_REPORT="1" MOZ_CRASHREPORTER_SHUTDOWN="1" "/Applications/Firefox. ... s" "localhost" "-foreground" "-no-remote" "-profile" "/var/folders/45/_6zmnwkn6638scvzx_7pz4_m0000gn/T/rust_mozprofileZS1B1W"
console.warn: services.settings: Ignoring preference override of remote settings server
console.warn: services.settings: Allow by setting MOZ_REMOTE_SETTINGS_DEVTOOLS=1 in the environment
1755023302450	Marionette	INFO	Marionette enabled
console.error: "Warning: unrecognized command line flag" "-remote-allow-hosts"
1755023304056	Marionette	INFO	Listening on port 50969
Read port: 50969
WebDriver BiDi listening on ws://127.0.0.1:50964
1755023304372	RemoteAgent	WARN	TLS certificate errors will be ignored for this session
JavaScript warning: https://static.xx.fbcdn.net/rsrc.php/v4iQyZ4/y7/l/es_ES~es_LA-j/je-IhMgu-2p.js, line 105: WEBGL_debug_renderer_info is deprecated in Firefox and will be removed. Please use RENDERER.
1755023330174	geckodriver	INFO	Listening on 127.0.0.1:51014
1755023330671	mozrunner::runner	INFO	Running command: MOZ_CRASHREPORTER="1" MOZ_CRASHREPORTER_NO_REPORT="1" MOZ_CRASHREPORTER_SHUTDOWN="1" "/Applications/Firefox. ... s" "localhost" "-foreground" "-no-remote" "-profile" "/var/folders/45/_6zmnwkn6638scvzx_7pz4_m0000gn/T/rust_mozprofile5Bhw1T"
console.warn: services.settings: Ignoring preference override of remote settings server
console.warn: services.settings: Allow by setting MOZ_REMOTE_SETTINGS_DEVTOOLS=1 in the environment
1755023332293	Marionette	INFO	Marionette enabled
console.error: "Warning: unrecognized command line flag" "-remote-allow-hosts"
1755023335228	Marionette	INFO	Listening on port 51022
Read port: 51022
WebDriver BiDi listening on ws://127.0.0.1:51015
1755023336194	RemoteAgent	WARN	TLS certificate errors will be ignored for this session
JavaScript warning: https://static.xx.fbcdn.net/rsrc.php/v4iQyZ4/y7/l/es_ES~es_LA-j/je-IhMgu-2p.js, line 105: WEBGL_debug_renderer_info is deprecated in Firefox and will be removed. Please use RENDERER.
1755023366513	geckodriver	INFO	Listening on 127.0.0.1:51061
1755023367014	mozrunner::runner	INFO	Running command: MOZ_CRASHREPORTER="1" MOZ_CRASHREPORTER_NO_REPORT="1" MOZ_CRASHREPORTER_SHUTDOWN="1" "/Applications/Firefox. ... s" "localhost" "-foreground" "-no-remote" "-profile" "/var/folders/45/_6zmnwkn6638scvzx_7pz4_m0000gn/T/rust_mozprofileVR4q7m"
console.warn: services.settings: Ignoring preference override of remote settings server
console.warn: services.settings: Allow by setting MOZ_REMOTE_SETTINGS_DEVTOOLS=1 in the environment
1755023368328	Marionette	INFO	Marionette enabled
console.error: "Warning: unrecognized command line flag" "-remote-allow-hosts"
1755023371073	Marionette	INFO	Listening on port 51073
Read port: 51073
WebDriver BiDi listening on ws://127.0.0.1:51062
1755023372079	RemoteAgent	WARN	TLS certificate errors will be ignored for this session
1755023387998	Marionette	WARN	TimedPromise timed out after 500 ms: stacktrace:
TimedPromise/<@chrome://remote/content/marionette/sync.sys.mjs:206:24
TimedPromise@chrome://remote/content/marionette/sync.sys.mjs:190:10
interaction.flushEventLoop@chrome://remote/content/marionette/interaction.sys.mjs:467:10
webdriverClickElement@chrome://remote/content/marionette/interaction.sys.mjs:220:33
JavaScript warning: https://static.xx.fbcdn.net/rsrc.php/v4iQyZ4/y7/l/es_ES~es_LA-j/je-IhMgu-2p.js, line 105: WEBGL_debug_renderer_info is deprecated in Firefox and will be removed. Please use RENDERER.
1755023408790	geckodriver	INFO	Listening on 127.0.0.1:51118
1755023409295	mozrunner::runner	INFO	Running command: MOZ_CRASHREPORTER="1" MOZ_CRASHREPORTER_NO_REPORT="1" MOZ_CRASHREPORTER_SHUTDOWN="1" "/Applications/Firefox. ... s" "localhost" "-foreground" "-no-remote" "-profile" "/var/folders/45/_6zmnwkn6638scvzx_7pz4_m0000gn/T/rust_mozprofileoZ5KNV"
console.warn: services.settings: Ignoring preference override of remote settings server
console.warn: services.settings: Allow by setting MOZ_REMOTE_SETTINGS_DEVTOOLS=1 in the environment
1755023411328	Marionette	INFO	Marionette enabled
console.error: "Warning: unrecognized command line flag" "-remote-allow-hosts"
1755023415597	Marionette	INFO	Listening on port 51131
Read port: 51131
WebDriver BiDi listening on ws://127.0.0.1:51119
1755023416722	RemoteAgent	WARN	TLS certificate errors will be ignored for this session
1755023432330	Marionette	WARN	TimedPromise timed out after 500 ms: stacktrace:
TimedPromise/<@chrome://remote/content/marionette/sync.sys.mjs:206:24
TimedPromise@chrome://remote/content/marionette/sync.sys.mjs:190:10
interaction.flushEventLoop@chrome://remote/content/marionette/interaction.sys.mjs:467:10
webdriverClickElement@chrome://remote/content/marionette/interaction.sys.mjs:220:33
JavaScript warning: https://static.xx.fbcdn.net/rsrc.php/v4iQyZ4/y7/l/es_ES~es_LA-j/je-IhMgu-2p.js, line 105: WEBGL_debug_renderer_info is deprecated in Firefox and will be removed. Please use RENDERER.
1755023451259	geckodriver	INFO	Listening on 127.0.0.1:51169
1755023451770	mozrunner::runner	INFO	Running command: MOZ_CRASHREPORTER="1" MOZ_CRASHREPORTER_NO_REPORT="1" MOZ_CRASHREPORTER_SHUTDOWN="1" "/Applications/Firefox. ... s" "localhost" "-foreground" "-no-remote" "-profile" "/var/folders/45/_6zmnwkn6638scvzx_7pz4_m0000gn/T/rust_mozprofileYEyh6j"
console.warn: services.settings: Ignoring preference override of remote settings server
console.warn: services.settings: Allow by setting MOZ_REMOTE_SETTINGS_DEVTOOLS=1 in the environment
1755023453496	Marionette	INFO	Marionette enabled
console.error: "Warning: unrecognized command line flag" "-remote-allow-hosts"
1755023455889	Marionette	INFO	Listening on port 51177
Read port: 51177
WebDriver BiDi listening on ws://127.0.0.1:51170
1755023456478	RemoteAgent	WARN	TLS certificate errors will be ignored for this session
JavaScript warning: https://static.xx.fbcdn.net/rsrc.php/v4iQyZ4/y7/l/es_ES~es_LA-j/je-IhMgu-2p.js, line 105: WEBGL_debug_renderer_info is deprecated in Firefox and will be removed. Please use RENDERER.
1755023495944	geckodriver	INFO	Listening on 127.0.0.1:51213
1755023496396	mozrunner::runner	INFO	Running command: MOZ_CRASHREPORTER="1" MOZ_CRASHREPORTER_NO_REPORT="1" MOZ_CRASHREPORTER_SHUTDOWN="1" "/Applications/Firefox. ... s" "localhost" "-foreground" "-no-remote" "-profile" "/var/folders/45/_6zmnwkn6638scvzx_7pz4_m0000gn/T/rust_mozprofileBH3o9K"
console.warn: services.settings: Ignoring preference override of remote settings server
console.warn: services.settings: Allow by setting MOZ_REMOTE_SETTINGS_DEVTOOLS=1 in the environment
1755023498181	Marionette	INFO	Marionette enabled
console.error: "Warning: unrecognized command line flag" "-remote-allow-hosts"
1755023502513	Marionette	INFO	Listening on port 51222
Read port: 51222
WebDriver BiDi listening on ws://127.0.0.1:51214
1755023503341	RemoteAgent	WARN	TLS certificate errors will be ignored for this session
1755023520436	Marionette	WARN	TimedPromise timed out after 500 ms: stacktrace:
TimedPromise/<@chrome://remote/content/marionette/sync.sys.mjs:206:24
TimedPromise@chrome://remote/content/marionette/sync.sys.mjs:190:10
interaction.flushEventLoop@chrome://remote/content/marionette/interaction.sys.mjs:467:10
webdriverClickElement@chrome://remote/content/marionette/interaction.sys.mjs:220:33
JavaScript warning: https://static.xx.fbcdn.net/rsrc.php/v4iQyZ4/y7/l/es_ES~es_LA-j/je-IhMgu-2p.js, line 105: WEBGL_debug_renderer_info is deprecated in Firefox and will be removed. Please use RENDERER.
1755023542114	geckodriver	INFO	Listening on 127.0.0.1:51265
1755023542619	mozrunner::runner	INFO	Running command: MOZ_CRASHREPORTER="1" MOZ_CRASHREPORTER_NO_REPORT="1" MOZ_CRASHREPORTER_SHUTDOWN="1" "/Applications/Firefox. ... s" "localhost" "-foreground" "-no-remote" "-profile" "/var/folders/45/_6zmnwkn6638scvzx_7pz4_m0000gn/T/rust_mozprofileefdpcL"
console.warn: services.settings: Ignoring preference override of remote settings server
console.warn: services.settings: Allow by setting MOZ_REMOTE_SETTINGS_DEVTOOLS=1 in the environment
1755023546325	Marionette	INFO	Marionette enabled
console.error: "Warning: unrecognized command line flag" "-remote-allow-hosts"
1755023553260	Marionette	INFO	Listening on port 51280
Read port: 51280
WebDriver BiDi listening on ws://127.0.0.1:51266
1755023554238	RemoteAgent	WARN	TLS certificate errors will be ignored for this session
Exiting due to channel error.
Exiting due to channel error.
Exiting due to channel error.
Exiting due to channel error.
Exiting due to channel error.
Exiting due to channel error.
Exiting due to channel error.
Exiting due to channel error.
[GFX1-]: CompositorBridgeChild receives IPC close with reason=AbnormalShutdown
Exiting due to channel error.
Exiting due to channel error.
Exiting due to channel error.
Exiting due to channel error.
Exiting due to channel error.
Exiting due to channel error.
[GFX1-]: CompositorBridgeChild receives IPC close with reason=AbnormalShutdown
Exiting due to channel error.
Exiting due to channel error.
Exiting due to channel error.
Exiting due to channel error.
Exiting due to channel error.
Exiting due to channel error.
Exiting due to channel error.
Exiting due to channel error.
Exiting due to channel error.
Exiting due to channel error.
Exiting due to channel error.
Exiting due to channel error.
[GFX1-]: CompositorBridgeChild receives IPC close with reason=AbnormalShutdown
Exiting due to channel error.
Exiting due to channel error.
Exiting due to channel error.
[GFX1-]: CompositorBridgeChild receives IPC close with reason=AbnormalShutdown
Exiting due to channel error.
Exiting due to channel error.
Exiting due to channel error.
Exiting due to channel error.
Exiting due to channel error.
Exiting due to channel error.
Exiting due to channel error.
Exiting due to channel error.
Exiting due to channel error.
[GFX1-]: CompositorBridgeChild receives IPC close with reason=AbnormalShutdown
Exiting due to channel error.
Exiting due to channel error.
Exiting due to channel error.
Exiting due to channel error.
[GFX1-]: CompositorBridgeChild receives IPC close with reason=AbnormalShutdown
Exiting due to channel error.
Exiting due to channel error.
Exiting due to channel error.
Exiting due to channel error.
Exiting due to channel error.
Exiting due to channel error.
[GFX1-]: CompositorBridgeChild receives IPC close with reason=AbnormalShutdown
Exiting due to channel error.
Exiting due to channel error.
Exiting due to channel error.
Exiting due to channel error.
[GFX1-]: CompositorBridgeChild receives IPC close with reason=AbnormalShutdown
Exiting due to channel error.
Exiting due to channel error.
Exiting due to channel error.
Exiting due to channel error.
Exiting due to channel error.
Exiting due to channel error.
[GFX1-]: CompositorBridgeChild receives IPC close with reason=AbnormalShutdown
Exiting due to channel error.
Exiting due to channel error.
Exiting due to channel error.
Exiting due to channel error.
Exiting due to channel error.
Exiting due to channel error.
Exiting due to channel error.
Exiting due to channel error.
Exiting due to channel error.
Exiting due to channel error.
Exiting due to channel error.
Exiting due to channel error.
[GFX1-]: CompositorBridgeChild receives IPC close with reason=AbnormalShutdown
Exiting due to channel error.
Exiting due to channel error.
[GFX1-]: CompositorBridgeChild receives IPC close with reason=AbnormalShutdown
Exiting due to channel error.
[GFX1-]: CompositorBridgeChild receives IPC close with reason=AbnormalShutdown
Exiting due to channel error.
[GFX1-]: CompositorBridgeChild receives IPC close with reason=AbnormalShutdown
Exiting due to channel error.
Exiting due to channel error.
Exiting due to channel error.
Exiting due to channel error.
Exiting due to channel error.
Exiting due to channel error.
Exiting due to channel error.
Exiting due to channel error.
Exiting due to channel error.
Exiting due to channel error.
Exiting due to channel error.
Exiting due to channel error.
Exiting due to channel error.
Exiting due to channel error.
[GFX1-]: CompositorBridgeChild receives IPC close with reason=AbnormalShutdown
Exiting due to channel error.
Exiting due to channel error.
Exiting due to channel error.
[GFX1-]: CompositorBridgeChild receives IPC close with reason=AbnormalShutdown
Exiting due to channel error.
Exiting due to channel error.
Exiting due to channel error.
[GFX1-]: CompositorBridgeChild receives IPC close with reason=AbnormalShutdown
[GFX1-]: CompositorBridgeChild receives IPC close with reason=AbnormalShutdown
Exiting due to channel error.
Exiting due to channel error.
[GFX1-]: CompositorBridgeChild receives IPC close with reason=AbnormalShutdown
Exiting due to channel error.
Exiting due to channel error.
Exiting due to channel error.
Exiting due to channel error.
Exiting due to channel error.
[GFX1-]: CompositorBridgeChild receives IPC close with reason=AbnormalShutdown
Exiting due to channel error.
Exiting due to channel error.
Exiting due to channel error.
Exiting due to channel error.
Exiting due to channel error.
Exiting due to channel error.
Exiting due to channel error.
Exiting due to channel error.
Exiting due to channel error.
Exiting due to channel error.
Exiting due to channel error.
Exiting due to channel error.
Exiting due to channel error.
Exiting due to channel error.
Exiting due to channel error.
Exiting due to channel error.
[GFX1-]: CompositorBridgeChild receives IPC close with reason=AbnormalShutdown
Exiting due to channel error.
Exiting due to channel error.
[GFX1-]: CompositorBridgeChild receives IPC close with reason=AbnormalShutdown
Exiting due to channel error.
Exiting due to channel error.
[GFX1-]: CompositorBridgeChild receives IPC close with reason=AbnormalShutdown
Exiting due to channel error.
Exiting due to channel error.
Exiting due to channel error.
Exiting due to channel error.
Exiting due to channel error.
Exiting due to channel error.
Exiting due to channel error.
Exiting due to channel error.
[GFX1-]: CompositorBridgeChild receives IPC close with reason=AbnormalShutdown
Exiting due to channel error.
Exiting due to channel error.
Exiting due to channel error.
Exiting due to channel error.
Exiting due to channel error.
Exiting due to channel error.
[GFX1-]: CompositorBridgeChild receives IPC close with reason=AbnormalShutdown
Exiting due to channel error.
Exiting due to channel error.
Exiting due to channel error.
[GFX1-]: CompositorBridgeChild receives IPC close with reason=AbnormalShutdown
Exiting due to channel error.
Exiting due to channel error.
Exiting due to channel error.
Exiting due to channel error.
Exiting due to channel error.
1755023649908	geckodriver	INFO	Listening on 127.0.0.1:51435
1755023650422	mozrunner::runner	INFO	Running command: MOZ_CRASHREPORTER="1" MOZ_CRASHREPORTER_NO_REPORT="1" MOZ_CRASHREPORTER_SHUTDOWN="1" "/Applications/Firefox. ... s" "localhost" "-foreground" "-no-remote" "-profile" "/var/folders/45/_6zmnwkn6638scvzx_7pz4_m0000gn/T/rust_mozprofile3ldUJe"
console.warn: services.settings: Ignoring preference override of remote settings server
console.warn: services.settings: Allow by setting MOZ_REMOTE_SETTINGS_DEVTOOLS=1 in the environment
1755023651101	Marionette	INFO	Marionette enabled
console.error: "Warning: unrecognized command line flag" "-remote-allow-hosts"
1755023651956	Marionette	INFO	Listening on port 51444
Read port: 51444
WebDriver BiDi listening on ws://127.0.0.1:51436
1755023652218	RemoteAgent	WARN	TLS certificate errors will be ignored for this session
JavaScript warning: https://static.xx.fbcdn.net/rsrc.php/v4iQyZ4/y7/l/es_ES~es_LA-j/je-IhMgu-2p.js, line 105: WEBGL_debug_renderer_info is deprecated in Firefox and will be removed. Please use RENDERER.
1755023675453	Marionette	INFO	Stopped listening on port 51444
1755023783367	geckodriver	INFO	Listening on 127.0.0.1:51518
1755023783882	mozrunner::runner	INFO	Running command: MOZ_CRASHREPORTER="1" MOZ_CRASHREPORTER_NO_REPORT="1" MOZ_CRASHREPORTER_SHUTDOWN="1" "/Applications/Firefox. ... s" "localhost" "-foreground" "-no-remote" "-profile" "/var/folders/45/_6zmnwkn6638scvzx_7pz4_m0000gn/T/rust_mozprofileBuBvLf"
console.warn: services.settings: Ignoring preference override of remote settings server
console.warn: services.settings: Allow by setting MOZ_REMOTE_SETTINGS_DEVTOOLS=1 in the environment
1755023784450	Marionette	INFO	Marionette enabled
console.error: "Warning: unrecognized command line flag" "-remote-allow-hosts"
1755023785075	Marionette	INFO	Listening on port 51527
WebDriver BiDi listening on ws://127.0.0.1:51519
Read port: 51527
1755023785370	RemoteAgent	WARN	TLS certificate errors will be ignored for this session
JavaScript warning: https://static.xx.fbcdn.net/rsrc.php/v4iQyZ4/y7/l/es_ES~es_LA-j/je-IhMgu-2p.js, line 105: WEBGL_debug_renderer_info is deprecated in Firefox and will be removed. Please use RENDERER.
1755023807349	Marionette	INFO	Stopped listening on port 51527
1755023809409	geckodriver	INFO	Listening on 127.0.0.1:51576
1755023809921	mozrunner::runner	INFO	Running command: MOZ_CRASHREPORTER="1" MOZ_CRASHREPORTER_NO_REPORT="1" MOZ_CRASHREPORTER_SHUTDOWN="1" "/Applications/Firefox. ... s" "localhost" "-foreground" "-no-remote" "-profile" "/var/folders/45/_6zmnwkn6638scvzx_7pz4_m0000gn/T/rust_mozprofileC0Pza0"
console.warn: services.settings: Ignoring preference override of remote settings server
console.warn: services.settings: Allow by setting MOZ_REMOTE_SETTINGS_DEVTOOLS=1 in the environment
1755023810518	Marionette	INFO	Marionette enabled
console.error: "Warning: unrecognized command line flag" "-remote-allow-hosts"
1755023811142	Marionette	INFO	Listening on port 51583
Read port: 51583
WebDriver BiDi listening on ws://127.0.0.1:51577
1755023811391	RemoteAgent	WARN	TLS certificate errors will be ignored for this session
JavaScript warning: https://static.xx.fbcdn.net/rsrc.php/v4iQyZ4/y7/l/es_ES~es_LA-j/je-IhMgu-2p.js, line 105: WEBGL_debug_renderer_info is deprecated in Firefox and will be removed. Please use RENDERER.
1755023832237	Marionette	INFO	Stopped listening on port 51583
1755023834284	geckodriver	INFO	Listening on 127.0.0.1:51632
1755023834800	mozrunner::runner	INFO	Running command: MOZ_CRASHREPORTER="1" MOZ_CRASHREPORTER_NO_REPORT="1" MOZ_CRASHREPORTER_SHUTDOWN="1" "/Applications/Firefox. ... s" "localhost" "-foreground" "-no-remote" "-profile" "/var/folders/45/_6zmnwkn6638scvzx_7pz4_m0000gn/T/rust_mozprofile0WnzLz"
console.warn: services.settings: Ignoring preference override of remote settings server
console.warn: services.settings: Allow by setting MOZ_REMOTE_SETTINGS_DEVTOOLS=1 in the environment
1755023835372	Marionette	INFO	Marionette enabled
console.error: "Warning: unrecognized command line flag" "-remote-allow-hosts"
1755023835990	Marionette	INFO	Listening on port 51638
WebDriver BiDi listening on ws://127.0.0.1:51633
Read port: 51638
1755023836287	RemoteAgent	WARN	TLS certificate errors will be ignored for this session
JavaScript warning: https://static.xx.fbcdn.net/rsrc.php/v4iQyZ4/y7/l/es_ES~es_LA-j/je-IhMgu-2p.js, line 105: WEBGL_debug_renderer_info is deprecated in Firefox and will be removed. Please use RENDERER.
1755023860470	Marionette	INFO	Stopped listening on port 51638
1755023862925	geckodriver	INFO	Listening on 127.0.0.1:51682
1755023863441	mozrunner::runner	INFO	Running command: MOZ_CRASHREPORTER="1" MOZ_CRASHREPORTER_NO_REPORT="1" MOZ_CRASHREPORTER_SHUTDOWN="1" "/Applications/Firefox. ... s" "localhost" "-foreground" "-no-remote" "-profile" "/var/folders/45/_6zmnwkn6638scvzx_7pz4_m0000gn/T/rust_mozprofileUCqpHw"
console.warn: services.settings: Ignoring preference override of remote settings server
console.warn: services.settings: Allow by setting MOZ_REMOTE_SETTINGS_DEVTOOLS=1 in the environment
1755023864017	Marionette	INFO	Marionette enabled
console.error: "Warning: unrecognized command line flag" "-remote-allow-hosts"
1755023864632	Marionette	INFO	Listening on port 51688
WebDriver BiDi listening on ws://127.0.0.1:51683
Read port: 51688
1755023864929	RemoteAgent	WARN	TLS certificate errors will be ignored for this session
JavaScript warning: https://static.xx.fbcdn.net/rsrc.php/v4iQyZ4/y7/l/es_ES~es_LA-j/je-IhMgu-2p.js, line 105: WEBGL_debug_renderer_info is deprecated in Firefox and will be removed. Please use RENDERER.
1755023887740	Marionette	INFO	Stopped listening on port 51688
1755023888983	geckodriver	INFO	Listening on 127.0.0.1:51735
1755023889497	mozrunner::runner	INFO	Running command: MOZ_CRASHREPORTER="1" MOZ_CRASHREPORTER_NO_REPORT="1" MOZ_CRASHREPORTER_SHUTDOWN="1" "/Applications/Firefox. ... s" "localhost" "-foreground" "-no-remote" "-profile" "/var/folders/45/_6zmnwkn6638scvzx_7pz4_m0000gn/T/rust_mozprofileVvqYkq"
console.warn: services.settings: Ignoring preference override of remote settings server
console.warn: services.settings: Allow by setting MOZ_REMOTE_SETTINGS_DEVTOOLS=1 in the environment
1755023890100	Marionette	INFO	Marionette enabled
console.error: "Warning: unrecognized command line flag" "-remote-allow-hosts"
1755023890714	Marionette	INFO	Listening on port 51741
WebDriver BiDi listening on ws://127.0.0.1:51736
Read port: 51741
1755023891007	RemoteAgent	WARN	TLS certificate errors will be ignored for this session
JavaScript warning: https://static.xx.fbcdn.net/rsrc.php/v4iQyZ4/y7/l/es_ES~es_LA-j/je-IhMgu-2p.js, line 105: WEBGL_debug_renderer_info is deprecated in Firefox and will be removed. Please use RENDERER.
1755023907066	Marionette	INFO	Stopped listening on port 51741
1755023908680	geckodriver	INFO	Listening on 127.0.0.1:51782
1755023909196	mozrunner::runner	INFO	Running command: MOZ_CRASHREPORTER="1" MOZ_CRASHREPORTER_NO_REPORT="1" MOZ_CRASHREPORTER_SHUTDOWN="1" "/Applications/Firefox. ... s" "localhost" "-foreground" "-no-remote" "-profile" "/var/folders/45/_6zmnwkn6638scvzx_7pz4_m0000gn/T/rust_mozprofileunKmUD"
console.warn: services.settings: Ignoring preference override of remote settings server
console.warn: services.settings: Allow by setting MOZ_REMOTE_SETTINGS_DEVTOOLS=1 in the environment
1755023909770	Marionette	INFO	Marionette enabled
console.error: "Warning: unrecognized command line flag" "-remote-allow-hosts"
1755023910386	Marionette	INFO	Listening on port 51788
WebDriver BiDi listening on ws://127.0.0.1:51783
Read port: 51788
1755023910730	RemoteAgent	WARN	TLS certificate errors will be ignored for this session
JavaScript warning: https://static.xx.fbcdn.net/rsrc.php/v4iQyZ4/y7/l/es_ES~es_LA-j/je-IhMgu-2p.js, line 105: WEBGL_debug_renderer_info is deprecated in Firefox and will be removed. Please use RENDERER.
1755023926415	Marionette	INFO	Stopped listening on port 51788
1755023928049	geckodriver	INFO	Listening on 127.0.0.1:51828
1755023928564	mozrunner::runner	INFO	Running command: MOZ_CRASHREPORTER="1" MOZ_CRASHREPORTER_NO_REPORT="1" MOZ_CRASHREPORTER_SHUTDOWN="1" "/Applications/Firefox. ... s" "localhost" "-foreground" "-no-remote" "-profile" "/var/folders/45/_6zmnwkn6638scvzx_7pz4_m0000gn/T/rust_mozprofilezUY1N0"
console.warn: services.settings: Ignoring preference override of remote settings server
console.warn: services.settings: Allow by setting MOZ_REMOTE_SETTINGS_DEVTOOLS=1 in the environment
1755023929130	Marionette	INFO	Marionette enabled
console.error: "Warning: unrecognized command line flag" "-remote-allow-hosts"
1755023929750	Marionette	INFO	Listening on port 51834
WebDriver BiDi listening on ws://127.0.0.1:51829
Read port: 51834
1755023930038	RemoteAgent	WARN	TLS certificate errors will be ignored for this session
JavaScript warning: https://static.xx.fbcdn.net/rsrc.php/v4iQyZ4/y7/l/es_ES~es_LA-j/je-IhMgu-2p.js, line 105: WEBGL_debug_renderer_info is deprecated in Firefox and will be removed. Please use RENDERER.
1755023947053	Marionette	INFO	Stopped listening on port 51834
1755023948657	geckodriver	INFO	Listening on 127.0.0.1:51871
1755023949172	mozrunner::runner	INFO	Running command: MOZ_CRASHREPORTER="1" MOZ_CRASHREPORTER_NO_REPORT="1" MOZ_CRASHREPORTER_SHUTDOWN="1" "/Applications/Firefox. ... s" "localhost" "-foreground" "-no-remote" "-profile" "/var/folders/45/_6zmnwkn6638scvzx_7pz4_m0000gn/T/rust_mozprofileVjDM1z"
console.warn: services.settings: Ignoring preference override of remote settings server
console.warn: services.settings: Allow by setting MOZ_REMOTE_SETTINGS_DEVTOOLS=1 in the environment
1755023949735	Marionette	INFO	Marionette enabled
console.error: "Warning: unrecognized command line flag" "-remote-allow-hosts"
1755023950350	Marionette	INFO	Listening on port 51877
WebDriver BiDi listening on ws://127.0.0.1:51872
Read port: 51877
1755023950643	RemoteAgent	WARN	TLS certificate errors will be ignored for this session
JavaScript warning: https://static.xx.fbcdn.net/rsrc.php/v4iQyZ4/y7/l/es_ES~es_LA-j/je-IhMgu-2p.js, line 105: WEBGL_debug_renderer_info is deprecated in Firefox and will be removed. Please use RENDERER.
1755023967357	Marionette	INFO	Stopped listening on port 51877
1755023968961	geckodriver	INFO	Listening on 127.0.0.1:51916
1755023969478	mozrunner::runner	INFO	Running command: MOZ_CRASHREPORTER="1" MOZ_CRASHREPORTER_NO_REPORT="1" MOZ_CRASHREPORTER_SHUTDOWN="1" "/Applications/Firefox. ... s" "localhost" "-foreground" "-no-remote" "-profile" "/var/folders/45/_6zmnwkn6638scvzx_7pz4_m0000gn/T/rust_mozprofileTJF3DF"
console.warn: services.settings: Ignoring preference override of remote settings server
console.warn: services.settings: Allow by setting MOZ_REMOTE_SETTINGS_DEVTOOLS=1 in the environment
1755023970065	Marionette	INFO	Marionette enabled
console.error: "Warning: unrecognized command line flag" "-remote-allow-hosts"
1755023970686	Marionette	INFO	Listening on port 51922
WebDriver BiDi listening on ws://127.0.0.1:51917
Read port: 51922
1755023970979	RemoteAgent	WARN	TLS certificate errors will be ignored for this session
JavaScript warning: https://static.xx.fbcdn.net/rsrc.php/v4iQyZ4/y7/l/es_ES~es_LA-j/je-IhMgu-2p.js, line 105: WEBGL_debug_renderer_info is deprecated in Firefox and will be removed. Please use RENDERER.
1755023994286	Marionette	INFO	Stopped listening on port 51922
1755023995511	geckodriver	INFO	Listening on 127.0.0.1:51964
1755023996027	mozrunner::runner	INFO	Running command: MOZ_CRASHREPORTER="1" MOZ_CRASHREPORTER_NO_REPORT="1" MOZ_CRASHREPORTER_SHUTDOWN="1" "/Applications/Firefox. ... s" "localhost" "-foreground" "-no-remote" "-profile" "/var/folders/45/_6zmnwkn6638scvzx_7pz4_m0000gn/T/rust_mozprofileFkEazn"
console.warn: services.settings: Ignoring preference override of remote settings server
console.warn: services.settings: Allow by setting MOZ_REMOTE_SETTINGS_DEVTOOLS=1 in the environment
1755023996595	Marionette	INFO	Marionette enabled
console.error: "Warning: unrecognized command line flag" "-remote-allow-hosts"
1755023997213	Marionette	INFO	Listening on port 51972
WebDriver BiDi listening on ws://127.0.0.1:51965
Read port: 51972
1755023997557	RemoteAgent	WARN	TLS certificate errors will be ignored for this session
JavaScript warning: https://static.xx.fbcdn.net/rsrc.php/v4iQyZ4/y7/l/es_ES~es_LA-j/je-IhMgu-2p.js, line 105: WEBGL_debug_renderer_info is deprecated in Firefox and will be removed. Please use RENDERER.
1755024019818	Marionette	INFO	Stopped listening on port 51972
1755024021047	geckodriver	INFO	Listening on 127.0.0.1:52014
1755024021563	mozrunner::runner	INFO	Running command: MOZ_CRASHREPORTER="1" MOZ_CRASHREPORTER_NO_REPORT="1" MOZ_CRASHREPORTER_SHUTDOWN="1" "/Applications/Firefox. ... s" "localhost" "-foreground" "-no-remote" "-profile" "/var/folders/45/_6zmnwkn6638scvzx_7pz4_m0000gn/T/rust_mozprofileZjKX01"
console.warn: services.settings: Ignoring preference override of remote settings server
console.warn: services.settings: Allow by setting MOZ_REMOTE_SETTINGS_DEVTOOLS=1 in the environment
1755024022132	Marionette	INFO	Marionette enabled
console.error: "Warning: unrecognized command line flag" "-remote-allow-hosts"
1755024022747	Marionette	INFO	Listening on port 52022
WebDriver BiDi listening on ws://127.0.0.1:52015
Read port: 52022
1755024023043	RemoteAgent	WARN	TLS certificate errors will be ignored for this session
JavaScript warning: https://static.xx.fbcdn.net/rsrc.php/v4iQyZ4/y7/l/es_ES~es_LA-j/je-IhMgu-2p.js, line 105: WEBGL_debug_renderer_info is deprecated in Firefox and will be removed. Please use RENDERER.
1755024039817	Marionette	INFO	Stopped listening on port 52022
1755024041419	geckodriver	INFO	Listening on 127.0.0.1:52051
1755024041934	mozrunner::runner	INFO	Running command: MOZ_CRASHREPORTER="1" MOZ_CRASHREPORTER_NO_REPORT="1" MOZ_CRASHREPORTER_SHUTDOWN="1" "/Applications/Firefox. ... s" "localhost" "-foreground" "-no-remote" "-profile" "/var/folders/45/_6zmnwkn6638scvzx_7pz4_m0000gn/T/rust_mozprofile5Ds76K"
console.warn: services.settings: Ignoring preference override of remote settings server
console.warn: services.settings: Allow by setting MOZ_REMOTE_SETTINGS_DEVTOOLS=1 in the environment
1755024042499	Marionette	INFO	Marionette enabled
console.error: "Warning: unrecognized command line flag" "-remote-allow-hosts"
1755024043124	Marionette	INFO	Listening on port 52059
WebDriver BiDi listening on ws://127.0.0.1:52052
Read port: 52059
1755024043469	RemoteAgent	WARN	TLS certificate errors will be ignored for this session
JavaScript warning: https://static.xx.fbcdn.net/rsrc.php/v4iQyZ4/y7/l/es_ES~es_LA-j/je-IhMgu-2p.js, line 105: WEBGL_debug_renderer_info is deprecated in Firefox and will be removed. Please use RENDERER.
1755024058963	Marionette	INFO	Stopped listening on port 52059
1755024060573	geckodriver	INFO	Listening on 127.0.0.1:52091
1755024061088	mozrunner::runner	INFO	Running command: MOZ_CRASHREPORTER="1" MOZ_CRASHREPORTER_NO_REPORT="1" MOZ_CRASHREPORTER_SHUTDOWN="1" "/Applications/Firefox. ... s" "localhost" "-foreground" "-no-remote" "-profile" "/var/folders/45/_6zmnwkn6638scvzx_7pz4_m0000gn/T/rust_mozprofileVeajd6"
console.warn: services.settings: Ignoring preference override of remote settings server
console.warn: services.settings: Allow by setting MOZ_REMOTE_SETTINGS_DEVTOOLS=1 in the environment
1755024061649	Marionette	INFO	Marionette enabled
console.error: "Warning: unrecognized command line flag" "-remote-allow-hosts"
1755024062267	Marionette	INFO	Listening on port 52099
WebDriver BiDi listening on ws://127.0.0.1:52092
Read port: 52099
1755024062613	RemoteAgent	WARN	TLS certificate errors will be ignored for this session
JavaScript warning: https://static.xx.fbcdn.net/rsrc.php/v4iQyZ4/y7/l/es_ES~es_LA-j/je-IhMgu-2p.js, line 105: WEBGL_debug_renderer_info is deprecated in Firefox and will be removed. Please use RENDERER.
1755024095253	Marionette	INFO	Stopped listening on port 52099
1755024096747	geckodriver	INFO	Listening on 127.0.0.1:52143
1755024097263	mozrunner::runner	INFO	Running command: MOZ_CRASHREPORTER="1" MOZ_CRASHREPORTER_NO_REPORT="1" MOZ_CRASHREPORTER_SHUTDOWN="1" "/Applications/Firefox. ... s" "localhost" "-foreground" "-no-remote" "-profile" "/var/folders/45/_6zmnwkn6638scvzx_7pz4_m0000gn/T/rust_mozprofileoIHT0J"
console.warn: services.settings: Ignoring preference override of remote settings server
console.warn: services.settings: Allow by setting MOZ_REMOTE_SETTINGS_DEVTOOLS=1 in the environment
1755024097820	Marionette	INFO	Marionette enabled
console.error: "Warning: unrecognized command line flag" "-remote-allow-hosts"
1755024098433	Marionette	INFO	Listening on port 52149
WebDriver BiDi listening on ws://127.0.0.1:52144
Read port: 52149
1755024098723	RemoteAgent	WARN	TLS certificate errors will be ignored for this session
JavaScript warning: https://static.xx.fbcdn.net/rsrc.php/v4iQyZ4/y7/l/es_ES~es_LA-j/je-IhMgu-2p.js, line 105: WEBGL_debug_renderer_info is deprecated in Firefox and will be removed. Please use RENDERER.
1755024115683	Marionette	INFO	Stopped listening on port 52149
1755024117278	geckodriver	INFO	Listening on 127.0.0.1:52184
1755024117794	mozrunner::runner	INFO	Running command: MOZ_CRASHREPORTER="1" MOZ_CRASHREPORTER_NO_REPORT="1" MOZ_CRASHREPORTER_SHUTDOWN="1" "/Applications/Firefox. ... s" "localhost" "-foreground" "-no-remote" "-profile" "/var/folders/45/_6zmnwkn6638scvzx_7pz4_m0000gn/T/rust_mozprofileYxQqtd"
console.warn: services.settings: Ignoring preference override of remote settings server
console.warn: services.settings: Allow by setting MOZ_REMOTE_SETTINGS_DEVTOOLS=1 in the environment
1755024118355	Marionette	INFO	Marionette enabled
console.error: "Warning: unrecognized command line flag" "-remote-allow-hosts"
1755024118966	Marionette	INFO	Listening on port 52190
WebDriver BiDi listening on ws://127.0.0.1:52185
Read port: 52190
1755024119260	RemoteAgent	WARN	TLS certificate errors will be ignored for this session
JavaScript warning: https://static.xx.fbcdn.net/rsrc.php/v4iQyZ4/y7/l/es_ES~es_LA-j/je-IhMgu-2p.js, line 105: WEBGL_debug_renderer_info is deprecated in Firefox and will be removed. Please use RENDERER.
1755024135746	Marionette	INFO	Stopped listening on port 52190
1755024137359	geckodriver	INFO	Listening on 127.0.0.1:52226
1755024137873	mozrunner::runner	INFO	Running command: MOZ_CRASHREPORTER="1" MOZ_CRASHREPORTER_NO_REPORT="1" MOZ_CRASHREPORTER_SHUTDOWN="1" "/Applications/Firefox. ... s" "localhost" "-foreground" "-no-remote" "-profile" "/var/folders/45/_6zmnwkn6638scvzx_7pz4_m0000gn/T/rust_mozprofileY9LLi2"
console.warn: services.settings: Ignoring preference override of remote settings server
console.warn: services.settings: Allow by setting MOZ_REMOTE_SETTINGS_DEVTOOLS=1 in the environment
1755024138439	Marionette	INFO	Marionette enabled
console.error: "Warning: unrecognized command line flag" "-remote-allow-hosts"
1755024139057	Marionette	INFO	Listening on port 52232
WebDriver BiDi listening on ws://127.0.0.1:52227
Read port: 52232
1755024139401	RemoteAgent	WARN	TLS certificate errors will be ignored for this session
JavaScript warning: https://static.xx.fbcdn.net/rsrc.php/v4iQyZ4/y7/l/es_ES~es_LA-j/je-IhMgu-2p.js, line 105: WEBGL_debug_renderer_info is deprecated in Firefox and will be removed. Please use RENDERER.
1755024155809	Marionette	INFO	Stopped listening on port 52232
1755024157484	geckodriver	INFO	Listening on 127.0.0.1:52275
1755024157999	mozrunner::runner	INFO	Running command: MOZ_CRASHREPORTER="1" MOZ_CRASHREPORTER_NO_REPORT="1" MOZ_CRASHREPORTER_SHUTDOWN="1" "/Applications/Firefox. ... s" "localhost" "-foreground" "-no-remote" "-profile" "/var/folders/45/_6zmnwkn6638scvzx_7pz4_m0000gn/T/rust_mozprofileSg1Ax8"
console.warn: services.settings: Ignoring preference override of remote settings server
console.warn: services.settings: Allow by setting MOZ_REMOTE_SETTINGS_DEVTOOLS=1 in the environment
1755024158577	Marionette	INFO	Marionette enabled
console.error: "Warning: unrecognized command line flag" "-remote-allow-hosts"
1755024159197	Marionette	INFO	Listening on port 52281
WebDriver BiDi listening on ws://127.0.0.1:52276
Read port: 52281
1755024159547	RemoteAgent	WARN	TLS certificate errors will be ignored for this session
JavaScript warning: https://static.xx.fbcdn.net/rsrc.php/v4iQyZ4/y7/l/es_ES~es_LA-j/je-IhMgu-2p.js, line 105: WEBGL_debug_renderer_info is deprecated in Firefox and will be removed. Please use RENDERER.
1755024176722	Marionette	INFO	Stopped listening on port 52281
1755024178389	geckodriver	INFO	Listening on 127.0.0.1:52323
1755024178905	mozrunner::runner	INFO	Running command: MOZ_CRASHREPORTER="1" MOZ_CRASHREPORTER_NO_REPORT="1" MOZ_CRASHREPORTER_SHUTDOWN="1" "/Applications/Firefox. ... s" "localhost" "-foreground" "-no-remote" "-profile" "/var/folders/45/_6zmnwkn6638scvzx_7pz4_m0000gn/T/rust_mozprofileN1I71F"
console.warn: services.settings: Ignoring preference override of remote settings server
console.warn: services.settings: Allow by setting MOZ_REMOTE_SETTINGS_DEVTOOLS=1 in the environment
1755024179471	Marionette	INFO	Marionette enabled
console.error: "Warning: unrecognized command line flag" "-remote-allow-hosts"
1755024180104	Marionette	INFO	Listening on port 52331
WebDriver BiDi listening on ws://127.0.0.1:52324
Read port: 52331
1755024180449	RemoteAgent	WARN	TLS certificate errors will be ignored for this session
JavaScript warning: https://static.xx.fbcdn.net/rsrc.php/v4iQyZ4/y7/l/es_ES~es_LA-j/je-IhMgu-2p.js, line 105: WEBGL_debug_renderer_info is deprecated in Firefox and will be removed. Please use RENDERER.
1755024199611	Marionette	INFO	Stopped listening on port 52331
1755024201115	geckodriver	INFO	Listening on 127.0.0.1:52372
1755024201631	mozrunner::runner	INFO	Running command: MOZ_CRASHREPORTER="1" MOZ_CRASHREPORTER_NO_REPORT="1" MOZ_CRASHREPORTER_SHUTDOWN="1" "/Applications/Firefox. ... s" "localhost" "-foreground" "-no-remote" "-profile" "/var/folders/45/_6zmnwkn6638scvzx_7pz4_m0000gn/T/rust_mozprofileSRouc5"
console.warn: services.settings: Ignoring preference override of remote settings server
console.warn: services.settings: Allow by setting MOZ_REMOTE_SETTINGS_DEVTOOLS=1 in the environment
1755024202192	Marionette	INFO	Marionette enabled
console.error: "Warning: unrecognized command line flag" "-remote-allow-hosts"
1755024202811	Marionette	INFO	Listening on port 52380
WebDriver BiDi listening on ws://127.0.0.1:52373
Read port: 52380
1755024203105	RemoteAgent	WARN	TLS certificate errors will be ignored for this session
JavaScript warning: https://static.xx.fbcdn.net/rsrc.php/v4iQyZ4/y7/l/es_ES~es_LA-j/je-IhMgu-2p.js, line 105: WEBGL_debug_renderer_info is deprecated in Firefox and will be removed. Please use RENDERER.
1755024220798	Marionette	INFO	Stopped listening on port 52380
1755024222477	geckodriver	INFO	Listening on 127.0.0.1:52418
1755024222994	mozrunner::runner	INFO	Running command: MOZ_CRASHREPORTER="1" MOZ_CRASHREPORTER_NO_REPORT="1" MOZ_CRASHREPORTER_SHUTDOWN="1" "/Applications/Firefox. ... s" "localhost" "-foreground" "-no-remote" "-profile" "/var/folders/45/_6zmnwkn6638scvzx_7pz4_m0000gn/T/rust_mozprofilec0DyPR"
console.warn: services.settings: Ignoring preference override of remote settings server
console.warn: services.settings: Allow by setting MOZ_REMOTE_SETTINGS_DEVTOOLS=1 in the environment
1755024223562	Marionette	INFO	Marionette enabled
console.error: "Warning: unrecognized command line flag" "-remote-allow-hosts"
1755024224180	Marionette	INFO	Listening on port 52425
WebDriver BiDi listening on ws://127.0.0.1:52419
Read port: 52425
1755024224478	RemoteAgent	WARN	TLS certificate errors will be ignored for this session
JavaScript warning: https://static.xx.fbcdn.net/rsrc.php/v4iQyZ4/y7/l/es_ES~es_LA-j/je-IhMgu-2p.js, line 105: WEBGL_debug_renderer_info is deprecated in Firefox and will be removed. Please use RENDERER.
1755024241203	Marionette	INFO	Stopped listening on port 52425
1755024242824	geckodriver	INFO	Listening on 127.0.0.1:52468
1755024243340	mozrunner::runner	INFO	Running command: MOZ_CRASHREPORTER="1" MOZ_CRASHREPORTER_NO_REPORT="1" MOZ_CRASHREPORTER_SHUTDOWN="1" "/Applications/Firefox. ... s" "localhost" "-foreground" "-no-remote" "-profile" "/var/folders/45/_6zmnwkn6638scvzx_7pz4_m0000gn/T/rust_mozprofileshd2jE"
console.warn: services.settings: Ignoring preference override of remote settings server
console.warn: services.settings: Allow by setting MOZ_REMOTE_SETTINGS_DEVTOOLS=1 in the environment
1755024243908	Marionette	INFO	Marionette enabled
console.error: "Warning: unrecognized command line flag" "-remote-allow-hosts"
1755024244527	Marionette	INFO	Listening on port 52474
WebDriver BiDi listening on ws://127.0.0.1:52469
Read port: 52474
1755024244875	RemoteAgent	WARN	TLS certificate errors will be ignored for this session
JavaScript warning: https://static.xx.fbcdn.net/rsrc.php/v4iQyZ4/y7/l/es_ES~es_LA-j/je-IhMgu-2p.js, line 105: WEBGL_debug_renderer_info is deprecated in Firefox and will be removed. Please use RENDERER.
1755024267143	Marionette	INFO	Stopped listening on port 52474
JavaScript warning: https://static.xx.fbcdn.net/rsrc.php/v4iyI64/yk/l/es_ES~es_LA-j/_J0bb6a_60Ugbn1ctqqKIqXlt4wWr1xDRcX4JxZNr6VgnskQ3cpICf66rxLp5OcifozF4pu11ElGOqHYTKvFr9g1Hx95T88a2Br.js, line 438: Script terminated by timeout at:
rl@https://static.xx.fbcdn.net/rsrc.php/v4iyI64/yk/l/es_ES~es_LA-j/_J0bb6a_60Ugbn1ctqqKIqXlt4wWr1xDRcX4JxZNr6VgnskQ3cpICf66rxLp5OcifozF4pu11ElGOqHYTKvFr9g1Hx95T88a2Br.js:438:142065
ul@https://static.xx.fbcdn.net/rsrc.php/v4iyI64/yk/l/es_ES~es_LA-j/_J0bb6a_60Ugbn1ctqqKIqXlt4wWr1xDRcX4JxZNr6VgnskQ3cpICf66rxLp5OcifozF4pu11ElGOqHYTKvFr9g1Hx95T88a2Br.js:438:143156
qe@https://static.xx.fbcdn.net/rsrc.php/v4iyI64/yk/l/es_ES~es_LA-j/_J0bb6a_60Ugbn1ctqqKIqXlt4wWr1xDRcX4JxZNr6VgnskQ3cpICf66rxLp5OcifozF4pu11ElGOqHYTKvFr9g1Hx95T88a2Br.js:438:34616
applyWithGuard@https://static.xx.fbcdn.net/rsrc.php/v4/yS/r/Tk4D3z-XYWS.js:76:10373
c@https://static.xx.fbcdn.net/rsrc.php/v4/yS/r/Tk4D3z-XYWS.js:76:11107
I@https://static.xx.fbcdn.net/rsrc.php/v4/yS/r/Tk4D3z-XYWS.js:239:1889

JavaScript error: https://static.xx.fbcdn.net/rsrc.php/v4iyI64/yk/l/es_ES~es_LA-j/_J0bb6a_60Ugbn1ctqqKIqXlt4wWr1xDRcX4JxZNr6VgnskQ3cpICf66rxLp5OcifozF4pu11ElGOqHYTKvFr9g1Hx95T88a2Br.js, line 438: TypeError: can't access dead object
1755024268827	geckodriver	INFO	Listening on 127.0.0.1:52513
1755024269343	mozrunner::runner	INFO	Running command: MOZ_CRASHREPORTER="1" MOZ_CRASHREPORTER_NO_REPORT="1" MOZ_CRASHREPORTER_SHUTDOWN="1" "/Applications/Firefox. ... s" "localhost" "-foreground" "-no-remote" "-profile" "/var/folders/45/_6zmnwkn6638scvzx_7pz4_m0000gn/T/rust_mozprofileTyHD43"
console.warn: services.settings: Ignoring preference override of remote settings server
console.warn: services.settings: Allow by setting MOZ_REMOTE_SETTINGS_DEVTOOLS=1 in the environment
1755024269906	Marionette	INFO	Marionette enabled
console.error: "Warning: unrecognized command line flag" "-remote-allow-hosts"
1755024270526	Marionette	INFO	Listening on port 52519
WebDriver BiDi listening on ws://127.0.0.1:52514
Read port: 52519
1755024270873	RemoteAgent	WARN	TLS certificate errors will be ignored for this session
JavaScript warning: https://static.xx.fbcdn.net/rsrc.php/v4iQyZ4/y7/l/es_ES~es_LA-j/je-IhMgu-2p.js, line 105: WEBGL_debug_renderer_info is deprecated in Firefox and will be removed. Please use RENDERER.
1755024294680	Marionette	INFO	Stopped listening on port 52519
1755024296261	geckodriver	INFO	Listening on 127.0.0.1:52554
1755024296777	mozrunner::runner	INFO	Running command: MOZ_CRASHREPORTER="1" MOZ_CRASHREPORTER_NO_REPORT="1" MOZ_CRASHREPORTER_SHUTDOWN="1" "/Applications/Firefox. ... s" "localhost" "-foreground" "-no-remote" "-profile" "/var/folders/45/_6zmnwkn6638scvzx_7pz4_m0000gn/T/rust_mozprofileHU1wwu"
console.warn: services.settings: Ignoring preference override of remote settings server
console.warn: services.settings: Allow by setting MOZ_REMOTE_SETTINGS_DEVTOOLS=1 in the environment
1755024297343	Marionette	INFO	Marionette enabled
console.error: "Warning: unrecognized command line flag" "-remote-allow-hosts"
1755024297957	Marionette	INFO	Listening on port 52560
WebDriver BiDi listening on ws://127.0.0.1:52555
Read port: 52560
1755024298250	RemoteAgent	WARN	TLS certificate errors will be ignored for this session
JavaScript warning: https://static.xx.fbcdn.net/rsrc.php/v4iQyZ4/y7/l/es_ES~es_LA-j/je-IhMgu-2p.js, line 105: WEBGL_debug_renderer_info is deprecated in Firefox and will be removed. Please use RENDERER.
1755024320094	Marionette	INFO	Stopped listening on port 52560
JavaScript error: https://static.xx.fbcdn.net/rsrc.php/v4iyI64/yk/l/es_ES~es_LA-j/_J0bb6a_60Ugbn1ctqqKIqXlt4wWr1xDRcX4JxZNr6VgnskQ3cpICf66rxLp5OcifozF4pu11ElGOqHYTKvFr9g1Hx95T88a2Br.js, line 438: TypeError: can't access dead object
1755024321768	geckodriver	INFO	Listening on 127.0.0.1:52604
1755024322283	mozrunner::runner	INFO	Running command: MOZ_CRASHREPORTER="1" MOZ_CRASHREPORTER_NO_REPORT="1" MOZ_CRASHREPORTER_SHUTDOWN="1" "/Applications/Firefox. ... s" "localhost" "-foreground" "-no-remote" "-profile" "/var/folders/45/_6zmnwkn6638scvzx_7pz4_m0000gn/T/rust_mozprofileUSbX7A"
console.warn: services.settings: Ignoring preference override of remote settings server
console.warn: services.settings: Allow by setting MOZ_REMOTE_SETTINGS_DEVTOOLS=1 in the environment
1755024322856	Marionette	INFO	Marionette enabled
console.error: "Warning: unrecognized command line flag" "-remote-allow-hosts"
1755024323475	Marionette	INFO	Listening on port 52612
WebDriver BiDi listening on ws://127.0.0.1:52605
Read port: 52612
1755024323768	RemoteAgent	WARN	TLS certificate errors will be ignored for this session
JavaScript warning: https://static.xx.fbcdn.net/rsrc.php/v4iQyZ4/y7/l/es_ES~es_LA-j/je-IhMgu-2p.js, line 105: WEBGL_debug_renderer_info is deprecated in Firefox and will be removed. Please use RENDERER.
1755024346511	Marionette	INFO	Stopped listening on port 52612
JavaScript error: https://static.xx.fbcdn.net/rsrc.php/v4iyI64/yk/l/es_ES~es_LA-j/_J0bb6a_60Ugbn1ctqqKIqXlt4wWr1xDRcX4JxZNr6VgnskQ3cpICf66rxLp5OcifozF4pu11ElGOqHYTKvFr9g1Hx95T88a2Br.js, line 438: TypeError: can't access dead object
1755024348158	geckodriver	INFO	Listening on 127.0.0.1:52646
1755024348673	mozrunner::runner	INFO	Running command: MOZ_CRASHREPORTER="1" MOZ_CRASHREPORTER_NO_REPORT="1" MOZ_CRASHREPORTER_SHUTDOWN="1" "/Applications/Firefox. ... s" "localhost" "-foreground" "-no-remote" "-profile" "/var/folders/45/_6zmnwkn6638scvzx_7pz4_m0000gn/T/rust_mozprofileNU56E4"
console.warn: services.settings: Ignoring preference override of remote settings server
console.warn: services.settings: Allow by setting MOZ_REMOTE_SETTINGS_DEVTOOLS=1 in the environment
1755024349230	Marionette	INFO	Marionette enabled
console.error: "Warning: unrecognized command line flag" "-remote-allow-hosts"
1755024349845	Marionette	INFO	Listening on port 52652
WebDriver BiDi listening on ws://127.0.0.1:52647
Read port: 52652
1755024350194	RemoteAgent	WARN	TLS certificate errors will be ignored for this session
JavaScript warning: https://static.xx.fbcdn.net/rsrc.php/v4iQyZ4/y7/l/es_ES~es_LA-j/je-IhMgu-2p.js, line 105: WEBGL_debug_renderer_info is deprecated in Firefox and will be removed. Please use RENDERER.
1755024374216	Marionette	INFO	Stopped listening on port 52652
1755024375463	geckodriver	INFO	Listening on 127.0.0.1:52693
1755024375978	mozrunner::runner	INFO	Running command: MOZ_CRASHREPORTER="1" MOZ_CRASHREPORTER_NO_REPORT="1" MOZ_CRASHREPORTER_SHUTDOWN="1" "/Applications/Firefox. ... s" "localhost" "-foreground" "-no-remote" "-profile" "/var/folders/45/_6zmnwkn6638scvzx_7pz4_m0000gn/T/rust_mozprofileA6CPlX"
console.warn: services.settings: Ignoring preference override of remote settings server
console.warn: services.settings: Allow by setting MOZ_REMOTE_SETTINGS_DEVTOOLS=1 in the environment
1755024376555	Marionette	INFO	Marionette enabled
console.error: "Warning: unrecognized command line flag" "-remote-allow-hosts"
1755024377188	Marionette	INFO	Listening on port 52700
WebDriver BiDi listening on ws://127.0.0.1:52694
Read port: 52700
1755024377534	RemoteAgent	WARN	TLS certificate errors will be ignored for this session
JavaScript warning: https://static.xx.fbcdn.net/rsrc.php/v4iQyZ4/y7/l/es_ES~es_LA-j/je-IhMgu-2p.js, line 105: WEBGL_debug_renderer_info is deprecated in Firefox and will be removed. Please use RENDERER.
1755024399352	Marionette	INFO	Stopped listening on port 52700
JavaScript error: https://static.xx.fbcdn.net/rsrc.php/v4iyI64/yk/l/es_ES~es_LA-j/_J0bb6a_60Ugbn1ctqqKIqXlt4wWr1xDRcX4JxZNr6VgnskQ3cpICf66rxLp5OcifozF4pu11ElGOqHYTKvFr9g1Hx95T88a2Br.js, line 438: TypeError: can't access dead object
1755024400920	geckodriver	INFO	Listening on 127.0.0.1:52737
1755024401434	mozrunner::runner	INFO	Running command: MOZ_CRASHREPORTER="1" MOZ_CRASHREPORTER_NO_REPORT="1" MOZ_CRASHREPORTER_SHUTDOWN="1" "/Applications/Firefox. ... s" "localhost" "-foreground" "-no-remote" "-profile" "/var/folders/45/_6zmnwkn6638scvzx_7pz4_m0000gn/T/rust_mozprofile4OatmT"
console.warn: services.settings: Ignoring preference override of remote settings server
console.warn: services.settings: Allow by setting MOZ_REMOTE_SETTINGS_DEVTOOLS=1 in the environment
1755024402004	Marionette	INFO	Marionette enabled
console.error: "Warning: unrecognized command line flag" "-remote-allow-hosts"
1755024402622	Marionette	INFO	Listening on port 52745
WebDriver BiDi listening on ws://127.0.0.1:52738
Read port: 52745
1755024402969	RemoteAgent	WARN	TLS certificate errors will be ignored for this session
JavaScript warning: https://static.xx.fbcdn.net/rsrc.php/v4iQyZ4/y7/l/es_ES~es_LA-j/je-IhMgu-2p.js, line 105: WEBGL_debug_renderer_info is deprecated in Firefox and will be removed. Please use RENDERER.
1755024425267	Marionette	INFO	Stopped listening on port 52745
1755024426544	geckodriver	INFO	Listening on 127.0.0.1:52775
1755024427060	mozrunner::runner	INFO	Running command: MOZ_CRASHREPORTER="1" MOZ_CRASHREPORTER_NO_REPORT="1" MOZ_CRASHREPORTER_SHUTDOWN="1" "/Applications/Firefox. ... s" "localhost" "-foreground" "-no-remote" "-profile" "/var/folders/45/_6zmnwkn6638scvzx_7pz4_m0000gn/T/rust_mozprofileZVG6gd"
console.warn: services.settings: Ignoring preference override of remote settings server
console.warn: services.settings: Allow by setting MOZ_REMOTE_SETTINGS_DEVTOOLS=1 in the environment
1755024427638	Marionette	INFO	Marionette enabled
console.error: "Warning: unrecognized command line flag" "-remote-allow-hosts"
1755024428255	Marionette	INFO	Listening on port 52781
WebDriver BiDi listening on ws://127.0.0.1:52776
Read port: 52781
1755024428546	RemoteAgent	WARN	TLS certificate errors will be ignored for this session
JavaScript warning: https://static.xx.fbcdn.net/rsrc.php/v4iQyZ4/y7/l/es_ES~es_LA-j/je-IhMgu-2p.js, line 105: WEBGL_debug_renderer_info is deprecated in Firefox and will be removed. Please use RENDERER.
1755024451142	Marionette	INFO	Stopped listening on port 52781
1755024452385	geckodriver	INFO	Listening on 127.0.0.1:52810
1755024452900	mozrunner::runner	INFO	Running command: MOZ_CRASHREPORTER="1" MOZ_CRASHREPORTER_NO_REPORT="1" MOZ_CRASHREPORTER_SHUTDOWN="1" "/Applications/Firefox. ... s" "localhost" "-foreground" "-no-remote" "-profile" "/var/folders/45/_6zmnwkn6638scvzx_7pz4_m0000gn/T/rust_mozprofilebOd7x9"
console.warn: services.settings: Ignoring preference override of remote settings server
console.warn: services.settings: Allow by setting MOZ_REMOTE_SETTINGS_DEVTOOLS=1 in the environment
1755024453475	Marionette	INFO	Marionette enabled
console.error: "Warning: unrecognized command line flag" "-remote-allow-hosts"
1755024454091	Marionette	INFO	Listening on port 52818
WebDriver BiDi listening on ws://127.0.0.1:52811
Read port: 52818
1755024454437	RemoteAgent	WARN	TLS certificate errors will be ignored for this session
JavaScript warning: https://static.xx.fbcdn.net/rsrc.php/v4iQyZ4/y7/l/es_ES~es_LA-j/je-IhMgu-2p.js, line 105: WEBGL_debug_renderer_info is deprecated in Firefox and will be removed. Please use RENDERER.
1755024477235	Marionette	INFO	Stopped listening on port 52818
1755024478484	geckodriver	INFO	Listening on 127.0.0.1:52854
1755024478999	mozrunner::runner	INFO	Running command: MOZ_CRASHREPORTER="1" MOZ_CRASHREPORTER_NO_REPORT="1" MOZ_CRASHREPORTER_SHUTDOWN="1" "/Applications/Firefox. ... s" "localhost" "-foreground" "-no-remote" "-profile" "/var/folders/45/_6zmnwkn6638scvzx_7pz4_m0000gn/T/rust_mozprofilepOnvGE"
console.warn: services.settings: Ignoring preference override of remote settings server
console.warn: services.settings: Allow by setting MOZ_REMOTE_SETTINGS_DEVTOOLS=1 in the environment
1755024479575	Marionette	INFO	Marionette enabled
console.error: "Warning: unrecognized command line flag" "-remote-allow-hosts"
1755024480191	Marionette	INFO	Listening on port 52860
WebDriver BiDi listening on ws://127.0.0.1:52855
Read port: 52860
1755024480538	RemoteAgent	WARN	TLS certificate errors will be ignored for this session
JavaScript warning: https://static.xx.fbcdn.net/rsrc.php/v4iQyZ4/y7/l/es_ES~es_LA-j/je-IhMgu-2p.js, line 105: WEBGL_debug_renderer_info is deprecated in Firefox and will be removed. Please use RENDERER.
1755024497353	Marionette	INFO	Stopped listening on port 52860
1755024499015	geckodriver	INFO	Listening on 127.0.0.1:52905
1755024499531	mozrunner::runner	INFO	Running command: MOZ_CRASHREPORTER="1" MOZ_CRASHREPORTER_NO_REPORT="1" MOZ_CRASHREPORTER_SHUTDOWN="1" "/Applications/Firefox. ... s" "localhost" "-foreground" "-no-remote" "-profile" "/var/folders/45/_6zmnwkn6638scvzx_7pz4_m0000gn/T/rust_mozprofile9fy4UW"
console.warn: services.settings: Ignoring preference override of remote settings server
console.warn: services.settings: Allow by setting MOZ_REMOTE_SETTINGS_DEVTOOLS=1 in the environment
1755024500094	Marionette	INFO	Marionette enabled
console.error: "Warning: unrecognized command line flag" "-remote-allow-hosts"
1755024500710	Marionette	INFO	Listening on port 52911
WebDriver BiDi listening on ws://127.0.0.1:52906
Read port: 52911
1755024501054	RemoteAgent	WARN	TLS certificate errors will be ignored for this session
JavaScript warning: https://static.xx.fbcdn.net/rsrc.php/v4iQyZ4/y7/l/es_ES~es_LA-j/je-IhMgu-2p.js, line 105: WEBGL_debug_renderer_info is deprecated in Firefox and will be removed. Please use RENDERER.
1755024523222	Marionette	INFO	Stopped listening on port 52911
JavaScript error: https://static.xx.fbcdn.net/rsrc.php/v4iyI64/yk/l/es_ES~es_LA-j/_J0bb6a_60Ugbn1ctqqKIqXlt4wWr1xDRcX4JxZNr6VgnskQ3cpICf66rxLp5OcifozF4pu11ElGOqHYTKvFr9g1Hx95T88a2Br.js, line 438: TypeError: can't access dead object
1755024524906	geckodriver	INFO	Listening on 127.0.0.1:52945
1755024525422	mozrunner::runner	INFO	Running command: MOZ_CRASHREPORTER="1" MOZ_CRASHREPORTER_NO_REPORT="1" MOZ_CRASHREPORTER_SHUTDOWN="1" "/Applications/Firefox. ... s" "localhost" "-foreground" "-no-remote" "-profile" "/var/folders/45/_6zmnwkn6638scvzx_7pz4_m0000gn/T/rust_mozprofileGOzahQ"
console.warn: services.settings: Ignoring preference override of remote settings server
console.warn: services.settings: Allow by setting MOZ_REMOTE_SETTINGS_DEVTOOLS=1 in the environment
1755024525991	Marionette	INFO	Marionette enabled
console.error: "Warning: unrecognized command line flag" "-remote-allow-hosts"
1755024526610	Marionette	INFO	Listening on port 52951
WebDriver BiDi listening on ws://127.0.0.1:52946
Read port: 52951
1755024526904	RemoteAgent	WARN	TLS certificate errors will be ignored for this session
JavaScript warning: https://static.xx.fbcdn.net/rsrc.php/v4iQyZ4/y7/l/es_ES~es_LA-j/je-IhMgu-2p.js, line 105: WEBGL_debug_renderer_info is deprecated in Firefox and will be removed. Please use RENDERER.
1755024548840	Marionette	INFO	Stopped listening on port 52951
1755024550262	geckodriver	INFO	Listening on 127.0.0.1:52982
1755024550779	mozrunner::runner	INFO	Running command: MOZ_CRASHREPORTER="1" MOZ_CRASHREPORTER_NO_REPORT="1" MOZ_CRASHREPORTER_SHUTDOWN="1" "/Applications/Firefox. ... s" "localhost" "-foreground" "-no-remote" "-profile" "/var/folders/45/_6zmnwkn6638scvzx_7pz4_m0000gn/T/rust_mozprofilegm1BpF"
console.warn: services.settings: Ignoring preference override of remote settings server
console.warn: services.settings: Allow by setting MOZ_REMOTE_SETTINGS_DEVTOOLS=1 in the environment
1755024551347	Marionette	INFO	Marionette enabled
console.error: "Warning: unrecognized command line flag" "-remote-allow-hosts"
1755024551970	Marionette	INFO	Listening on port 52988
WebDriver BiDi listening on ws://127.0.0.1:52983
Read port: 52988
1755024552271	RemoteAgent	WARN	TLS certificate errors will be ignored for this session
JavaScript warning: https://static.xx.fbcdn.net/rsrc.php/v4iQyZ4/y7/l/es_ES~es_LA-j/je-IhMgu-2p.js, line 105: WEBGL_debug_renderer_info is deprecated in Firefox and will be removed. Please use RENDERER.
1755024574955	Marionette	INFO	Stopped listening on port 52988
1755024576217	geckodriver	INFO	Listening on 127.0.0.1:53023
1755024576734	mozrunner::runner	INFO	Running command: MOZ_CRASHREPORTER="1" MOZ_CRASHREPORTER_NO_REPORT="1" MOZ_CRASHREPORTER_SHUTDOWN="1" "/Applications/Firefox. ... s" "localhost" "-foreground" "-no-remote" "-profile" "/var/folders/45/_6zmnwkn6638scvzx_7pz4_m0000gn/T/rust_mozprofilehbuLoP"
console.warn: services.settings: Ignoring preference override of remote settings server
console.warn: services.settings: Allow by setting MOZ_REMOTE_SETTINGS_DEVTOOLS=1 in the environment
1755024577318	Marionette	INFO	Marionette enabled
console.error: "Warning: unrecognized command line flag" "-remote-allow-hosts"
1755024577937	Marionette	INFO	Listening on port 53029
WebDriver BiDi listening on ws://127.0.0.1:53024
Read port: 53029
1755024578286	RemoteAgent	WARN	TLS certificate errors will be ignored for this session
JavaScript warning: https://static.xx.fbcdn.net/rsrc.php/v4iQyZ4/y7/l/es_ES~es_LA-j/je-IhMgu-2p.js, line 105: WEBGL_debug_renderer_info is deprecated in Firefox and will be removed. Please use RENDERER.
1755024601581	Marionette	INFO	Stopped listening on port 53029
1755024602837	geckodriver	INFO	Listening on 127.0.0.1:53069
1755024603347	mozrunner::runner	INFO	Running command: MOZ_CRASHREPORTER="1" MOZ_CRASHREPORTER_NO_REPORT="1" MOZ_CRASHREPORTER_SHUTDOWN="1" "/Applications/Firefox. ... s" "localhost" "-foreground" "-no-remote" "-profile" "/var/folders/45/_6zmnwkn6638scvzx_7pz4_m0000gn/T/rust_mozprofile2l0u5y"
console.warn: services.settings: Ignoring preference override of remote settings server
console.warn: services.settings: Allow by setting MOZ_REMOTE_SETTINGS_DEVTOOLS=1 in the environment
1755024603960	Marionette	INFO	Marionette enabled
console.error: "Warning: unrecognized command line flag" "-remote-allow-hosts"
1755024604583	Marionette	INFO	Listening on port 53075
WebDriver BiDi listening on ws://127.0.0.1:53070
Read port: 53075
1755024604933	RemoteAgent	WARN	TLS certificate errors will be ignored for this session
JavaScript warning: https://static.xx.fbcdn.net/rsrc.php/v4iQyZ4/y7/l/es_ES~es_LA-j/je-IhMgu-2p.js, line 105: WEBGL_debug_renderer_info is deprecated in Firefox and will be removed. Please use RENDERER.
1755024627778	Marionette	INFO	Stopped listening on port 53075
1755024629383	geckodriver	INFO	Listening on 127.0.0.1:53112
1755024629899	mozrunner::runner	INFO	Running command: MOZ_CRASHREPORTER="1" MOZ_CRASHREPORTER_NO_REPORT="1" MOZ_CRASHREPORTER_SHUTDOWN="1" "/Applications/Firefox. ... s" "localhost" "-foreground" "-no-remote" "-profile" "/var/folders/45/_6zmnwkn6638scvzx_7pz4_m0000gn/T/rust_mozprofileD7viu8"
console.warn: services.settings: Ignoring preference override of remote settings server
console.warn: services.settings: Allow by setting MOZ_REMOTE_SETTINGS_DEVTOOLS=1 in the environment
1755024630466	Marionette	INFO	Marionette enabled
console.error: "Warning: unrecognized command line flag" "-remote-allow-hosts"
1755024631086	Marionette	INFO	Listening on port 53118
WebDriver BiDi listening on ws://127.0.0.1:53113
Read port: 53118
1755024631434	RemoteAgent	WARN	TLS certificate errors will be ignored for this session
JavaScript warning: https://static.xx.fbcdn.net/rsrc.php/v4iQyZ4/y7/l/es_ES~es_LA-j/je-IhMgu-2p.js, line 105: WEBGL_debug_renderer_info is deprecated in Firefox and will be removed. Please use RENDERER.
1755024648586	Marionette	INFO	Stopped listening on port 53118
1755024650211	geckodriver	INFO	Listening on 127.0.0.1:53159
1755024650727	mozrunner::runner	INFO	Running command: MOZ_CRASHREPORTER="1" MOZ_CRASHREPORTER_NO_REPORT="1" MOZ_CRASHREPORTER_SHUTDOWN="1" "/Applications/Firefox. ... s" "localhost" "-foreground" "-no-remote" "-profile" "/var/folders/45/_6zmnwkn6638scvzx_7pz4_m0000gn/T/rust_mozprofilewCXLSC"
console.warn: services.settings: Ignoring preference override of remote settings server
console.warn: services.settings: Allow by setting MOZ_REMOTE_SETTINGS_DEVTOOLS=1 in the environment
1755024651300	Marionette	INFO	Marionette enabled
console.error: "Warning: unrecognized command line flag" "-remote-allow-hosts"
1755024651924	Marionette	INFO	Listening on port 53165
WebDriver BiDi listening on ws://127.0.0.1:53160
Read port: 53165
1755024652221	RemoteAgent	WARN	TLS certificate errors will be ignored for this session
JavaScript warning: https://static.xx.fbcdn.net/rsrc.php/v4iQyZ4/y7/l/es_ES~es_LA-j/je-IhMgu-2p.js, line 105: WEBGL_debug_renderer_info is deprecated in Firefox and will be removed. Please use RENDERER.
1755024673459	Marionette	INFO	Stopped listening on port 53165
1755024674672	geckodriver	INFO	Listening on 127.0.0.1:53194
1755024675188	mozrunner::runner	INFO	Running command: MOZ_CRASHREPORTER="1" MOZ_CRASHREPORTER_NO_REPORT="1" MOZ_CRASHREPORTER_SHUTDOWN="1" "/Applications/Firefox. ... s" "localhost" "-foreground" "-no-remote" "-profile" "/var/folders/45/_6zmnwkn6638scvzx_7pz4_m0000gn/T/rust_mozprofileMQGyvq"
console.warn: services.settings: Ignoring preference override of remote settings server
console.warn: services.settings: Allow by setting MOZ_REMOTE_SETTINGS_DEVTOOLS=1 in the environment
1755024675784	Marionette	INFO	Marionette enabled
console.error: "Warning: unrecognized command line flag" "-remote-allow-hosts"
1755024676406	Marionette	INFO	Listening on port 53200
WebDriver BiDi listening on ws://127.0.0.1:53195
Read port: 53200
1755024676754	RemoteAgent	WARN	TLS certificate errors will be ignored for this session
JavaScript warning: https://static.xx.fbcdn.net/rsrc.php/v4iQyZ4/y7/l/es_ES~es_LA-j/je-IhMgu-2p.js, line 105: WEBGL_debug_renderer_info is deprecated in Firefox and will be removed. Please use RENDERER.
1755024703341	Marionette	INFO	Stopped listening on port 53200
1755024704567	geckodriver	INFO	Listening on 127.0.0.1:53229
1755024705084	mozrunner::runner	INFO	Running command: MOZ_CRASHREPORTER="1" MOZ_CRASHREPORTER_NO_REPORT="1" MOZ_CRASHREPORTER_SHUTDOWN="1" "/Applications/Firefox. ... s" "localhost" "-foreground" "-no-remote" "-profile" "/var/folders/45/_6zmnwkn6638scvzx_7pz4_m0000gn/T/rust_mozprofilerFGjo3"
console.warn: services.settings: Ignoring preference override of remote settings server
console.warn: services.settings: Allow by setting MOZ_REMOTE_SETTINGS_DEVTOOLS=1 in the environment
1755024705668	Marionette	INFO	Marionette enabled
console.error: "Warning: unrecognized command line flag" "-remote-allow-hosts"
1755024706298	Marionette	INFO	Listening on port 53235
WebDriver BiDi listening on ws://127.0.0.1:53230
Read port: 53235
1755024706649	RemoteAgent	WARN	TLS certificate errors will be ignored for this session
JavaScript warning: https://static.xx.fbcdn.net/rsrc.php/v4iQyZ4/y7/l/es_ES~es_LA-j/je-IhMgu-2p.js, line 105: WEBGL_debug_renderer_info is deprecated in Firefox and will be removed. Please use RENDERER.
1755024728898	Marionette	INFO	Stopped listening on port 53235
1755024730109	geckodriver	INFO	Listening on 127.0.0.1:53272
1755024730625	mozrunner::runner	INFO	Running command: MOZ_CRASHREPORTER="1" MOZ_CRASHREPORTER_NO_REPORT="1" MOZ_CRASHREPORTER_SHUTDOWN="1" "/Applications/Firefox. ... s" "localhost" "-foreground" "-no-remote" "-profile" "/var/folders/45/_6zmnwkn6638scvzx_7pz4_m0000gn/T/rust_mozprofileukbp7c"
console.warn: services.settings: Ignoring preference override of remote settings server
console.warn: services.settings: Allow by setting MOZ_REMOTE_SETTINGS_DEVTOOLS=1 in the environment
1755024731209	Marionette	INFO	Marionette enabled
console.error: "Warning: unrecognized command line flag" "-remote-allow-hosts"
1755024731836	Marionette	INFO	Listening on port 53278
WebDriver BiDi listening on ws://127.0.0.1:53273
Read port: 53278
1755024732185	RemoteAgent	WARN	TLS certificate errors will be ignored for this session
JavaScript warning: https://static.xx.fbcdn.net/rsrc.php/v4iQyZ4/y7/l/es_ES~es_LA-j/je-IhMgu-2p.js, line 105: WEBGL_debug_renderer_info is deprecated in Firefox and will be removed. Please use RENDERER.
1755024754194	Marionette	INFO	Stopped listening on port 53278
1755024755401	geckodriver	INFO	Listening on 127.0.0.1:53311
1755024755919	mozrunner::runner	INFO	Running command: MOZ_CRASHREPORTER="1" MOZ_CRASHREPORTER_NO_REPORT="1" MOZ_CRASHREPORTER_SHUTDOWN="1" "/Applications/Firefox. ... s" "localhost" "-foreground" "-no-remote" "-profile" "/var/folders/45/_6zmnwkn6638scvzx_7pz4_m0000gn/T/rust_mozprofileuma9c7"
console.warn: services.settings: Ignoring preference override of remote settings server
console.warn: services.settings: Allow by setting MOZ_REMOTE_SETTINGS_DEVTOOLS=1 in the environment
1755024756483	Marionette	INFO	Marionette enabled
console.error: "Warning: unrecognized command line flag" "-remote-allow-hosts"
1755024757120	Marionette	INFO	Listening on port 53318
WebDriver BiDi listening on ws://127.0.0.1:53312
Read port: 53318
1755024757413	RemoteAgent	WARN	TLS certificate errors will be ignored for this session
JavaScript warning: https://static.xx.fbcdn.net/rsrc.php/v4iQyZ4/y7/l/es_ES~es_LA-j/je-IhMgu-2p.js, line 105: WEBGL_debug_renderer_info is deprecated in Firefox and will be removed. Please use RENDERER.
1755024780048	Marionette	INFO	Stopped listening on port 53318
1755024781268	geckodriver	INFO	Listening on 127.0.0.1:53344
1755024781785	mozrunner::runner	INFO	Running command: MOZ_CRASHREPORTER="1" MOZ_CRASHREPORTER_NO_REPORT="1" MOZ_CRASHREPORTER_SHUTDOWN="1" "/Applications/Firefox. ... s" "localhost" "-foreground" "-no-remote" "-profile" "/var/folders/45/_6zmnwkn6638scvzx_7pz4_m0000gn/T/rust_mozprofileX8nnVe"
console.warn: services.settings: Ignoring preference override of remote settings server
console.warn: services.settings: Allow by setting MOZ_REMOTE_SETTINGS_DEVTOOLS=1 in the environment
1755024782356	Marionette	INFO	Marionette enabled
console.error: "Warning: unrecognized command line flag" "-remote-allow-hosts"
1755024782970	Marionette	INFO	Listening on port 53352
WebDriver BiDi listening on ws://127.0.0.1:53345
Read port: 53352
1755024783268	RemoteAgent	WARN	TLS certificate errors will be ignored for this session
JavaScript warning: https://static.xx.fbcdn.net/rsrc.php/v4iQyZ4/y7/l/es_ES~es_LA-j/je-IhMgu-2p.js, line 105: WEBGL_debug_renderer_info is deprecated in Firefox and will be removed. Please use RENDERER.
1755024802562	Marionette	INFO	Stopped listening on port 53352
1755024804041	geckodriver	INFO	Listening on 127.0.0.1:53395
1755024804557	mozrunner::runner	INFO	Running command: MOZ_CRASHREPORTER="1" MOZ_CRASHREPORTER_NO_REPORT="1" MOZ_CRASHREPORTER_SHUTDOWN="1" "/Applications/Firefox. ... s" "localhost" "-foreground" "-no-remote" "-profile" "/var/folders/45/_6zmnwkn6638scvzx_7pz4_m0000gn/T/rust_mozprofileG4HQM8"
console.warn: services.settings: Ignoring preference override of remote settings server
console.warn: services.settings: Allow by setting MOZ_REMOTE_SETTINGS_DEVTOOLS=1 in the environment
1755024805121	Marionette	INFO	Marionette enabled
console.error: "Warning: unrecognized command line flag" "-remote-allow-hosts"
1755024805740	Marionette	INFO	Listening on port 53401
WebDriver BiDi listening on ws://127.0.0.1:53396
Read port: 53401
1755024806038	RemoteAgent	WARN	TLS certificate errors will be ignored for this session
JavaScript warning: https://static.xx.fbcdn.net/rsrc.php/v4iQyZ4/y7/l/es_ES~es_LA-j/je-IhMgu-2p.js, line 105: WEBGL_debug_renderer_info is deprecated in Firefox and will be removed. Please use RENDERER.
1755024829126	Marionette	INFO	Stopped listening on port 53401
JavaScript error: https://static.xx.fbcdn.net/rsrc.php/v4iyI64/yk/l/es_ES~es_LA-j/_J0bb6a_60Ugbn1ctqqKIqXlt4wWr1xDRcX4JxZNr6VgnskQ3cpICf66rxLp5OcifozF4pu11ElGOqHYTKvFr9g1Hx95T88a2Br.js, line 438: TypeError: can't access dead object
1755024830782	geckodriver	INFO	Listening on 127.0.0.1:53436
1755024831298	mozrunner::runner	INFO	Running command: MOZ_CRASHREPORTER="1" MOZ_CRASHREPORTER_NO_REPORT="1" MOZ_CRASHREPORTER_SHUTDOWN="1" "/Applications/Firefox. ... s" "localhost" "-foreground" "-no-remote" "-profile" "/var/folders/45/_6zmnwkn6638scvzx_7pz4_m0000gn/T/rust_mozprofileUKjEUD"
console.warn: services.settings: Ignoring preference override of remote settings server
console.warn: services.settings: Allow by setting MOZ_REMOTE_SETTINGS_DEVTOOLS=1 in the environment
1755024831865	Marionette	INFO	Marionette enabled
console.error: "Warning: unrecognized command line flag" "-remote-allow-hosts"
1755024832483	Marionette	INFO	Listening on port 53444
WebDriver BiDi listening on ws://127.0.0.1:53437
Read port: 53444
1755024832781	RemoteAgent	WARN	TLS certificate errors will be ignored for this session
JavaScript warning: https://static.xx.fbcdn.net/rsrc.php/v4iQyZ4/y7/l/es_ES~es_LA-j/je-IhMgu-2p.js, line 105: WEBGL_debug_renderer_info is deprecated in Firefox and will be removed. Please use RENDERER.
1755024856618	Marionette	INFO	Stopped listening on port 53444
1755024857853	geckodriver	INFO	Listening on 127.0.0.1:53481
1755024858369	mozrunner::runner	INFO	Running command: MOZ_CRASHREPORTER="1" MOZ_CRASHREPORTER_NO_REPORT="1" MOZ_CRASHREPORTER_SHUTDOWN="1" "/Applications/Firefox. ... s" "localhost" "-foreground" "-no-remote" "-profile" "/var/folders/45/_6zmnwkn6638scvzx_7pz4_m0000gn/T/rust_mozprofileuXBc6r"
console.warn: services.settings: Ignoring preference override of remote settings server
console.warn: services.settings: Allow by setting MOZ_REMOTE_SETTINGS_DEVTOOLS=1 in the environment
1755024858939	Marionette	INFO	Marionette enabled
console.error: "Warning: unrecognized command line flag" "-remote-allow-hosts"
1755024859554	Marionette	INFO	Listening on port 53487
WebDriver BiDi listening on ws://127.0.0.1:53482
Read port: 53487
1755024859845	RemoteAgent	WARN	TLS certificate errors will be ignored for this session
JavaScript warning: https://static.xx.fbcdn.net/rsrc.php/v4iQyZ4/y7/l/es_ES~es_LA-j/je-IhMgu-2p.js, line 105: WEBGL_debug_renderer_info is deprecated in Firefox and will be removed. Please use RENDERER.
1755024875639	Marionette	INFO	Stopped listening on port 53487
1755024877217	geckodriver	INFO	Listening on 127.0.0.1:53528
1755024877732	mozrunner::runner	INFO	Running command: MOZ_CRASHREPORTER="1" MOZ_CRASHREPORTER_NO_REPORT="1" MOZ_CRASHREPORTER_SHUTDOWN="1" "/Applications/Firefox. ... s" "localhost" "-foreground" "-no-remote" "-profile" "/var/folders/45/_6zmnwkn6638scvzx_7pz4_m0000gn/T/rust_mozprofileitD55I"
console.warn: services.settings: Ignoring preference override of remote settings server
console.warn: services.settings: Allow by setting MOZ_REMOTE_SETTINGS_DEVTOOLS=1 in the environment
1755024878296	Marionette	INFO	Marionette enabled
console.error: "Warning: unrecognized command line flag" "-remote-allow-hosts"
1755024878915	Marionette	INFO	Listening on port 53534
WebDriver BiDi listening on ws://127.0.0.1:53529
Read port: 53534
1755024879209	RemoteAgent	WARN	TLS certificate errors will be ignored for this session
JavaScript warning: https://static.xx.fbcdn.net/rsrc.php/v4iQyZ4/y7/l/es_ES~es_LA-j/je-IhMgu-2p.js, line 105: WEBGL_debug_renderer_info is deprecated in Firefox and will be removed. Please use RENDERER.
1755024900638	Marionette	INFO	Stopped listening on port 53534
1755024901873	geckodriver	INFO	Listening on 127.0.0.1:53564
1755024902388	mozrunner::runner	INFO	Running command: MOZ_CRASHREPORTER="1" MOZ_CRASHREPORTER_NO_REPORT="1" MOZ_CRASHREPORTER_SHUTDOWN="1" "/Applications/Firefox. ... s" "localhost" "-foreground" "-no-remote" "-profile" "/var/folders/45/_6zmnwkn6638scvzx_7pz4_m0000gn/T/rust_mozprofileDH6tdE"
console.warn: services.settings: Ignoring preference override of remote settings server
console.warn: services.settings: Allow by setting MOZ_REMOTE_SETTINGS_DEVTOOLS=1 in the environment
1755024902953	Marionette	INFO	Marionette enabled
console.error: "Warning: unrecognized command line flag" "-remote-allow-hosts"
1755024903572	Marionette	INFO	Listening on port 53572
WebDriver BiDi listening on ws://127.0.0.1:53565
Read port: 53572
1755024903868	RemoteAgent	WARN	TLS certificate errors will be ignored for this session
JavaScript warning: https://static.xx.fbcdn.net/rsrc.php/v4iQyZ4/y7/l/es_ES~es_LA-j/je-IhMgu-2p.js, line 105: WEBGL_debug_renderer_info is deprecated in Firefox and will be removed. Please use RENDERER.
1755024921309	Marionette	INFO	Stopped listening on port 53572
1755024922887	geckodriver	INFO	Listening on 127.0.0.1:53615
1755024923403	mozrunner::runner	INFO	Running command: MOZ_CRASHREPORTER="1" MOZ_CRASHREPORTER_NO_REPORT="1" MOZ_CRASHREPORTER_SHUTDOWN="1" "/Applications/Firefox. ... s" "localhost" "-foreground" "-no-remote" "-profile" "/var/folders/45/_6zmnwkn6638scvzx_7pz4_m0000gn/T/rust_mozprofileiWrBJj"
console.warn: services.settings: Ignoring preference override of remote settings server
console.warn: services.settings: Allow by setting MOZ_REMOTE_SETTINGS_DEVTOOLS=1 in the environment
1755024923970	Marionette	INFO	Marionette enabled
console.error: "Warning: unrecognized command line flag" "-remote-allow-hosts"
1755024924587	Marionette	INFO	Listening on port 53623
WebDriver BiDi listening on ws://127.0.0.1:53616
Read port: 53623
1755024924933	RemoteAgent	WARN	TLS certificate errors will be ignored for this session
JavaScript warning: https://static.xx.fbcdn.net/rsrc.php/v4iQyZ4/y7/l/es_ES~es_LA-j/je-IhMgu-2p.js, line 105: WEBGL_debug_renderer_info is deprecated in Firefox and will be removed. Please use RENDERER.
1755024948319	Marionette	INFO	Stopped listening on port 53623
1755024949553	geckodriver	INFO	Listening on 127.0.0.1:53654
1755024950067	mozrunner::runner	INFO	Running command: MOZ_CRASHREPORTER="1" MOZ_CRASHREPORTER_NO_REPORT="1" MOZ_CRASHREPORTER_SHUTDOWN="1" "/Applications/Firefox. ... s" "localhost" "-foreground" "-no-remote" "-profile" "/var/folders/45/_6zmnwkn6638scvzx_7pz4_m0000gn/T/rust_mozprofilexxzpID"
console.warn: services.settings: Ignoring preference override of remote settings server
console.warn: services.settings: Allow by setting MOZ_REMOTE_SETTINGS_DEVTOOLS=1 in the environment
1755024950637	Marionette	INFO	Marionette enabled
console.error: "Warning: unrecognized command line flag" "-remote-allow-hosts"
1755024951286	Marionette	INFO	Listening on port 53661
WebDriver BiDi listening on ws://127.0.0.1:53655
Read port: 53661
1755024951637	RemoteAgent	WARN	TLS certificate errors will be ignored for this session
JavaScript warning: https://static.xx.fbcdn.net/rsrc.php/v4iQyZ4/y7/l/es_ES~es_LA-j/je-IhMgu-2p.js, line 105: WEBGL_debug_renderer_info is deprecated in Firefox and will be removed. Please use RENDERER.
1755024975202	Marionette	INFO	Stopped listening on port 53661
1755024976431	geckodriver	INFO	Listening on 127.0.0.1:53699
1755024976947	mozrunner::runner	INFO	Running command: MOZ_CRASHREPORTER="1" MOZ_CRASHREPORTER_NO_REPORT="1" MOZ_CRASHREPORTER_SHUTDOWN="1" "/Applications/Firefox. ... s" "localhost" "-foreground" "-no-remote" "-profile" "/var/folders/45/_6zmnwkn6638scvzx_7pz4_m0000gn/T/rust_mozprofilebQxSaE"
console.warn: services.settings: Ignoring preference override of remote settings server
console.warn: services.settings: Allow by setting MOZ_REMOTE_SETTINGS_DEVTOOLS=1 in the environment
1755024977518	Marionette	INFO	Marionette enabled
console.error: "Warning: unrecognized command line flag" "-remote-allow-hosts"
1755024978130	Marionette	INFO	Listening on port 53705
WebDriver BiDi listening on ws://127.0.0.1:53700
Read port: 53705
1755024978425	RemoteAgent	WARN	TLS certificate errors will be ignored for this session
JavaScript warning: https://static.xx.fbcdn.net/rsrc.php/v4iQyZ4/y7/l/es_ES~es_LA-j/je-IhMgu-2p.js, line 105: WEBGL_debug_renderer_info is deprecated in Firefox and will be removed. Please use RENDERER.
1755025000359	Marionette	INFO	Stopped listening on port 53705
JavaScript error: https://static.xx.fbcdn.net/rsrc.php/v4iyI64/yk/l/es_ES~es_LA-j/_J0bb6a_60Ugbn1ctqqKIqXlt4wWr1xDRcX4JxZNr6VgnskQ3cpICf66rxLp5OcifozF4pu11ElGOqHYTKvFr9g1Hx95T88a2Br.js, line 438: TypeError: can't access dead object
1755025002064	geckodriver	INFO	Listening on 127.0.0.1:53747
1755025002579	mozrunner::runner	INFO	Running command: MOZ_CRASHREPORTER="1" MOZ_CRASHREPORTER_NO_REPORT="1" MOZ_CRASHREPORTER_SHUTDOWN="1" "/Applications/Firefox. ... s" "localhost" "-foreground" "-no-remote" "-profile" "/var/folders/45/_6zmnwkn6638scvzx_7pz4_m0000gn/T/rust_mozprofilexmZCFh"
console.warn: services.settings: Ignoring preference override of remote settings server
console.warn: services.settings: Allow by setting MOZ_REMOTE_SETTINGS_DEVTOOLS=1 in the environment
1755025003145	Marionette	INFO	Marionette enabled
console.error: "Warning: unrecognized command line flag" "-remote-allow-hosts"
1755025003758	Marionette	INFO	Listening on port 53755
WebDriver BiDi listening on ws://127.0.0.1:53748
Read port: 53755
1755025004053	RemoteAgent	WARN	TLS certificate errors will be ignored for this session
JavaScript warning: https://static.xx.fbcdn.net/rsrc.php/v4iQyZ4/y7/l/es_ES~es_LA-j/je-IhMgu-2p.js, line 105: WEBGL_debug_renderer_info is deprecated in Firefox and will be removed. Please use RENDERER.
1755025022127	Marionette	INFO	Stopped listening on port 53755
1755025023676	geckodriver	INFO	Listening on 127.0.0.1:53796
1755025024192	mozrunner::runner	INFO	Running command: MOZ_CRASHREPORTER="1" MOZ_CRASHREPORTER_NO_REPORT="1" MOZ_CRASHREPORTER_SHUTDOWN="1" "/Applications/Firefox. ... s" "localhost" "-foreground" "-no-remote" "-profile" "/var/folders/45/_6zmnwkn6638scvzx_7pz4_m0000gn/T/rust_mozprofilepL3r9v"
console.warn: services.settings: Ignoring preference override of remote settings server
console.warn: services.settings: Allow by setting MOZ_REMOTE_SETTINGS_DEVTOOLS=1 in the environment
1755025024754	Marionette	INFO	Marionette enabled
console.error: "Warning: unrecognized command line flag" "-remote-allow-hosts"
1755025025378	Marionette	INFO	Listening on port 53802
WebDriver BiDi listening on ws://127.0.0.1:53797
Read port: 53802
1755025025725	RemoteAgent	WARN	TLS certificate errors will be ignored for this session
JavaScript warning: https://static.xx.fbcdn.net/rsrc.php/v4iQyZ4/y7/l/es_ES~es_LA-j/je-IhMgu-2p.js, line 105: WEBGL_debug_renderer_info is deprecated in Firefox and will be removed. Please use RENDERER.
1755025047768	Marionette	INFO	Stopped listening on port 53802
1755025048987	geckodriver	INFO	Listening on 127.0.0.1:53832
1755025049503	mozrunner::runner	INFO	Running command: MOZ_CRASHREPORTER="1" MOZ_CRASHREPORTER_NO_REPORT="1" MOZ_CRASHREPORTER_SHUTDOWN="1" "/Applications/Firefox. ... s" "localhost" "-foreground" "-no-remote" "-profile" "/var/folders/45/_6zmnwkn6638scvzx_7pz4_m0000gn/T/rust_mozprofiletVChI3"
console.warn: services.settings: Ignoring preference override of remote settings server
console.warn: services.settings: Allow by setting MOZ_REMOTE_SETTINGS_DEVTOOLS=1 in the environment
1755025050069	Marionette	INFO	Marionette enabled
console.error: "Warning: unrecognized command line flag" "-remote-allow-hosts"
1755025050694	Marionette	INFO	Listening on port 53838
WebDriver BiDi listening on ws://127.0.0.1:53833
Read port: 53838
1755025050989	RemoteAgent	WARN	TLS certificate errors will be ignored for this session
JavaScript warning: https://static.xx.fbcdn.net/rsrc.php/v4iQyZ4/y7/l/es_ES~es_LA-j/je-IhMgu-2p.js, line 105: WEBGL_debug_renderer_info is deprecated in Firefox and will be removed. Please use RENDERER.
1755025073165	Marionette	INFO	Stopped listening on port 53838
1755025074378	geckodriver	INFO	Listening on 127.0.0.1:53873
1755025074894	mozrunner::runner	INFO	Running command: MOZ_CRASHREPORTER="1" MOZ_CRASHREPORTER_NO_REPORT="1" MOZ_CRASHREPORTER_SHUTDOWN="1" "/Applications/Firefox. ... s" "localhost" "-foreground" "-no-remote" "-profile" "/var/folders/45/_6zmnwkn6638scvzx_7pz4_m0000gn/T/rust_mozprofile3C2Svm"
console.warn: services.settings: Ignoring preference override of remote settings server
console.warn: services.settings: Allow by setting MOZ_REMOTE_SETTINGS_DEVTOOLS=1 in the environment
1755025075452	Marionette	INFO	Marionette enabled
console.error: "Warning: unrecognized command line flag" "-remote-allow-hosts"
1755025076071	Marionette	INFO	Listening on port 53879
WebDriver BiDi listening on ws://127.0.0.1:53874
Read port: 53879
1755025076366	RemoteAgent	WARN	TLS certificate errors will be ignored for this session
JavaScript warning: https://static.xx.fbcdn.net/rsrc.php/v4iQyZ4/y7/l/es_ES~es_LA-j/je-IhMgu-2p.js, line 105: WEBGL_debug_renderer_info is deprecated in Firefox and will be removed. Please use RENDERER.
1755025100365	Marionette	INFO	Stopped listening on port 53879
JavaScript warning: https://static.xx.fbcdn.net/rsrc.php/v4iyI64/yk/l/es_ES~es_LA-j/_J0bb6a_60Ugbn1ctqqKIqXlt4wWr1xDRcX4JxZNr6VgnskQ3cpICf66rxLp5OcifozF4pu11ElGOqHYTKvFr9g1Hx95T88a2Br.js, line 751: Script terminated by timeout at:
Y@https://static.xx.fbcdn.net/rsrc.php/v4iyI64/yk/l/es_ES~es_LA-j/_J0bb6a_60Ugbn1ctqqKIqXlt4wWr1xDRcX4JxZNr6VgnskQ3cpICf66rxLp5OcifozF4pu11ElGOqHYTKvFr9g1Hx95T88a2Br.js:751:65353
ya@https://static.xx.fbcdn.net/rsrc.php/v4iyI64/yk/l/es_ES~es_LA-j/_J0bb6a_60Ugbn1ctqqKIqXlt4wWr1xDRcX4JxZNr6VgnskQ3cpICf66rxLp5OcifozF4pu11ElGOqHYTKvFr9g1Hx95T88a2Br.js:751:65543
K/H<@https://static.xx.fbcdn.net/rsrc.php/v4iyI64/yk/l/es_ES~es_LA-j/_J0bb6a_60Ugbn1ctqqKIqXlt4wWr1xDRcX4JxZNr6VgnskQ3cpICf66rxLp5OcifozF4pu11ElGOqHYTKvFr9g1Hx95T88a2Br.js:751:31674
K@https://static.xx.fbcdn.net/rsrc.php/v4iyI64/yk/l/es_ES~es_LA-j/_J0bb6a_60Ugbn1ctqqKIqXlt4wWr1xDRcX4JxZNr6VgnskQ3cpICf66rxLp5OcifozF4pu11ElGOqHYTKvFr9g1Hx95T88a2Br.js:751:31651
J/w<@https://static.xx.fbcdn.net/rsrc.php/v4iyI64/yk/l/es_ES~es_LA-j/_J0bb6a_60Ugbn1ctqqKIqXlt4wWr1xDRcX4JxZNr6VgnskQ3cpICf66rxLp5OcifozF4pu11ElGOqHYTKvFr9g1Hx95T88a2Br.js:751:19276
J@https://static.xx.fbcdn.net/rsrc.php/v4iyI64/yk/l/es_ES~es_LA-j/_J0bb6a_60Ugbn1ctqqKIqXlt4wWr1xDRcX4JxZNr6VgnskQ3cpICf66rxLp5OcifozF4pu11ElGOqHYTKvFr9g1Hx95T88a2Br.js:751:17280
A@https://static.xx.fbcdn.net/rsrc.php/v4iyI64/yk/l/es_ES~es_LA-j/_J0bb6a_60Ugbn1ctqqKIqXlt4wWr1xDRcX4JxZNr6VgnskQ3cpICf66rxLp5OcifozF4pu11ElGOqHYTKvFr9g1Hx95T88a2Br.js:751:12437
a<@https://static.xx.fbcdn.net/rsrc.php/v4iyI64/yk/l/es_ES~es_LA-j/_J0bb6a_60Ugbn1ctqqKIqXlt4wWr1xDRcX4JxZNr6VgnskQ3cpICf66rxLp5OcifozF4pu11ElGOqHYTKvFr9g1Hx95T88a2Br.js:751:5057
m@https://static.xx.fbcdn.net/rsrc.php/v4iyI64/yk/l/es_ES~es_LA-j/_J0bb6a_60Ugbn1ctqqKIqXlt4wWr1xDRcX4JxZNr6VgnskQ3cpICf66rxLp5OcifozF4pu11ElGOqHYTKvFr9g1Hx95T88a2Br.js:732:2280
l/<@https://static.xx.fbcdn.net/rsrc.php/v4iyI64/yk/l/es_ES~es_LA-j/_J0bb6a_60Ugbn1ctqqKIqXlt4wWr1xDRcX4JxZNr6VgnskQ3cpICf66rxLp5OcifozF4pu11ElGOqHYTKvFr9g1Hx95T88a2Br.js:732:657
i@https://static.xx.fbcdn.net/rsrc.php/v4iyI64/yk/l/es_ES~es_LA-j/_J0bb6a_60Ugbn1ctqqKIqXlt4wWr1xDRcX4JxZNr6VgnskQ3cpICf66rxLp5OcifozF4pu11ElGOqHYTKvFr9g1Hx95T88a2Br.js:731:200
j@https://static.xx.fbcdn.net/rsrc.php/v4iyI64/yk/l/es_ES~es_LA-j/_J0bb6a_60Ugbn1ctqqKIqXlt4wWr1xDRcX4JxZNr6VgnskQ3cpICf66rxLp5OcifozF4pu11ElGOqHYTKvFr9g1Hx95T88a2Br.js:731:389
i@https://static.xx.fbcdn.net/rsrc.php/v4iyI64/yk/l/es_ES~es_LA-j/_J0bb6a_60Ugbn1ctqqKIqXlt4wWr1xDRcX4JxZNr6VgnskQ3cpICf66rxLp5OcifozF4pu11ElGOqHYTKvFr9g1Hx95T88a2Br.js:731:200
j@https://static.xx.fbcdn.net/rsrc.php/v4iyI64/yk/l/es_ES~es_LA-j/_J0bb6a_60Ugbn1ctqqKIqXlt4wWr1xDRcX4JxZNr6VgnskQ3cpICf66rxLp5OcifozF4pu11ElGOqHYTKvFr9g1Hx95T88a2Br.js:731:389
i@https://static.xx.fbcdn.net/rsrc.php/v4iyI64/yk/l/es_ES~es_LA-j/_J0bb6a_60Ugbn1ctqqKIqXlt4wWr1xDRcX4JxZNr6VgnskQ3cpICf66rxLp5OcifozF4pu11ElGOqHYTKvFr9g1Hx95T88a2Br.js:731:200
j@https://static.xx.fbcdn.net/rsrc.php/v4iyI64/yk/l/es_ES~es_LA-j/_J0bb6a_60Ugbn1ctqqKIqXlt4wWr1xDRcX4JxZNr6VgnskQ3cpICf66rxLp5OcifozF4pu11ElGOqHYTKvFr9g1Hx95T88a2Br.js:731:389
i@https://static.xx.fbcdn.net/rsrc.php/v4iyI64/yk/l/es_ES~es_LA-j/_J0bb6a_60Ugbn1ctqqKIqXlt4wWr1xDRcX4JxZNr6VgnskQ3cpICf66rxLp5OcifozF4pu11ElGOqHYTKvFr9g1Hx95T88a2Br.js:731:299
j@https://static.xx.fbcdn.net/rsrc.php/v4iyI64/yk/l/es_ES~es_LA-j/_J0bb6a_60Ugbn1ctqqKIqXlt4wWr1xDRcX4JxZNr6VgnskQ3cpICf66rxLp5OcifozF4pu11ElGOqHYTKvFr9g1Hx95T88a2Br.js:731:389
i@https://static.xx.fbcdn.net/rsrc.php/v4iyI64/yk/l/es_ES~es_LA-j/_J0bb6a_60Ugbn1ctqqKIqXlt4wWr1xDRcX4JxZNr6VgnskQ3cpICf66rxLp5OcifozF4pu11ElGOqHYTKvFr9g1Hx95T88a2Br.js:731:299
j@https://static.xx.fbcdn.net/rsrc.php/v4iyI64/yk/l/es_ES~es_LA-j/_J0bb6a_60Ugbn1ctqqKIqXlt4wWr1xDRcX4JxZNr6VgnskQ3cpICf66rxLp5OcifozF4pu11ElGOqHYTKvFr9g1Hx95T88a2Br.js:731:389
scheduleToRun@https://static.xx.fbcdn.net/rsrc.php/v4iyI64/yk/l/es_ES~es_LA-j/_J0bb6a_60Ugbn1ctqqKIqXlt4wWr1xDRcX4JxZNr6VgnskQ3cpICf66rxLp5OcifozF4pu11ElGOqHYTKvFr9g1Hx95T88a2Br.js:754:9792
k@https://static.xx.fbcdn.net/rsrc.php/v4iyI64/yk/l/es_ES~es_LA-j/_J0bb6a_60Ugbn1ctqqKIqXlt4wWr1xDRcX4JxZNr6VgnskQ3cpICf66rxLp5OcifozF4pu11ElGOqHYTKvFr9g1Hx95T88a2Br.js:731:427
a@https://static.xx.fbcdn.net/rsrc.php/v4iyI64/yk/l/es_ES~es_LA-j/_J0bb6a_60Ugbn1ctqqKIqXlt4wWr1xDRcX4JxZNr6VgnskQ3cpICf66rxLp5OcifozF4pu11ElGOqHYTKvFr9g1Hx95T88a2Br.js:731:553
k@https://static.xx.fbcdn.net/rsrc.php/v4iyI64/yk/l/es_ES~es_LA-j/_J0bb6a_60Ugbn1ctqqKIqXlt4wWr1xDRcX4JxZNr6VgnskQ3cpICf66rxLp5OcifozF4pu11ElGOqHYTKvFr9g1Hx95T88a2Br.js:731:427
a@https://static.xx.fbcdn.net/rsrc.php/v4iyI64/yk/l/es_ES~es_LA-j/_J0bb6a_60Ugbn1ctqqKIqXlt4wWr1xDRcX4JxZNr6VgnskQ3cpICf66rxLp5OcifozF4pu11ElGOqHYTKvFr9g1Hx95T88a2Br.js:731:553
l@https://static.xx.fbcdn.net/rsrc.php/v4iyI64/yk/l/es_ES~es_LA-j/_J0bb6a_60Ugbn1ctqqKIqXlt4wWr1xDRcX4JxZNr6VgnskQ3cpICf66rxLp5OcifozF4pu11ElGOqHYTKvFr9g1Hx95T88a2Br.js:732:633
sendToSelf@https://static.xx.fbcdn.net/rsrc.php/v4iyI64/yk/l/es_ES~es_LA-j/_J0bb6a_60Ugbn1ctqqKIqXlt4wWr1xDRcX4JxZNr6VgnskQ3cpICf66rxLp5OcifozF4pu11ElGOqHYTKvFr9g1Hx95T88a2Br.js:732:1691
a</a<@https://static.xx.fbcdn.net/rsrc.php/v4iyI64/yk/l/es_ES~es_LA-j/_J0bb6a_60Ugbn1ctqqKIqXlt4wWr1xDRcX4JxZNr6VgnskQ3cpICf66rxLp5OcifozF4pu11ElGOqHYTKvFr9g1Hx95T88a2Br.js:758:518
z@https://static.xx.fbcdn.net/rsrc.php/v4iyI64/yk/l/es_ES~es_LA-j/_J0bb6a_60Ugbn1ctqqKIqXlt4wWr1xDRcX4JxZNr6VgnskQ3cpICf66rxLp5OcifozF4pu11ElGOqHYTKvFr9g1Hx95T88a2Br.js:735:1226
l@https://static.xx.fbcdn.net/rsrc.php/v4iyI64/yk/l/es_ES~es_LA-j/_J0bb6a_60Ugbn1ctqqKIqXlt4wWr1xDRcX4JxZNr6VgnskQ3cpICf66rxLp5OcifozF4pu11ElGOqHYTKvFr9g1Hx95T88a2Br.js:1029:451
n@https://static.xx.fbcdn.net/rsrc.php/v4iyI64/yk/l/es_ES~es_LA-j/_J0bb6a_60Ugbn1ctqqKIqXlt4wWr1xDRcX4JxZNr6VgnskQ3cpICf66rxLp5OcifozF4pu11ElGOqHYTKvFr9g1Hx95T88a2Br.js:1029:695
a/<@https://static.xx.fbcdn.net/rsrc.php/v4iyI64/yk/l/es_ES~es_LA-j/_J0bb6a_60Ugbn1ctqqKIqXlt4wWr1xDRcX4JxZNr6VgnskQ3cpICf66rxLp5OcifozF4pu11ElGOqHYTKvFr9g1Hx95T88a2Br.js:735:2725
b.$2@https://static.xx.fbcdn.net/rsrc.php/v4/yS/r/Tk4D3z-XYWS.js:92:822
e.onMessageHandler@https://static.xx.fbcdn.net/rsrc.php/v4iyI64/yk/l/es_ES~es_LA-j/_J0bb6a_60Ugbn1ctqqKIqXlt4wWr1xDRcX4JxZNr6VgnskQ3cpICf66rxLp5OcifozF4pu11ElGOqHYTKvFr9g1Hx95T88a2Br.js:1061:1450
a/<@https://static.xx.fbcdn.net/rsrc.php/v4iyI64/yk/l/es_ES~es_LA-j/_J0bb6a_60Ugbn1ctqqKIqXlt4wWr1xDRcX4JxZNr6VgnskQ3cpICf66rxLp5OcifozF4pu11ElGOqHYTKvFr9g1Hx95T88a2Br.js:1061:703
b.$2@https://static.xx.fbcdn.net/rsrc.php/v4/yS/r/Tk4D3z-XYWS.js:92:822
f@https://static.xx.fbcdn.net/rsrc.php/v4iyI64/yk/l/es_ES~es_LA-j/_J0bb6a_60Ugbn1ctqqKIqXlt4wWr1xDRcX4JxZNr6VgnskQ3cpICf66rxLp5OcifozF4pu11ElGOqHYTKvFr9g1Hx95T88a2Br.js:1058:786
e.postMessage@https://static.xx.fbcdn.net/rsrc.php/v4iyI64/yk/l/es_ES~es_LA-j/_J0bb6a_60Ugbn1ctqqKIqXlt4wWr1xDRcX4JxZNr6VgnskQ3cpICf66rxLp5OcifozF4pu11ElGOqHYTKvFr9g1Hx95T88a2Br.js:1058:818
e.postMessage@https://static.xx.fbcdn.net/rsrc.php/v4iyI64/yk/l/es_ES~es_LA-j/_J0bb6a_60Ugbn1ctqqKIqXlt4wWr1xDRcX4JxZNr6VgnskQ3cpICf66rxLp5OcifozF4pu11ElGOqHYTKvFr9g1Hx95T88a2Br.js:1061:1555
B@https://static.xx.fbcdn.net/rsrc.php/v4iyI64/yk/l/es_ES~es_LA-j/_J0bb6a_60Ugbn1ctqqKIqXlt4wWr1xDRcX4JxZNr6VgnskQ3cpICf66rxLp5OcifozF4pu11ElGOqHYTKvFr9g1Hx95T88a2Br.js:735:1477
l@https://static.xx.fbcdn.net/rsrc.php/v4iyI64/yk/l/es_ES~es_LA-j/_J0bb6a_60Ugbn1ctqqKIqXlt4wWr1xDRcX4JxZNr6VgnskQ3cpICf66rxLp5OcifozF4pu11ElGOqHYTKvFr9g1Hx95T88a2Br.js:1029:451
n@https://static.xx.fbcdn.net/rsrc.php/v4iyI64/yk/l/es_ES~es_LA-j/_J0bb6a_60Ugbn1ctqqKIqXlt4wWr1xDRcX4JxZNr6VgnskQ3cpICf66rxLp5OcifozF4pu11ElGOqHYTKvFr9g1Hx95T88a2Br.js:1029:695
E@https://static.xx.fbcdn.net/rsrc.php/v4iyI64/yk/l/es_ES~es_LA-j/_J0bb6a_60Ugbn1ctqqKIqXlt4wWr1xDRcX4JxZNr6VgnskQ3cpICf66rxLp5OcifozF4pu11ElGOqHYTKvFr9g1Hx95T88a2Br.js:735:2104
l@https://static.xx.fbcdn.net/rsrc.php/v4iyI64/yk/l/es_ES~es_LA-j/_J0bb6a_60Ugbn1ctqqKIqXlt4wWr1xDRcX4JxZNr6VgnskQ3cpICf66rxLp5OcifozF4pu11ElGOqHYTKvFr9g1Hx95T88a2Br.js:958:14047
a<@https://static.xx.fbcdn.net/rsrc.php/v4iyI64/yk/l/es_ES~es_LA-j/_J0bb6a_60Ugbn1ctqqKIqXlt4wWr1xDRcX4JxZNr6VgnskQ3cpICf66rxLp5OcifozF4pu11ElGOqHYTKvFr9g1Hx95T88a2Br.js:958:8494
m@https://static.xx.fbcdn.net/rsrc.php/v4iyI64/yk/l/es_ES~es_LA-j/_J0bb6a_60Ugbn1ctqqKIqXlt4wWr1xDRcX4JxZNr6VgnskQ3cpICf66rxLp5OcifozF4pu11ElGOqHYTKvFr9g1Hx95T88a2Br.js:732:2280
l/<@https://static.xx.fbcdn.net/rsrc.php/v4iyI64/yk/l/es_ES~es_LA-j/_J0bb6a_60Ugbn1ctqqKIqXlt4wWr1xDRcX4JxZNr6VgnskQ3cpICf66rxLp5OcifozF4pu11ElGOqHYTKvFr9g1Hx95T88a2Br.js:732:657
i@https://static.xx.fbcdn.net/rsrc.php/v4iyI64/yk/l/es_ES~es_LA-j/_J0bb6a_60Ugbn1ctqqKIqXlt4wWr1xDRcX4JxZNr6VgnskQ3cpICf66rxLp5OcifozF4pu11ElGOqHYTKvFr9g1Hx95T88a2Br.js:731:200
j@https://static.xx.fbcdn.net/rsrc.php/v4iyI64/yk/l/es_ES~es_LA-j/_J0bb6a_60Ugbn1ctqqKIqXlt4wWr1xDRcX4JxZNr6VgnskQ3cpICf66rxLp5OcifozF4pu11ElGOqHYTKvFr9g1Hx95T88a2Br.js:731:389
i@https://static.xx.fbcdn.net/rsrc.php/v4iyI64/yk/l/es_ES~es_LA-j/_J0bb6a_60Ugbn1ctqqKIqXlt4wWr1xDRcX4JxZNr6VgnskQ3cpICf66rxLp5OcifozF4pu11ElGOqHYTKvFr9g1Hx95T88a2Br.js:731:299
j@https://static.xx.fbcdn.net/rsrc.php/v4iyI64/yk/l/es_ES~es_LA-j/_J0bb6a_60Ugbn1ctqqKIqXlt4wWr1xDRcX4JxZNr6VgnskQ3cpICf66rxLp5OcifozF4pu11ElGOqHYTKvFr9g1Hx95T88a2Br.js:731:389
i@https://static.xx.fbcdn.net/rsrc.php/v4iyI64/yk/l/es_ES~es_LA-j/_J0bb6a_60Ugbn1ctqqKIqXlt4wWr1xDRcX4JxZNr6VgnskQ3cpICf66rxLp5OcifozF4pu11ElGOqHYTKvFr9g1Hx95T88a2Br.js:731:299
j@https://static.xx.fbcdn.net/rsrc.php/v4iyI64/yk/l/es_ES~es_LA-j/_J0bb6a_60Ugbn1ctqqKIqXlt4wWr1xDRcX4JxZNr6VgnskQ3cpICf66rxLp5OcifozF4pu11ElGOqHYTKvFr9g1Hx95T88a2Br.js:731:389
i@https://static.xx.fbcdn.net/rsrc.php/v4iyI64/yk/l/es_ES~es_LA-j/_J0bb6a_60Ugbn1ctqqKIqXlt4wWr1xDRcX4JxZNr6VgnskQ3cpICf66rxLp5OcifozF4pu11ElGOqHYTKvFr9g1Hx95T88a2Br.js:731:200
j@https://static.xx.fbcdn.net/rsrc.php/v4iyI64/yk/l/es_ES~es_LA-j/_J0bb6a_60Ugbn1ctqqKIqXlt4wWr1xDRcX4JxZNr6VgnskQ3cpICf66rxLp5OcifozF4pu11ElGOqHYTKvFr9g1Hx95T88a2Br.js:731:389
scheduleToRun@https://static.xx.fbcdn.net/rsrc.php/v4iyI64/yk/l/es_ES~es_LA-j/_J0bb6a_60Ugbn1ctqqKIqXlt4wWr1xDRcX4JxZNr6VgnskQ3cpICf66rxLp5OcifozF4pu11ElGOqHYTKvFr9g1Hx95T88a2Br.js:754:9792
k@https://static.xx.fbcdn.net/rsrc.php/v4iyI64/yk/l/es_ES~es_LA-j/_J0bb6a_60Ugbn1ctqqKIqXlt4wWr1xDRcX4JxZNr6VgnskQ3cpICf66rxLp5OcifozF4pu11ElGOqHYTKvFr9g1Hx95T88a2Br.js:731:427
a@https://static.xx.fbcdn.net/rsrc.php/v4iyI64/yk/l/es_ES~es_LA-j/_J0bb6a_60Ugbn1ctqqKIqXlt4wWr1xDRcX4JxZNr6VgnskQ3cpICf66rxLp5OcifozF4pu11ElGOqHYTKvFr9g1Hx95T88a2Br.js:731:553
k@https://static.xx.fbcdn.net/rsrc.php/v4iyI64/yk/l/es_ES~es_LA-j/_J0bb6a_60Ugbn1ctqqKIqXlt4wWr1xDRcX4JxZNr6VgnskQ3cpICf66rxLp5OcifozF4pu11ElGOqHYTKvFr9g1Hx95T88a2Br.js:731:427
a@https://static.xx.fbcdn.net/rsrc.php/v4iyI64/yk/l/es_ES~es_LA-j/_J0bb6a_60Ugbn1ctqqKIqXlt4wWr1xDRcX4JxZNr6VgnskQ3cpICf66rxLp5OcifozF4pu11ElGOqHYTKvFr9g1Hx95T88a2Br.js:731:553
k@https://static.xx.fbcdn.net/rsrc.php/v4iyI64/yk/l/es_ES~es_LA-j/_J0bb6a_60Ugbn1ctqqKIqXlt4wWr1xDRcX4JxZNr6VgnskQ3cpICf66rxLp5OcifozF4pu11ElGOqHYTKvFr9g1Hx95T88a2Br.js:731:427
a@https://static.xx.fbcdn.net/rsrc.php/v4iyI64/yk/l/es_ES~es_LA-j/_J0bb6a_60Ugbn1ctqqKIqXlt4wWr1xDRcX4JxZNr6VgnskQ3cpICf66rxLp5OcifozF4pu11ElGOqHYTKvFr9g1Hx95T88a2Br.js:731:553
l@https://static.xx.fbcdn.net/rsrc.php/v4iyI64/yk/l/es_ES~es_LA-j/_J0bb6a_60Ugbn1ctqqKIqXlt4wWr1xDRcX4JxZNr6VgnskQ3cpICf66rxLp5OcifozF4pu11ElGOqHYTKvFr9g1Hx95T88a2Br.js:732:633
sendToSelf@https://static.xx.fbcdn.net/rsrc.php/v4iyI64/yk/l/es_ES~es_LA-j/_J0bb6a_60Ugbn1ctqqKIqXlt4wWr1xDRcX4JxZNr6VgnskQ3cpICf66rxLp5OcifozF4pu11ElGOqHYTKvFr9g1Hx95T88a2Br.js:732:1691
a</v<@https://static.xx.fbcdn.net/rsrc.php/v4iyI64/yk/l/es_ES~es_LA-j/_J0bb6a_60Ugbn1ctqqKIqXlt4wWr1xDRcX4JxZNr6VgnskQ3cpICf66rxLp5OcifozF4pu11ElGOqHYTKvFr9g1Hx95T88a2Br.js:956:2332
g@https://static.xx.fbcdn.net/rsrc.php/v4iyI64/yk/l/es_ES~es_LA-j/_J0bb6a_60Ugbn1ctqqKIqXlt4wWr1xDRcX4JxZNr6VgnskQ3cpICf66rxLp5OcifozF4pu11ElGOqHYTKvFr9g1Hx95T88a2Br.js:754:13892

1755025101962	geckodriver	INFO	Listening on 127.0.0.1:53918
1755025102478	mozrunner::runner	INFO	Running command: MOZ_CRASHREPORTER="1" MOZ_CRASHREPORTER_NO_REPORT="1" MOZ_CRASHREPORTER_SHUTDOWN="1" "/Applications/Firefox. ... s" "localhost" "-foreground" "-no-remote" "-profile" "/var/folders/45/_6zmnwkn6638scvzx_7pz4_m0000gn/T/rust_mozprofileaK8DNC"
console.warn: services.settings: Ignoring preference override of remote settings server
console.warn: services.settings: Allow by setting MOZ_REMOTE_SETTINGS_DEVTOOLS=1 in the environment
1755025103043	Marionette	INFO	Marionette enabled
console.error: "Warning: unrecognized command line flag" "-remote-allow-hosts"
1755025103660	Marionette	INFO	Listening on port 53926
WebDriver BiDi listening on ws://127.0.0.1:53919
Read port: 53926
1755025104008	RemoteAgent	WARN	TLS certificate errors will be ignored for this session
JavaScript warning: https://static.xx.fbcdn.net/rsrc.php/v4iQyZ4/y7/l/es_ES~es_LA-j/je-IhMgu-2p.js, line 105: WEBGL_debug_renderer_info is deprecated in Firefox and will be removed. Please use RENDERER.
1755025127280	Marionette	INFO	Stopped listening on port 53926
1755025128883	geckodriver	INFO	Listening on 127.0.0.1:53958
1755025129399	mozrunner::runner	INFO	Running command: MOZ_CRASHREPORTER="1" MOZ_CRASHREPORTER_NO_REPORT="1" MOZ_CRASHREPORTER_SHUTDOWN="1" "/Applications/Firefox. ... s" "localhost" "-foreground" "-no-remote" "-profile" "/var/folders/45/_6zmnwkn6638scvzx_7pz4_m0000gn/T/rust_mozprofileadf9hs"
console.warn: services.settings: Ignoring preference override of remote settings server
console.warn: services.settings: Allow by setting MOZ_REMOTE_SETTINGS_DEVTOOLS=1 in the environment
1755025129979	Marionette	INFO	Marionette enabled
console.error: "Warning: unrecognized command line flag" "-remote-allow-hosts"
1755025130612	Marionette	INFO	Listening on port 53964
WebDriver BiDi listening on ws://127.0.0.1:53959
Read port: 53964
1755025130907	RemoteAgent	WARN	TLS certificate errors will be ignored for this session
JavaScript warning: https://static.xx.fbcdn.net/rsrc.php/v4iQyZ4/y7/l/es_ES~es_LA-j/je-IhMgu-2p.js, line 105: WEBGL_debug_renderer_info is deprecated in Firefox and will be removed. Please use RENDERER.
1755025154480	Marionette	INFO	Stopped listening on port 53964
1755025155702	geckodriver	INFO	Listening on 127.0.0.1:53994
1755025156218	mozrunner::runner	INFO	Running command: MOZ_CRASHREPORTER="1" MOZ_CRASHREPORTER_NO_REPORT="1" MOZ_CRASHREPORTER_SHUTDOWN="1" "/Applications/Firefox. ... s" "localhost" "-foreground" "-no-remote" "-profile" "/var/folders/45/_6zmnwkn6638scvzx_7pz4_m0000gn/T/rust_mozprofilelyEEtl"
console.warn: services.settings: Ignoring preference override of remote settings server
console.warn: services.settings: Allow by setting MOZ_REMOTE_SETTINGS_DEVTOOLS=1 in the environment
1755025156785	Marionette	INFO	Marionette enabled
console.error: "Warning: unrecognized command line flag" "-remote-allow-hosts"
1755025157383	Marionette	INFO	Listening on port 54002
WebDriver BiDi listening on ws://127.0.0.1:53995
Read port: 54002
1755025157729	RemoteAgent	WARN	TLS certificate errors will be ignored for this session
JavaScript warning: https://static.xx.fbcdn.net/rsrc.php/v4iQyZ4/y7/l/es_ES~es_LA-j/je-IhMgu-2p.js, line 105: WEBGL_debug_renderer_info is deprecated in Firefox and will be removed. Please use RENDERER.
1755025174445	Marionette	INFO	Stopped listening on port 54002
1755025175945	geckodriver	INFO	Listening on 127.0.0.1:54043
1755025176463	mozrunner::runner	INFO	Running command: MOZ_CRASHREPORTER="1" MOZ_CRASHREPORTER_NO_REPORT="1" MOZ_CRASHREPORTER_SHUTDOWN="1" "/Applications/Firefox. ... s" "localhost" "-foreground" "-no-remote" "-profile" "/var/folders/45/_6zmnwkn6638scvzx_7pz4_m0000gn/T/rust_mozprofile9mVIMX"
console.warn: services.settings: Ignoring preference override of remote settings server
console.warn: services.settings: Allow by setting MOZ_REMOTE_SETTINGS_DEVTOOLS=1 in the environment
1755025177029	Marionette	INFO	Marionette enabled
console.error: "Warning: unrecognized command line flag" "-remote-allow-hosts"
1755025177650	Marionette	INFO	Listening on port 54049
WebDriver BiDi listening on ws://127.0.0.1:54044
Read port: 54049
1755025177947	RemoteAgent	WARN	TLS certificate errors will be ignored for this session
JavaScript warning: https://static.xx.fbcdn.net/rsrc.php/v4iQyZ4/y7/l/es_ES~es_LA-j/je-IhMgu-2p.js, line 105: WEBGL_debug_renderer_info is deprecated in Firefox and will be removed. Please use RENDERER.
1755025207231	Marionette	INFO	Stopped listening on port 54049
console.warn: services.settings: blocklists/addons-bloomfilters sync interrupted by shutdown
console.error: Region.sys.mjs: "Error fetching region" (new TypeError("NetworkError when attempting to fetch resource.", ""))
console.error: Region.sys.mjs: "Failed to fetch region" (new Error("NO_RESULT", "resource://gre/modules/Region.sys.mjs", 411))
console.warn: services.settings: main/search-telemetry-v2 sync interrupted by shutdown
console.warn: services.settings: main/search-config-v2 sync interrupted by shutdown
console.warn: services.settings: main/devtools-compatibility-browsers sync interrupted by shutdown
console.warn: services.settings: main/tracking-protection-lists sync interrupted by shutdown
console.error: (new AbortError("IndexedDB: main/quicksuggest getLastModified() IndexedDB:  execute() A request was aborted, for example through a call to IDBTransaction.abort.", "resource://services-settings/IDBHelpers.sys.mjs", 16))
1755025209540	geckodriver	INFO	Listening on 127.0.0.1:54096
1755025210056	mozrunner::runner	INFO	Running command: MOZ_CRASHREPORTER="1" MOZ_CRASHREPORTER_NO_REPORT="1" MOZ_CRASHREPORTER_SHUTDOWN="1" "/Applications/Firefox. ... s" "localhost" "-foreground" "-no-remote" "-profile" "/var/folders/45/_6zmnwkn6638scvzx_7pz4_m0000gn/T/rust_mozprofileCEKjgB"
console.warn: services.settings: Ignoring preference override of remote settings server
console.warn: services.settings: Allow by setting MOZ_REMOTE_SETTINGS_DEVTOOLS=1 in the environment
1755025210625	Marionette	INFO	Marionette enabled
console.error: "Warning: unrecognized command line flag" "-remote-allow-hosts"
1755025211242	Marionette	INFO	Listening on port 54102
WebDriver BiDi listening on ws://127.0.0.1:54097
Read port: 54102
1755025211591	RemoteAgent	WARN	TLS certificate errors will be ignored for this session
JavaScript warning: https://static.xx.fbcdn.net/rsrc.php/v4iQyZ4/y7/l/es_ES~es_LA-j/je-IhMgu-2p.js, line 105: WEBGL_debug_renderer_info is deprecated in Firefox and will be removed. Please use RENDERER.
1755025228418	Marionette	INFO	Stopped listening on port 54102
1755025229897	geckodriver	INFO	Listening on 127.0.0.1:54143
1755025230414	mozrunner::runner	INFO	Running command: MOZ_CRASHREPORTER="1" MOZ_CRASHREPORTER_NO_REPORT="1" MOZ_CRASHREPORTER_SHUTDOWN="1" "/Applications/Firefox. ... s" "localhost" "-foreground" "-no-remote" "-profile" "/var/folders/45/_6zmnwkn6638scvzx_7pz4_m0000gn/T/rust_mozprofilelzx6pC"
console.warn: services.settings: Ignoring preference override of remote settings server
console.warn: services.settings: Allow by setting MOZ_REMOTE_SETTINGS_DEVTOOLS=1 in the environment
1755025230977	Marionette	INFO	Marionette enabled
console.error: "Warning: unrecognized command line flag" "-remote-allow-hosts"
1755025231595	Marionette	INFO	Listening on port 54149
WebDriver BiDi listening on ws://127.0.0.1:54144
Read port: 54149
1755025231892	RemoteAgent	WARN	TLS certificate errors will be ignored for this session
JavaScript warning: https://static.xx.fbcdn.net/rsrc.php/v4iQyZ4/y7/l/es_ES~es_LA-j/je-IhMgu-2p.js, line 105: WEBGL_debug_renderer_info is deprecated in Firefox and will be removed. Please use RENDERER.
1755025252566	Marionette	INFO	Stopped listening on port 54149
1755025253781	geckodriver	INFO	Listening on 127.0.0.1:54181
1755025254296	mozrunner::runner	INFO	Running command: MOZ_CRASHREPORTER="1" MOZ_CRASHREPORTER_NO_REPORT="1" MOZ_CRASHREPORTER_SHUTDOWN="1" "/Applications/Firefox. ... s" "localhost" "-foreground" "-no-remote" "-profile" "/var/folders/45/_6zmnwkn6638scvzx_7pz4_m0000gn/T/rust_mozprofileoYIxz8"
console.warn: services.settings: Ignoring preference override of remote settings server
console.warn: services.settings: Allow by setting MOZ_REMOTE_SETTINGS_DEVTOOLS=1 in the environment
1755025254862	Marionette	INFO	Marionette enabled
console.error: "Warning: unrecognized command line flag" "-remote-allow-hosts"
1755025255475	Marionette	INFO	Listening on port 54187
WebDriver BiDi listening on ws://127.0.0.1:54182
Read port: 54187
1755025255774	RemoteAgent	WARN	TLS certificate errors will be ignored for this session
JavaScript warning: https://static.xx.fbcdn.net/rsrc.php/v4iQyZ4/y7/l/es_ES~es_LA-j/je-IhMgu-2p.js, line 105: WEBGL_debug_renderer_info is deprecated in Firefox and will be removed. Please use RENDERER.
1755025272693	Marionette	INFO	Stopped listening on port 54187
1755025274199	geckodriver	INFO	Listening on 127.0.0.1:54228
1755025274716	mozrunner::runner	INFO	Running command: MOZ_CRASHREPORTER="1" MOZ_CRASHREPORTER_NO_REPORT="1" MOZ_CRASHREPORTER_SHUTDOWN="1" "/Applications/Firefox. ... s" "localhost" "-foreground" "-no-remote" "-profile" "/var/folders/45/_6zmnwkn6638scvzx_7pz4_m0000gn/T/rust_mozprofileaPhHlB"
console.warn: services.settings: Ignoring preference override of remote settings server
console.warn: services.settings: Allow by setting MOZ_REMOTE_SETTINGS_DEVTOOLS=1 in the environment
1755025275279	Marionette	INFO	Marionette enabled
console.error: "Warning: unrecognized command line flag" "-remote-allow-hosts"
1755025275904	Marionette	INFO	Listening on port 54234
WebDriver BiDi listening on ws://127.0.0.1:54229
Read port: 54234
1755025276254	RemoteAgent	WARN	TLS certificate errors will be ignored for this session
JavaScript warning: https://static.xx.fbcdn.net/rsrc.php/v4iQyZ4/y7/l/es_ES~es_LA-j/je-IhMgu-2p.js, line 105: WEBGL_debug_renderer_info is deprecated in Firefox and will be removed. Please use RENDERER.
1755025292062	Marionette	INFO	Stopped listening on port 54234
1755025293546	geckodriver	INFO	Listening on 127.0.0.1:54275
1755025294062	mozrunner::runner	INFO	Running command: MOZ_CRASHREPORTER="1" MOZ_CRASHREPORTER_NO_REPORT="1" MOZ_CRASHREPORTER_SHUTDOWN="1" "/Applications/Firefox. ... s" "localhost" "-foreground" "-no-remote" "-profile" "/var/folders/45/_6zmnwkn6638scvzx_7pz4_m0000gn/T/rust_mozprofileOLN6NH"
console.warn: services.settings: Ignoring preference override of remote settings server
console.warn: services.settings: Allow by setting MOZ_REMOTE_SETTINGS_DEVTOOLS=1 in the environment
1755025294623	Marionette	INFO	Marionette enabled
console.error: "Warning: unrecognized command line flag" "-remote-allow-hosts"
1755025295244	Marionette	INFO	Listening on port 54281
WebDriver BiDi listening on ws://127.0.0.1:54276
Read port: 54281
1755025295592	RemoteAgent	WARN	TLS certificate errors will be ignored for this session
JavaScript warning: https://static.xx.fbcdn.net/rsrc.php/v4iQyZ4/y7/l/es_ES~es_LA-j/je-IhMgu-2p.js, line 105: WEBGL_debug_renderer_info is deprecated in Firefox and will be removed. Please use RENDERER.
1755025325011	Marionette	INFO	Stopped listening on port 54281
console.warn: services.settings: main/tracking-protection-lists sync interrupted by shutdown
console.error: (new AbortError("IndexedDB: main/nimbus-web-preview getLastModified() IndexedDB:  execute() A request was aborted, for example through a call to IDBTransaction.abort.", "resource://services-settings/IDBHelpers.sys.mjs", 16))
1755025326524	geckodriver	INFO	Listening on 127.0.0.1:54326
1755025327040	mozrunner::runner	INFO	Running command: MOZ_CRASHREPORTER="1" MOZ_CRASHREPORTER_NO_REPORT="1" MOZ_CRASHREPORTER_SHUTDOWN="1" "/Applications/Firefox. ... s" "localhost" "-foreground" "-no-remote" "-profile" "/var/folders/45/_6zmnwkn6638scvzx_7pz4_m0000gn/T/rust_mozprofileGS8q7X"
console.warn: services.settings: Ignoring preference override of remote settings server
console.warn: services.settings: Allow by setting MOZ_REMOTE_SETTINGS_DEVTOOLS=1 in the environment
1755025327606	Marionette	INFO	Marionette enabled
console.error: "Warning: unrecognized command line flag" "-remote-allow-hosts"
1755025328231	Marionette	INFO	Listening on port 54332
WebDriver BiDi listening on ws://127.0.0.1:54327
Read port: 54332
1755025328525	RemoteAgent	WARN	TLS certificate errors will be ignored for this session
JavaScript warning: https://static.xx.fbcdn.net/rsrc.php/v4iQyZ4/y7/l/es_ES~es_LA-j/je-IhMgu-2p.js, line 105: WEBGL_debug_renderer_info is deprecated in Firefox and will be removed. Please use RENDERER.
1755025345420	Marionette	INFO	Stopped listening on port 54332
1755025347014	geckodriver	INFO	Listening on 127.0.0.1:54374
1755025347528	mozrunner::runner	INFO	Running command: MOZ_CRASHREPORTER="1" MOZ_CRASHREPORTER_NO_REPORT="1" MOZ_CRASHREPORTER_SHUTDOWN="1" "/Applications/Firefox. ... s" "localhost" "-foreground" "-no-remote" "-profile" "/var/folders/45/_6zmnwkn6638scvzx_7pz4_m0000gn/T/rust_mozprofilecT2U6K"
console.warn: services.settings: Ignoring preference override of remote settings server
console.warn: services.settings: Allow by setting MOZ_REMOTE_SETTINGS_DEVTOOLS=1 in the environment
1755025348095	Marionette	INFO	Marionette enabled
console.error: "Warning: unrecognized command line flag" "-remote-allow-hosts"
1755025348723	Marionette	INFO	Listening on port 54381
WebDriver BiDi listening on ws://127.0.0.1:54375
Read port: 54381
1755025349022	RemoteAgent	WARN	TLS certificate errors will be ignored for this session
JavaScript warning: https://static.xx.fbcdn.net/rsrc.php/v4iQyZ4/y7/l/es_ES~es_LA-j/je-IhMgu-2p.js, line 105: WEBGL_debug_renderer_info is deprecated in Firefox and will be removed. Please use RENDERER.
1755025378948	Marionette	INFO	Stopped listening on port 54381
console.warn: services.settings: main/password-rules sync interrupted by shutdown
console.error: (new Error("IndexedDB: main/ml-inference-request-options getLastModified() IndexedDB:  execute() The application is shutting down", "resource://services-settings/IDBHelpers.sys.mjs", 16))
1755025380437	geckodriver	INFO	Listening on 127.0.0.1:54424
1755025380951	mozrunner::runner	INFO	Running command: MOZ_CRASHREPORTER="1" MOZ_CRASHREPORTER_NO_REPORT="1" MOZ_CRASHREPORTER_SHUTDOWN="1" "/Applications/Firefox. ... s" "localhost" "-foreground" "-no-remote" "-profile" "/var/folders/45/_6zmnwkn6638scvzx_7pz4_m0000gn/T/rust_mozprofiledwmRs8"
console.warn: services.settings: Ignoring preference override of remote settings server
console.warn: services.settings: Allow by setting MOZ_REMOTE_SETTINGS_DEVTOOLS=1 in the environment
1755025381513	Marionette	INFO	Marionette enabled
console.error: "Warning: unrecognized command line flag" "-remote-allow-hosts"
1755025382136	Marionette	INFO	Listening on port 54430
WebDriver BiDi listening on ws://127.0.0.1:54425
Read port: 54430
1755025382434	RemoteAgent	WARN	TLS certificate errors will be ignored for this session
JavaScript warning: https://static.xx.fbcdn.net/rsrc.php/v4iQyZ4/y7/l/es_ES~es_LA-j/je-IhMgu-2p.js, line 105: WEBGL_debug_renderer_info is deprecated in Firefox and will be removed. Please use RENDERER.
1755025413895	Marionette	INFO	Stopped listening on port 54430
1755025415392	geckodriver	INFO	Listening on 127.0.0.1:54477
1755025415910	mozrunner::runner	INFO	Running command: MOZ_CRASHREPORTER="1" MOZ_CRASHREPORTER_NO_REPORT="1" MOZ_CRASHREPORTER_SHUTDOWN="1" "/Applications/Firefox. ... s" "localhost" "-foreground" "-no-remote" "-profile" "/var/folders/45/_6zmnwkn6638scvzx_7pz4_m0000gn/T/rust_mozprofileTGZv5k"
console.warn: services.settings: Ignoring preference override of remote settings server
console.warn: services.settings: Allow by setting MOZ_REMOTE_SETTINGS_DEVTOOLS=1 in the environment
1755025416476	Marionette	INFO	Marionette enabled
console.error: "Warning: unrecognized command line flag" "-remote-allow-hosts"
1755025417096	Marionette	INFO	Listening on port 54483
WebDriver BiDi listening on ws://127.0.0.1:54478
Read port: 54483
1755025417394	RemoteAgent	WARN	TLS certificate errors will be ignored for this session
JavaScript warning: https://static.xx.fbcdn.net/rsrc.php/v4iQyZ4/y7/l/es_ES~es_LA-j/je-IhMgu-2p.js, line 105: WEBGL_debug_renderer_info is deprecated in Firefox and will be removed. Please use RENDERER.
1755025434305	Marionette	INFO	Stopped listening on port 54483
1755025435890	geckodriver	INFO	Listening on 127.0.0.1:54526
1755025436405	mozrunner::runner	INFO	Running command: MOZ_CRASHREPORTER="1" MOZ_CRASHREPORTER_NO_REPORT="1" MOZ_CRASHREPORTER_SHUTDOWN="1" "/Applications/Firefox. ... s" "localhost" "-foreground" "-no-remote" "-profile" "/var/folders/45/_6zmnwkn6638scvzx_7pz4_m0000gn/T/rust_mozprofileamnaUZ"
console.warn: services.settings: Ignoring preference override of remote settings server
console.warn: services.settings: Allow by setting MOZ_REMOTE_SETTINGS_DEVTOOLS=1 in the environment
1755025436971	Marionette	INFO	Marionette enabled
console.error: "Warning: unrecognized command line flag" "-remote-allow-hosts"
1755025437591	Marionette	INFO	Listening on port 54532
WebDriver BiDi listening on ws://127.0.0.1:54527
Read port: 54532
1755025437888	RemoteAgent	WARN	TLS certificate errors will be ignored for this session
JavaScript warning: https://static.xx.fbcdn.net/rsrc.php/v4iQyZ4/y7/l/es_ES~es_LA-j/je-IhMgu-2p.js, line 105: WEBGL_debug_renderer_info is deprecated in Firefox and will be removed. Please use RENDERER.
1755025455058	Marionette	INFO	Stopped listening on port 54532
1755025456703	geckodriver	INFO	Listening on 127.0.0.1:54575
1755025457218	mozrunner::runner	INFO	Running command: MOZ_CRASHREPORTER="1" MOZ_CRASHREPORTER_NO_REPORT="1" MOZ_CRASHREPORTER_SHUTDOWN="1" "/Applications/Firefox. ... s" "localhost" "-foreground" "-no-remote" "-profile" "/var/folders/45/_6zmnwkn6638scvzx_7pz4_m0000gn/T/rust_mozprofileZqrDsO"
console.warn: services.settings: Ignoring preference override of remote settings server
console.warn: services.settings: Allow by setting MOZ_REMOTE_SETTINGS_DEVTOOLS=1 in the environment
1755025457795	Marionette	INFO	Marionette enabled
console.error: "Warning: unrecognized command line flag" "-remote-allow-hosts"
1755025458413	Marionette	INFO	Listening on port 54581
WebDriver BiDi listening on ws://127.0.0.1:54576
Read port: 54581
1755025458752	RemoteAgent	WARN	TLS certificate errors will be ignored for this session
JavaScript warning: https://static.xx.fbcdn.net/rsrc.php/v4iQyZ4/y7/l/es_ES~es_LA-j/je-IhMgu-2p.js, line 105: WEBGL_debug_renderer_info is deprecated in Firefox and will be removed. Please use RENDERER.
1755025475362	Marionette	INFO	Stopped listening on port 54581
1755025477005	geckodriver	INFO	Listening on 127.0.0.1:54623
1755025477521	mozrunner::runner	INFO	Running command: MOZ_CRASHREPORTER="1" MOZ_CRASHREPORTER_NO_REPORT="1" MOZ_CRASHREPORTER_SHUTDOWN="1" "/Applications/Firefox. ... s" "localhost" "-foreground" "-no-remote" "-profile" "/var/folders/45/_6zmnwkn6638scvzx_7pz4_m0000gn/T/rust_mozprofilesNS8Q9"
console.warn: services.settings: Ignoring preference override of remote settings server
console.warn: services.settings: Allow by setting MOZ_REMOTE_SETTINGS_DEVTOOLS=1 in the environment
1755025478083	Marionette	INFO	Marionette enabled
console.error: "Warning: unrecognized command line flag" "-remote-allow-hosts"
1755025478694	Marionette	INFO	Listening on port 54629
WebDriver BiDi listening on ws://127.0.0.1:54624
Read port: 54629
1755025478990	RemoteAgent	WARN	TLS certificate errors will be ignored for this session
JavaScript warning: https://static.xx.fbcdn.net/rsrc.php/v4iQyZ4/y7/l/es_ES~es_LA-j/je-IhMgu-2p.js, line 105: WEBGL_debug_renderer_info is deprecated in Firefox and will be removed. Please use RENDERER.
1755025495828	Marionette	INFO	Stopped listening on port 54629
1755025497428	geckodriver	INFO	Listening on 127.0.0.1:54671
1755025497944	mozrunner::runner	INFO	Running command: MOZ_CRASHREPORTER="1" MOZ_CRASHREPORTER_NO_REPORT="1" MOZ_CRASHREPORTER_SHUTDOWN="1" "/Applications/Firefox. ... s" "localhost" "-foreground" "-no-remote" "-profile" "/var/folders/45/_6zmnwkn6638scvzx_7pz4_m0000gn/T/rust_mozprofileut7qgH"
console.warn: services.settings: Ignoring preference override of remote settings server
console.warn: services.settings: Allow by setting MOZ_REMOTE_SETTINGS_DEVTOOLS=1 in the environment
1755025498504	Marionette	INFO	Marionette enabled
console.error: "Warning: unrecognized command line flag" "-remote-allow-hosts"
1755025499127	Marionette	INFO	Listening on port 54677
WebDriver BiDi listening on ws://127.0.0.1:54672
Read port: 54677
1755025499417	RemoteAgent	WARN	TLS certificate errors will be ignored for this session
JavaScript warning: https://static.xx.fbcdn.net/rsrc.php/v4iQyZ4/y7/l/es_ES~es_LA-j/je-IhMgu-2p.js, line 105: WEBGL_debug_renderer_info is deprecated in Firefox and will be removed. Please use RENDERER.
1755025530361	Marionette	INFO	Stopped listening on port 54677
1755025531871	geckodriver	INFO	Listening on 127.0.0.1:54721
1755025532387	mozrunner::runner	INFO	Running command: MOZ_CRASHREPORTER="1" MOZ_CRASHREPORTER_NO_REPORT="1" MOZ_CRASHREPORTER_SHUTDOWN="1" "/Applications/Firefox. ... s" "localhost" "-foreground" "-no-remote" "-profile" "/var/folders/45/_6zmnwkn6638scvzx_7pz4_m0000gn/T/rust_mozprofile6OxzWf"
console.warn: services.settings: Ignoring preference override of remote settings server
console.warn: services.settings: Allow by setting MOZ_REMOTE_SETTINGS_DEVTOOLS=1 in the environment
1755025532987	Marionette	INFO	Marionette enabled
console.error: "Warning: unrecognized command line flag" "-remote-allow-hosts"
1755025533607	Marionette	INFO	Listening on port 54730
Read port: 54730
WebDriver BiDi listening on ws://127.0.0.1:54722
1755025533854	RemoteAgent	WARN	TLS certificate errors will be ignored for this session
JavaScript warning: https://static.xx.fbcdn.net/rsrc.php/v4iQyZ4/y7/l/es_ES~es_LA-j/je-IhMgu-2p.js, line 105: WEBGL_debug_renderer_info is deprecated in Firefox and will be removed. Please use RENDERER.
1755025562545	Marionette	INFO	Stopped listening on port 54730
JavaScript error: resource://gre/modules/UpdateService.sys.mjs, line 5462: 
console.error: (new Error("Polling for changes failed: .", "resource://services-settings/remote-settings.sys.mjs", 324))
1755025563179	addons.xpi	ERROR	System addon update list error [Exception... "<no message>"  nsresult: "0x8046001e (<unknown>)"  location: "JS frame :: resource://gre/modules/ServiceRequest.sys.mjs :: open :: line 127"  data: no]
console.error: Region.sys.mjs: "Error fetching region" (new TypeError("NetworkError when attempting to fetch resource.", "resource://gre/modules/Region.sys.mjs", 738))
console.error: Region.sys.mjs: "Failed to fetch region" (new Error("NO_RESULT", "resource://gre/modules/Region.sys.mjs", 411))
1755025563966	geckodriver	INFO	Listening on 127.0.0.1:54773
1755025564482	mozrunner::runner	INFO	Running command: MOZ_CRASHREPORTER="1" MOZ_CRASHREPORTER_NO_REPORT="1" MOZ_CRASHREPORTER_SHUTDOWN="1" "/Applications/Firefox. ... s" "localhost" "-foreground" "-no-remote" "-profile" "/var/folders/45/_6zmnwkn6638scvzx_7pz4_m0000gn/T/rust_mozprofileaG7mMt"
console.warn: services.settings: Ignoring preference override of remote settings server
console.warn: services.settings: Allow by setting MOZ_REMOTE_SETTINGS_DEVTOOLS=1 in the environment
1755025565042	Marionette	INFO	Marionette enabled
console.error: "Warning: unrecognized command line flag" "-remote-allow-hosts"
1755025565667	Marionette	INFO	Listening on port 54779
WebDriver BiDi listening on ws://127.0.0.1:54774
Read port: 54779
1755025565964	RemoteAgent	WARN	TLS certificate errors will be ignored for this session
JavaScript warning: https://static.xx.fbcdn.net/rsrc.php/v4iQyZ4/y7/l/es_ES~es_LA-j/je-IhMgu-2p.js, line 105: WEBGL_debug_renderer_info is deprecated in Firefox and will be removed. Please use RENDERER.
1755025588861	Marionette	INFO	Stopped listening on port 54779
1755025590101	geckodriver	INFO	Listening on 127.0.0.1:54806
1755025590616	mozrunner::runner	INFO	Running command: MOZ_CRASHREPORTER="1" MOZ_CRASHREPORTER_NO_REPORT="1" MOZ_CRASHREPORTER_SHUTDOWN="1" "/Applications/Firefox. ... s" "localhost" "-foreground" "-no-remote" "-profile" "/var/folders/45/_6zmnwkn6638scvzx_7pz4_m0000gn/T/rust_mozprofileXVwLVQ"
console.warn: services.settings: Ignoring preference override of remote settings server
console.warn: services.settings: Allow by setting MOZ_REMOTE_SETTINGS_DEVTOOLS=1 in the environment
1755025591186	Marionette	INFO	Marionette enabled
console.error: "Warning: unrecognized command line flag" "-remote-allow-hosts"
1755025591810	Marionette	INFO	Listening on port 54812
WebDriver BiDi listening on ws://127.0.0.1:54807
Read port: 54812
1755025592158	RemoteAgent	WARN	TLS certificate errors will be ignored for this session
JavaScript warning: https://static.xx.fbcdn.net/rsrc.php/v4iQyZ4/y7/l/es_ES~es_LA-j/je-IhMgu-2p.js, line 105: WEBGL_debug_renderer_info is deprecated in Firefox and will be removed. Please use RENDERER.
1755025613544	Marionette	INFO	Stopped listening on port 54812
1755025614774	geckodriver	INFO	Listening on 127.0.0.1:54844
1755025615290	mozrunner::runner	INFO	Running command: MOZ_CRASHREPORTER="1" MOZ_CRASHREPORTER_NO_REPORT="1" MOZ_CRASHREPORTER_SHUTDOWN="1" "/Applications/Firefox. ... s" "localhost" "-foreground" "-no-remote" "-profile" "/var/folders/45/_6zmnwkn6638scvzx_7pz4_m0000gn/T/rust_mozprofilelsbEuj"
console.warn: services.settings: Ignoring preference override of remote settings server
console.warn: services.settings: Allow by setting MOZ_REMOTE_SETTINGS_DEVTOOLS=1 in the environment
1755025615857	Marionette	INFO	Marionette enabled
console.error: "Warning: unrecognized command line flag" "-remote-allow-hosts"
1755025616477	Marionette	INFO	Listening on port 54850
WebDriver BiDi listening on ws://127.0.0.1:54845
Read port: 54850
1755025616820	RemoteAgent	WARN	TLS certificate errors will be ignored for this session
JavaScript warning: https://static.xx.fbcdn.net/rsrc.php/v4iQyZ4/y7/l/es_ES~es_LA-j/je-IhMgu-2p.js, line 105: WEBGL_debug_renderer_info is deprecated in Firefox and will be removed. Please use RENDERER.
1755025634282	Marionette	INFO	Stopped listening on port 54850
1755025635869	geckodriver	INFO	Listening on 127.0.0.1:54889
1755025636383	mozrunner::runner	INFO	Running command: MOZ_CRASHREPORTER="1" MOZ_CRASHREPORTER_NO_REPORT="1" MOZ_CRASHREPORTER_SHUTDOWN="1" "/Applications/Firefox. ... s" "localhost" "-foreground" "-no-remote" "-profile" "/var/folders/45/_6zmnwkn6638scvzx_7pz4_m0000gn/T/rust_mozprofilewi6uVI"
console.warn: services.settings: Ignoring preference override of remote settings server
console.warn: services.settings: Allow by setting MOZ_REMOTE_SETTINGS_DEVTOOLS=1 in the environment
1755025636945	Marionette	INFO	Marionette enabled
console.error: "Warning: unrecognized command line flag" "-remote-allow-hosts"
1755025637557	Marionette	INFO	Listening on port 54895
WebDriver BiDi listening on ws://127.0.0.1:54890
Read port: 54895
1755025637907	RemoteAgent	WARN	TLS certificate errors will be ignored for this session
JavaScript warning: https://static.xx.fbcdn.net/rsrc.php/v4iQyZ4/y7/l/es_ES~es_LA-j/je-IhMgu-2p.js, line 105: WEBGL_debug_renderer_info is deprecated in Firefox and will be removed. Please use RENDERER.
1755025655583	Marionette	INFO	Stopped listening on port 54895
1755025657124	geckodriver	INFO	Listening on 127.0.0.1:54936
1755025657639	mozrunner::runner	INFO	Running command: MOZ_CRASHREPORTER="1" MOZ_CRASHREPORTER_NO_REPORT="1" MOZ_CRASHREPORTER_SHUTDOWN="1" "/Applications/Firefox. ... s" "localhost" "-foreground" "-no-remote" "-profile" "/var/folders/45/_6zmnwkn6638scvzx_7pz4_m0000gn/T/rust_mozprofileJosutM"
console.warn: services.settings: Ignoring preference override of remote settings server
console.warn: services.settings: Allow by setting MOZ_REMOTE_SETTINGS_DEVTOOLS=1 in the environment
1755025658209	Marionette	INFO	Marionette enabled
console.error: "Warning: unrecognized command line flag" "-remote-allow-hosts"
1755025658832	Marionette	INFO	Listening on port 54942
WebDriver BiDi listening on ws://127.0.0.1:54937
Read port: 54942
1755025659129	RemoteAgent	WARN	TLS certificate errors will be ignored for this session
JavaScript warning: https://static.xx.fbcdn.net/rsrc.php/v4iQyZ4/y7/l/es_ES~es_LA-j/je-IhMgu-2p.js, line 105: WEBGL_debug_renderer_info is deprecated in Firefox and will be removed. Please use RENDERER.
1755025688497	Marionette	INFO	Stopped listening on port 54942
console.error: services.settings: 
  main/search-config-v2 Signature failed  [Exception... "<no message>"  nsresult: "0x8046001e (<unknown>)"  location: "JS frame :: resource://gre/modules/ServiceRequest.sys.mjs :: open :: line 127"  data: no]
console.error: services.settings: 
Object
  - prototype Object
    - columnNumber = 0
    - data = null
    - filename = resource://gre/modules/ServiceRequest.sys.mjs
    - lineNumber = 127
    - location = {"name":"open","filename":"resource://gre/modules/ServiceRequest.sys.mjs","sourceId":24,"lineNumber":127,"columnNumber":11,"asyncCause":null,"asyncCaller":null,"caller":{"filename":"resource://services-settings/Utils.sys.mjs","name":"fetch/<","sourceId":23,"lineNumber":268,"columnNumber":15,"asyncCause":null,"asyncCaller":null,"caller":{"filename":"resource://services-settings/Utils.sys.mjs","name":"fetch","sourceId":23,"lineNumber":219,"columnNumber":12,"asyncCause":null,"asyncCaller":null,"caller":{"filename":"resource://services-settings/RemoteSettingsClient.sys.mjs","name":"_validateCollectionSignature","sourceId":21,"lineNumber":1012,"columnNumber":47,"asyncCause":null,"asyncCaller":null,"caller":{"filename":"resource://services-settings/RemoteSettingsClient.sys.mjs","name":"_importChanges","sourceId":21,"lineNumber":1091,"columnNumber":20,"asyncCause":null,"asyncCaller":null,"caller":null,"formattedStack":"_importChanges@resource://services-settings/RemoteSettingsClient.sys.mjs:1091:20\n","nativeSavedFrame":{}},"formattedStack":"_validateCollectionSignature@resource://services-settings/RemoteSettingsClient.sys.mjs:1012:47\n_importChanges@resource://services-settings/RemoteSettingsClient.sys.mjs:1091:20\n","nativeSavedFrame":{}},"formattedStack":"fetch@resource://services-settings/Utils.sys.mjs:219:12\n_validateCollectionSignature@resource://services-settings/RemoteSettingsClient.sys.mjs:1012:47\n_importChanges@resource://services-settings/RemoteSettingsClient.sys.mjs:1091:20\n","nativeSavedFrame":{}},"formattedStack":"fetch/<@resource://services-settings/Utils.sys.mjs:268:15\nfetch@resource://services-settings/Utils.sys.mjs:219:12\n_validateCollectionSignature@resource://services-settings/RemoteSettingsClient.sys.mjs:1012:47\n_importChanges@resource://services-settings/RemoteSettingsClient.sys.mjs:1091:20\n","nativeSavedFrame":{}},"formattedStack":"open@resource://gre/modules/ServiceRequest.sys.mjs:127:11\nfetch/<@resource://services-settings/Utils.sys.mjs:268:15\nfetch@resource://services-settings/Utils.sys.mjs:219:12\n_validateCollectionSignature@resource://services-settings/RemoteSettingsClient.sys.mjs:1012:47\n_importChanges@resource://services-settings/RemoteSettingsClient.sys.mjs:1091:20\n","nativeSavedFrame":{}}
    - message = 
    - name = 
    - result = 2152071198
    - stack = open@resource://gre/modules/ServiceRequest.sys.mjs:127:11|fetch/<@resource://services-settings/Utils.sys.mjs:268:15|fetch@resource://services-settings/Utils.sys.mjs:219:12|_validateCollectionSignature@resource://services-settings/RemoteSettingsClient.sys.mjs:1012:47|_importChanges@resource://services-settings/RemoteSettingsClient.sys.mjs:1091:20|
  - prototype Object
console.error: (new Error("IndexedDB: main/devtools-compatibility-browsers getLastModified() IndexedDB:  execute() The application is shutting down", "resource://services-settings/IDBHelpers.sys.mjs", 16))
1755025689928	geckodriver	INFO	Listening on 127.0.0.1:54985
1755025690444	mozrunner::runner	INFO	Running command: MOZ_CRASHREPORTER="1" MOZ_CRASHREPORTER_NO_REPORT="1" MOZ_CRASHREPORTER_SHUTDOWN="1" "/Applications/Firefox. ... s" "localhost" "-foreground" "-no-remote" "-profile" "/var/folders/45/_6zmnwkn6638scvzx_7pz4_m0000gn/T/rust_mozprofileYcPuR1"
console.warn: services.settings: Ignoring preference override of remote settings server
console.warn: services.settings: Allow by setting MOZ_REMOTE_SETTINGS_DEVTOOLS=1 in the environment
1755025691009	Marionette	INFO	Marionette enabled
console.error: "Warning: unrecognized command line flag" "-remote-allow-hosts"
1755025691624	Marionette	INFO	Listening on port 54991
WebDriver BiDi listening on ws://127.0.0.1:54986
Read port: 54991
1755025691969	RemoteAgent	WARN	TLS certificate errors will be ignored for this session
JavaScript warning: https://static.xx.fbcdn.net/rsrc.php/v4iQyZ4/y7/l/es_ES~es_LA-j/je-IhMgu-2p.js, line 105: WEBGL_debug_renderer_info is deprecated in Firefox and will be removed. Please use RENDERER.
1755025707531	Marionette	INFO	Stopped listening on port 54991
1755025708957	geckodriver	INFO	Listening on 127.0.0.1:55032
1755025709473	mozrunner::runner	INFO	Running command: MOZ_CRASHREPORTER="1" MOZ_CRASHREPORTER_NO_REPORT="1" MOZ_CRASHREPORTER_SHUTDOWN="1" "/Applications/Firefox. ... s" "localhost" "-foreground" "-no-remote" "-profile" "/var/folders/45/_6zmnwkn6638scvzx_7pz4_m0000gn/T/rust_mozprofileqHY7Xf"
console.warn: services.settings: Ignoring preference override of remote settings server
console.warn: services.settings: Allow by setting MOZ_REMOTE_SETTINGS_DEVTOOLS=1 in the environment
1755025710039	Marionette	INFO	Marionette enabled
console.error: "Warning: unrecognized command line flag" "-remote-allow-hosts"
1755025710656	Marionette	INFO	Listening on port 55038
WebDriver BiDi listening on ws://127.0.0.1:55033
Read port: 55038
1755025711002	RemoteAgent	WARN	TLS certificate errors will be ignored for this session
JavaScript warning: https://static.xx.fbcdn.net/rsrc.php/v4iQyZ4/y7/l/es_ES~es_LA-j/je-IhMgu-2p.js, line 105: WEBGL_debug_renderer_info is deprecated in Firefox and will be removed. Please use RENDERER.
1755025742109	Marionette	INFO	Stopped listening on port 55038
1755025743581	geckodriver	INFO	Listening on 127.0.0.1:55082
1755025744095	mozrunner::runner	INFO	Running command: MOZ_CRASHREPORTER="1" MOZ_CRASHREPORTER_NO_REPORT="1" MOZ_CRASHREPORTER_SHUTDOWN="1" "/Applications/Firefox. ... s" "localhost" "-foreground" "-no-remote" "-profile" "/var/folders/45/_6zmnwkn6638scvzx_7pz4_m0000gn/T/rust_mozprofileEJ6ZmR"
console.warn: services.settings: Ignoring preference override of remote settings server
console.warn: services.settings: Allow by setting MOZ_REMOTE_SETTINGS_DEVTOOLS=1 in the environment
1755025744659	Marionette	INFO	Marionette enabled
console.error: "Warning: unrecognized command line flag" "-remote-allow-hosts"
1755025745294	Marionette	INFO	Listening on port 55089
WebDriver BiDi listening on ws://127.0.0.1:55083
Read port: 55089
1755025745591	RemoteAgent	WARN	TLS certificate errors will be ignored for this session
JavaScript warning: https://static.xx.fbcdn.net/rsrc.php/v4iQyZ4/y7/l/es_ES~es_LA-j/je-IhMgu-2p.js, line 105: WEBGL_debug_renderer_info is deprecated in Firefox and will be removed. Please use RENDERER.
1755025767554	Marionette	INFO	Stopped listening on port 55089
1755025769457	geckodriver	INFO	Listening on 127.0.0.1:55116
1755025769972	mozrunner::runner	INFO	Running command: MOZ_CRASHREPORTER="1" MOZ_CRASHREPORTER_NO_REPORT="1" MOZ_CRASHREPORTER_SHUTDOWN="1" "/Applications/Firefox. ... s" "localhost" "-foreground" "-no-remote" "-profile" "/var/folders/45/_6zmnwkn6638scvzx_7pz4_m0000gn/T/rust_mozprofile1kcS6F"
console.warn: services.settings: Ignoring preference override of remote settings server
console.warn: services.settings: Allow by setting MOZ_REMOTE_SETTINGS_DEVTOOLS=1 in the environment
1755025770539	Marionette	INFO	Marionette enabled
console.error: "Warning: unrecognized command line flag" "-remote-allow-hosts"
1755025771162	Marionette	INFO	Listening on port 55123
WebDriver BiDi listening on ws://127.0.0.1:55117
Read port: 55123
1755025771510	RemoteAgent	WARN	TLS certificate errors will be ignored for this session
JavaScript warning: https://static.xx.fbcdn.net/rsrc.php/v4iQyZ4/y7/l/es_ES~es_LA-j/je-IhMgu-2p.js, line 105: WEBGL_debug_renderer_info is deprecated in Firefox and will be removed. Please use RENDERER.
1755025804452	Marionette	INFO	Stopped listening on port 55123
1755025805913	geckodriver	INFO	Listening on 127.0.0.1:55169
1755025806428	mozrunner::runner	INFO	Running command: MOZ_CRASHREPORTER="1" MOZ_CRASHREPORTER_NO_REPORT="1" MOZ_CRASHREPORTER_SHUTDOWN="1" "/Applications/Firefox. ... s" "localhost" "-foreground" "-no-remote" "-profile" "/var/folders/45/_6zmnwkn6638scvzx_7pz4_m0000gn/T/rust_mozprofilea9nkFl"
console.warn: services.settings: Ignoring preference override of remote settings server
console.warn: services.settings: Allow by setting MOZ_REMOTE_SETTINGS_DEVTOOLS=1 in the environment
1755025806998	Marionette	INFO	Marionette enabled
console.error: "Warning: unrecognized command line flag" "-remote-allow-hosts"
1755025807619	Marionette	INFO	Listening on port 55175
WebDriver BiDi listening on ws://127.0.0.1:55170
Read port: 55175
1755025807915	RemoteAgent	WARN	TLS certificate errors will be ignored for this session
JavaScript warning: https://static.xx.fbcdn.net/rsrc.php/v4iQyZ4/y7/l/es_ES~es_LA-j/je-IhMgu-2p.js, line 105: WEBGL_debug_renderer_info is deprecated in Firefox and will be removed. Please use RENDERER.
1755025824766	Marionette	INFO	Stopped listening on port 55175
1755025826306	geckodriver	INFO	Listening on 127.0.0.1:55217
1755025826821	mozrunner::runner	INFO	Running command: MOZ_CRASHREPORTER="1" MOZ_CRASHREPORTER_NO_REPORT="1" MOZ_CRASHREPORTER_SHUTDOWN="1" "/Applications/Firefox. ... s" "localhost" "-foreground" "-no-remote" "-profile" "/var/folders/45/_6zmnwkn6638scvzx_7pz4_m0000gn/T/rust_mozprofilesaTxGU"
console.warn: services.settings: Ignoring preference override of remote settings server
console.warn: services.settings: Allow by setting MOZ_REMOTE_SETTINGS_DEVTOOLS=1 in the environment
1755025827398	Marionette	INFO	Marionette enabled
console.error: "Warning: unrecognized command line flag" "-remote-allow-hosts"
1755025828020	Marionette	INFO	Listening on port 55224
WebDriver BiDi listening on ws://127.0.0.1:55218
Read port: 55224
1755025828312	RemoteAgent	WARN	TLS certificate errors will be ignored for this session
JavaScript warning: https://static.xx.fbcdn.net/rsrc.php/v4iQyZ4/y7/l/es_ES~es_LA-j/je-IhMgu-2p.js, line 105: WEBGL_debug_renderer_info is deprecated in Firefox and will be removed. Please use RENDERER.
1755025845722	Marionette	INFO	Stopped listening on port 55224
1755025847288	geckodriver	INFO	Listening on 127.0.0.1:55265
1755025847804	mozrunner::runner	INFO	Running command: MOZ_CRASHREPORTER="1" MOZ_CRASHREPORTER_NO_REPORT="1" MOZ_CRASHREPORTER_SHUTDOWN="1" "/Applications/Firefox. ... s" "localhost" "-foreground" "-no-remote" "-profile" "/var/folders/45/_6zmnwkn6638scvzx_7pz4_m0000gn/T/rust_mozprofileJt1seC"
console.warn: services.settings: Ignoring preference override of remote settings server
console.warn: services.settings: Allow by setting MOZ_REMOTE_SETTINGS_DEVTOOLS=1 in the environment
1755025848370	Marionette	INFO	Marionette enabled
console.error: "Warning: unrecognized command line flag" "-remote-allow-hosts"
1755025848988	Marionette	INFO	Listening on port 55271
WebDriver BiDi listening on ws://127.0.0.1:55266
Read port: 55271
1755025849337	RemoteAgent	WARN	TLS certificate errors will be ignored for this session
JavaScript warning: https://static.xx.fbcdn.net/rsrc.php/v4iQyZ4/y7/l/es_ES~es_LA-j/je-IhMgu-2p.js, line 105: WEBGL_debug_renderer_info is deprecated in Firefox and will be removed. Please use RENDERER.
1755025880143	Marionette	INFO	Stopped listening on port 55271
JavaScript warning: https://static.xx.fbcdn.net/rsrc.php/v4i0rx4/yp/l/es_ES~es_LA-j/_J0bb6a_60Ugbn1ctqqKIqXlt4wWr1xDRcX4JxZNr6VgnskQ3cpICf66rxLp5OcifozF4pu11ElGOqHYTKvFr9g14BnyRWnA9pG3CgrF-Qb86KHx95T88a2Brbdx1Xii-NGCM4NVAXnDPN6yYD13V85S49emfFmRbTfBRFj3mYvI8fKFs7cn_FqnSmfOC792yw_n6rOYDFBh4ndsQrR8FXG382c6.js, line 732: Script terminated by timeout at:
l/<@https://static.xx.fbcdn.net/rsrc.php/v4i0rx4/yp/l/es_ES~es_LA-j/_J0bb6a_60Ugbn1ctqqKIqXlt4wWr1xDRcX4JxZNr6VgnskQ3cpICf66rxLp5OcifozF4pu11ElGOqHYTKvFr9g14BnyRWnA9pG3CgrF-Qb86KHx95T88a2Brbdx1Xii-NGCM4NVAXnDPN6yYD13V85S49emfFmRbTfBRFj3mYvI8fKFs7cn_FqnSmfOC792yw_n6rOYDFBh4ndsQrR8FXG382c6.js:732:656
i@https://static.xx.fbcdn.net/rsrc.php/v4i0rx4/yp/l/es_ES~es_LA-j/_J0bb6a_60Ugbn1ctqqKIqXlt4wWr1xDRcX4JxZNr6VgnskQ3cpICf66rxLp5OcifozF4pu11ElGOqHYTKvFr9g14BnyRWnA9pG3CgrF-Qb86KHx95T88a2Brbdx1Xii-NGCM4NVAXnDPN6yYD13V85S49emfFmRbTfBRFj3mYvI8fKFs7cn_FqnSmfOC792yw_n6rOYDFBh4ndsQrR8FXG382c6.js:731:200
j@https://static.xx.fbcdn.net/rsrc.php/v4i0rx4/yp/l/es_ES~es_LA-j/_J0bb6a_60Ugbn1ctqqKIqXlt4wWr1xDRcX4JxZNr6VgnskQ3cpICf66rxLp5OcifozF4pu11ElGOqHYTKvFr9g14BnyRWnA9pG3CgrF-Qb86KHx95T88a2Brbdx1Xii-NGCM4NVAXnDPN6yYD13V85S49emfFmRbTfBRFj3mYvI8fKFs7cn_FqnSmfOC792yw_n6rOYDFBh4ndsQrR8FXG382c6.js:731:389
i@https://static.xx.fbcdn.net/rsrc.php/v4i0rx4/yp/l/es_ES~es_LA-j/_J0bb6a_60Ugbn1ctqqKIqXlt4wWr1xDRcX4JxZNr6VgnskQ3cpICf66rxLp5OcifozF4pu11ElGOqHYTKvFr9g14BnyRWnA9pG3CgrF-Qb86KHx95T88a2Brbdx1Xii-NGCM4NVAXnDPN6yYD13V85S49emfFmRbTfBRFj3mYvI8fKFs7cn_FqnSmfOC792yw_n6rOYDFBh4ndsQrR8FXG382c6.js:731:200
j@https://static.xx.fbcdn.net/rsrc.php/v4i0rx4/yp/l/es_ES~es_LA-j/_J0bb6a_60Ugbn1ctqqKIqXlt4wWr1xDRcX4JxZNr6VgnskQ3cpICf66rxLp5OcifozF4pu11ElGOqHYTKvFr9g14BnyRWnA9pG3CgrF-Qb86KHx95T88a2Brbdx1Xii-NGCM4NVAXnDPN6yYD13V85S49emfFmRbTfBRFj3mYvI8fKFs7cn_FqnSmfOC792yw_n6rOYDFBh4ndsQrR8FXG382c6.js:731:389
i@https://static.xx.fbcdn.net/rsrc.php/v4i0rx4/yp/l/es_ES~es_LA-j/_J0bb6a_60Ugbn1ctqqKIqXlt4wWr1xDRcX4JxZNr6VgnskQ3cpICf66rxLp5OcifozF4pu11ElGOqHYTKvFr9g14BnyRWnA9pG3CgrF-Qb86KHx95T88a2Brbdx1Xii-NGCM4NVAXnDPN6yYD13V85S49emfFmRbTfBRFj3mYvI8fKFs7cn_FqnSmfOC792yw_n6rOYDFBh4ndsQrR8FXG382c6.js:731:200
j@https://static.xx.fbcdn.net/rsrc.php/v4i0rx4/yp/l/es_ES~es_LA-j/_J0bb6a_60Ugbn1ctqqKIqXlt4wWr1xDRcX4JxZNr6VgnskQ3cpICf66rxLp5OcifozF4pu11ElGOqHYTKvFr9g14BnyRWnA9pG3CgrF-Qb86KHx95T88a2Brbdx1Xii-NGCM4NVAXnDPN6yYD13V85S49emfFmRbTfBRFj3mYvI8fKFs7cn_FqnSmfOC792yw_n6rOYDFBh4ndsQrR8FXG382c6.js:731:389
i@https://static.xx.fbcdn.net/rsrc.php/v4i0rx4/yp/l/es_ES~es_LA-j/_J0bb6a_60Ugbn1ctqqKIqXlt4wWr1xDRcX4JxZNr6VgnskQ3cpICf66rxLp5OcifozF4pu11ElGOqHYTKvFr9g14BnyRWnA9pG3CgrF-Qb86KHx95T88a2Brbdx1Xii-NGCM4NVAXnDPN6yYD13V85S49emfFmRbTfBRFj3mYvI8fKFs7cn_FqnSmfOC792yw_n6rOYDFBh4ndsQrR8FXG382c6.js:731:200
j@https://static.xx.fbcdn.net/rsrc.php/v4i0rx4/yp/l/es_ES~es_LA-j/_J0bb6a_60Ugbn1ctqqKIqXlt4wWr1xDRcX4JxZNr6VgnskQ3cpICf66rxLp5OcifozF4pu11ElGOqHYTKvFr9g14BnyRWnA9pG3CgrF-Qb86KHx95T88a2Brbdx1Xii-NGCM4NVAXnDPN6yYD13V85S49emfFmRbTfBRFj3mYvI8fKFs7cn_FqnSmfOC792yw_n6rOYDFBh4ndsQrR8FXG382c6.js:731:389
scheduleToRun@https://static.xx.fbcdn.net/rsrc.php/v4i0rx4/yp/l/es_ES~es_LA-j/_J0bb6a_60Ugbn1ctqqKIqXlt4wWr1xDRcX4JxZNr6VgnskQ3cpICf66rxLp5OcifozF4pu11ElGOqHYTKvFr9g14BnyRWnA9pG3CgrF-Qb86KHx95T88a2Brbdx1Xii-NGCM4NVAXnDPN6yYD13V85S49emfFmRbTfBRFj3mYvI8fKFs7cn_FqnSmfOC792yw_n6rOYDFBh4ndsQrR8FXG382c6.js:754:9792
k@https://static.xx.fbcdn.net/rsrc.php/v4i0rx4/yp/l/es_ES~es_LA-j/_J0bb6a_60Ugbn1ctqqKIqXlt4wWr1xDRcX4JxZNr6VgnskQ3cpICf66rxLp5OcifozF4pu11ElGOqHYTKvFr9g14BnyRWnA9pG3CgrF-Qb86KHx95T88a2Brbdx1Xii-NGCM4NVAXnDPN6yYD13V85S49emfFmRbTfBRFj3mYvI8fKFs7cn_FqnSmfOC792yw_n6rOYDFBh4ndsQrR8FXG382c6.js:731:427
a@https://static.xx.fbcdn.net/rsrc.php/v4i0rx4/yp/l/es_ES~es_LA-j/_J0bb6a_60Ugbn1ctqqKIqXlt4wWr1xDRcX4JxZNr6VgnskQ3cpICf66rxLp5OcifozF4pu11ElGOqHYTKvFr9g14BnyRWnA9pG3CgrF-Qb86KHx95T88a2Brbdx1Xii-NGCM4NVAXnDPN6yYD13V85S49emfFmRbTfBRFj3mYvI8fKFs7cn_FqnSmfOC792yw_n6rOYDFBh4ndsQrR8FXG382c6.js:731:553
k@https://static.xx.fbcdn.net/rsrc.php/v4i0rx4/yp/l/es_ES~es_LA-j/_J0bb6a_60Ugbn1ctqqKIqXlt4wWr1xDRcX4JxZNr6VgnskQ3cpICf66rxLp5OcifozF4pu11ElGOqHYTKvFr9g14BnyRWnA9pG3CgrF-Qb86KHx95T88a2Brbdx1Xii-NGCM4NVAXnDPN6yYD13V85S49emfFmRbTfBRFj3mYvI8fKFs7cn_FqnSmfOC792yw_n6rOYDFBh4ndsQrR8FXG382c6.js:731:427
a@https://static.xx.fbcdn.net/rsrc.php/v4i0rx4/yp/l/es_ES~es_LA-j/_J0bb6a_60Ugbn1ctqqKIqXlt4wWr1xDRcX4JxZNr6VgnskQ3cpICf66rxLp5OcifozF4pu11ElGOqHYTKvFr9g14BnyRWnA9pG3CgrF-Qb86KHx95T88a2Brbdx1Xii-NGCM4NVAXnDPN6yYD13V85S49emfFmRbTfBRFj3mYvI8fKFs7cn_FqnSmfOC792yw_n6rOYDFBh4ndsQrR8FXG382c6.js:731:553
k@https://static.xx.fbcdn.net/rsrc.php/v4i0rx4/yp/l/es_ES~es_LA-j/_J0bb6a_60Ugbn1ctqqKIqXlt4wWr1xDRcX4JxZNr6VgnskQ3cpICf66rxLp5OcifozF4pu11ElGOqHYTKvFr9g14BnyRWnA9pG3CgrF-Qb86KHx95T88a2Brbdx1Xii-NGCM4NVAXnDPN6yYD13V85S49emfFmRbTfBRFj3mYvI8fKFs7cn_FqnSmfOC792yw_n6rOYDFBh4ndsQrR8FXG382c6.js:731:427
a@https://static.xx.fbcdn.net/rsrc.php/v4i0rx4/yp/l/es_ES~es_LA-j/_J0bb6a_60Ugbn1ctqqKIqXlt4wWr1xDRcX4JxZNr6VgnskQ3cpICf66rxLp5OcifozF4pu11ElGOqHYTKvFr9g14BnyRWnA9pG3CgrF-Qb86KHx95T88a2Brbdx1Xii-NGCM4NVAXnDPN6yYD13V85S49emfFmRbTfBRFj3mYvI8fKFs7cn_FqnSmfOC792yw_n6rOYDFBh4ndsQrR8FXG382c6.js:731:553
k@https://static.xx.fbcdn.net/rsrc.php/v4i0rx4/yp/l/es_ES~es_LA-j/_J0bb6a_60Ugbn1ctqqKIqXlt4wWr1xDRcX4JxZNr6VgnskQ3cpICf66rxLp5OcifozF4pu11ElGOqHYTKvFr9g14BnyRWnA9pG3CgrF-Qb86KHx95T88a2Brbdx1Xii-NGCM4NVAXnDPN6yYD13V85S49emfFmRbTfBRFj3mYvI8fKFs7cn_FqnSmfOC792yw_n6rOYDFBh4ndsQrR8FXG382c6.js:731:427
a@https://static.xx.fbcdn.net/rsrc.php/v4i0rx4/yp/l/es_ES~es_LA-j/_J0bb6a_60Ugbn1ctqqKIqXlt4wWr1xDRcX4JxZNr6VgnskQ3cpICf66rxLp5OcifozF4pu11ElGOqHYTKvFr9g14BnyRWnA9pG3CgrF-Qb86KHx95T88a2Brbdx1Xii-NGCM4NVAXnDPN6yYD13V85S49emfFmRbTfBRFj3mYvI8fKFs7cn_FqnSmfOC792yw_n6rOYDFBh4ndsQrR8FXG382c6.js:731:553
l@https://static.xx.fbcdn.net/rsrc.php/v4i0rx4/yp/l/es_ES~es_LA-j/_J0bb6a_60Ugbn1ctqqKIqXlt4wWr1xDRcX4JxZNr6VgnskQ3cpICf66rxLp5OcifozF4pu11ElGOqHYTKvFr9g14BnyRWnA9pG3CgrF-Qb86KHx95T88a2Brbdx1Xii-NGCM4NVAXnDPN6yYD13V85S49emfFmRbTfBRFj3mYvI8fKFs7cn_FqnSmfOC792yw_n6rOYDFBh4ndsQrR8FXG382c6.js:732:633
sendToSelf@https://static.xx.fbcdn.net/rsrc.php/v4i0rx4/yp/l/es_ES~es_LA-j/_J0bb6a_60Ugbn1ctqqKIqXlt4wWr1xDRcX4JxZNr6VgnskQ3cpICf66rxLp5OcifozF4pu11ElGOqHYTKvFr9g14BnyRWnA9pG3CgrF-Qb86KHx95T88a2Brbdx1Xii-NGCM4NVAXnDPN6yYD13V85S49emfFmRbTfBRFj3mYvI8fKFs7cn_FqnSmfOC792yw_n6rOYDFBh4ndsQrR8FXG382c6.js:732:1691
g@https://static.xx.fbcdn.net/rsrc.php/v4i0rx4/yp/l/es_ES~es_LA-j/_J0bb6a_60Ugbn1ctqqKIqXlt4wWr1xDRcX4JxZNr6VgnskQ3cpICf66rxLp5OcifozF4pu11ElGOqHYTKvFr9g14BnyRWnA9pG3CgrF-Qb86KHx95T88a2Brbdx1Xii-NGCM4NVAXnDPN6yYD13V85S49emfFmRbTfBRFj3mYvI8fKFs7cn_FqnSmfOC792yw_n6rOYDFBh4ndsQrR8FXG382c6.js:751:11434
e/l<@https://static.xx.fbcdn.net/rsrc.php/v4/yS/r/Tk4D3z-XYWS.js:250:978
applyWithGuard@https://static.xx.fbcdn.net/rsrc.php/v4/yS/r/Tk4D3z-XYWS.js:76:10373
c@https://static.xx.fbcdn.net/rsrc.php/v4/yS/r/Tk4D3z-XYWS.js:76:11107
I@https://static.xx.fbcdn.net/rsrc.php/v4/yS/r/Tk4D3z-XYWS.js:239:1889

1755025881611	geckodriver	INFO	Listening on 127.0.0.1:55316
1755025882127	mozrunner::runner	INFO	Running command: MOZ_CRASHREPORTER="1" MOZ_CRASHREPORTER_NO_REPORT="1" MOZ_CRASHREPORTER_SHUTDOWN="1" "/Applications/Firefox. ... s" "localhost" "-foreground" "-no-remote" "-profile" "/var/folders/45/_6zmnwkn6638scvzx_7pz4_m0000gn/T/rust_mozprofile14VcNK"
console.warn: services.settings: Ignoring preference override of remote settings server
console.warn: services.settings: Allow by setting MOZ_REMOTE_SETTINGS_DEVTOOLS=1 in the environment
1755025882688	Marionette	INFO	Marionette enabled
console.error: "Warning: unrecognized command line flag" "-remote-allow-hosts"
1755025883303	Marionette	INFO	Listening on port 55324
WebDriver BiDi listening on ws://127.0.0.1:55317
Read port: 55324
1755025883596	RemoteAgent	WARN	TLS certificate errors will be ignored for this session
JavaScript warning: https://static.xx.fbcdn.net/rsrc.php/v4iQyZ4/y7/l/es_ES~es_LA-j/je-IhMgu-2p.js, line 105: WEBGL_debug_renderer_info is deprecated in Firefox and will be removed. Please use RENDERER.
1755025901707	Marionette	INFO	Stopped listening on port 55324
1755025903193	geckodriver	INFO	Listening on 127.0.0.1:55365
1755025903709	mozrunner::runner	INFO	Running command: MOZ_CRASHREPORTER="1" MOZ_CRASHREPORTER_NO_REPORT="1" MOZ_CRASHREPORTER_SHUTDOWN="1" "/Applications/Firefox. ... s" "localhost" "-foreground" "-no-remote" "-profile" "/var/folders/45/_6zmnwkn6638scvzx_7pz4_m0000gn/T/rust_mozprofilewhx1gI"
console.warn: services.settings: Ignoring preference override of remote settings server
console.warn: services.settings: Allow by setting MOZ_REMOTE_SETTINGS_DEVTOOLS=1 in the environment
1755025904271	Marionette	INFO	Marionette enabled
console.error: "Warning: unrecognized command line flag" "-remote-allow-hosts"
1755025904889	Marionette	INFO	Listening on port 55373
WebDriver BiDi listening on ws://127.0.0.1:55366
Read port: 55373
1755025905234	RemoteAgent	WARN	TLS certificate errors will be ignored for this session
JavaScript warning: https://static.xx.fbcdn.net/rsrc.php/v4iQyZ4/y7/l/es_ES~es_LA-j/je-IhMgu-2p.js, line 105: WEBGL_debug_renderer_info is deprecated in Firefox and will be removed. Please use RENDERER.
1755025936306	Marionette	INFO	Stopped listening on port 55373
1755025937757	geckodriver	INFO	Listening on 127.0.0.1:55408
1755025938273	mozrunner::runner	INFO	Running command: MOZ_CRASHREPORTER="1" MOZ_CRASHREPORTER_NO_REPORT="1" MOZ_CRASHREPORTER_SHUTDOWN="1" "/Applications/Firefox. ... s" "localhost" "-foreground" "-no-remote" "-profile" "/var/folders/45/_6zmnwkn6638scvzx_7pz4_m0000gn/T/rust_mozprofileDGJBh1"
console.warn: services.settings: Ignoring preference override of remote settings server
console.warn: services.settings: Allow by setting MOZ_REMOTE_SETTINGS_DEVTOOLS=1 in the environment
1755025938847	Marionette	INFO	Marionette enabled
console.error: "Warning: unrecognized command line flag" "-remote-allow-hosts"
1755025939481	Marionette	INFO	Listening on port 55415
WebDriver BiDi listening on ws://127.0.0.1:55409
Read port: 55415
1755025939774	RemoteAgent	WARN	TLS certificate errors will be ignored for this session
JavaScript warning: https://static.xx.fbcdn.net/rsrc.php/v4iQyZ4/y7/l/es_ES~es_LA-j/je-IhMgu-2p.js, line 105: WEBGL_debug_renderer_info is deprecated in Firefox and will be removed. Please use RENDERER.
1755025964174	Marionette	INFO	Stopped listening on port 55415
1755025965761	geckodriver	INFO	Listening on 127.0.0.1:55468
1755025966278	mozrunner::runner	INFO	Running command: MOZ_CRASHREPORTER="1" MOZ_CRASHREPORTER_NO_REPORT="1" MOZ_CRASHREPORTER_SHUTDOWN="1" "/Applications/Firefox. ... s" "localhost" "-foreground" "-no-remote" "-profile" "/var/folders/45/_6zmnwkn6638scvzx_7pz4_m0000gn/T/rust_mozprofileR0Zo5u"
console.warn: services.settings: Ignoring preference override of remote settings server
console.warn: services.settings: Allow by setting MOZ_REMOTE_SETTINGS_DEVTOOLS=1 in the environment
1755025966849	Marionette	INFO	Marionette enabled
console.error: "Warning: unrecognized command line flag" "-remote-allow-hosts"
1755025967468	Marionette	INFO	Listening on port 55474
WebDriver BiDi listening on ws://127.0.0.1:55469
Read port: 55474
1755025967818	RemoteAgent	WARN	TLS certificate errors will be ignored for this session
JavaScript warning: https://static.xx.fbcdn.net/rsrc.php/v4iQyZ4/y7/l/es_ES~es_LA-j/je-IhMgu-2p.js, line 105: WEBGL_debug_renderer_info is deprecated in Firefox and will be removed. Please use RENDERER.
1755025997409	Marionette	INFO	Stopped listening on port 55474
console.error: services.settings: 
  security-state/intermediates Signature failed  Error: Shutdown, aborting read-only worker requests.
console.error: services.settings: 
  Message: Error: Shutdown, aborting read-only worker requests.
  Stack:
    _abortCancelableRequests@resource://services-settings/RemoteSettingsWorker.sys.mjs:131:19
@resource://services-settings/RemoteSettingsWorker.sys.mjs:207:28
trigger@resource://gre/modules/AsyncShutdown.sys.mjs:754:23
_wait@resource://gre/modules/AsyncShutdown.sys.mjs:914:15
wait@resource://gre/modules/AsyncShutdown.sys.mjs:895:34
observe@resource://gre/modules/AsyncShutdown.sys.mjs:554:10

console.warn: services.settings: blocklists/addons-bloomfilters sync interrupted by shutdown
console.error: (new Error("IndexedDB: main/crash-reports-ondemand getLastModified() IndexedDB:  execute() The application is shutting down", "resource://services-settings/IDBHelpers.sys.mjs", 16))
JavaScript error: https://static.xx.fbcdn.net/rsrc.php/v4iyI64/yk/l/es_ES~es_LA-j/_J0bb6a_60Ugbn1ctqqKIqXlt4wWr1xDRcX4JxZNr6VgnskQ3cpICf66rxLp5OcifozF4pu11ElGOqHYTKvFr9g1Hx95T88a2Br.js, line 438: TypeError: can't access dead object
1755025999069	geckodriver	INFO	Listening on 127.0.0.1:55512
1755025999585	mozrunner::runner	INFO	Running command: MOZ_CRASHREPORTER="1" MOZ_CRASHREPORTER_NO_REPORT="1" MOZ_CRASHREPORTER_SHUTDOWN="1" "/Applications/Firefox. ... s" "localhost" "-foreground" "-no-remote" "-profile" "/var/folders/45/_6zmnwkn6638scvzx_7pz4_m0000gn/T/rust_mozprofileYEsCnQ"
console.warn: services.settings: Ignoring preference override of remote settings server
console.warn: services.settings: Allow by setting MOZ_REMOTE_SETTINGS_DEVTOOLS=1 in the environment
1755026000157	Marionette	INFO	Marionette enabled
console.error: "Warning: unrecognized command line flag" "-remote-allow-hosts"
1755026000769	Marionette	INFO	Listening on port 55518
WebDriver BiDi listening on ws://127.0.0.1:55513
Read port: 55518
1755026001067	RemoteAgent	WARN	TLS certificate errors will be ignored for this session
JavaScript warning: https://static.xx.fbcdn.net/rsrc.php/v4iQyZ4/y7/l/es_ES~es_LA-j/je-IhMgu-2p.js, line 105: WEBGL_debug_renderer_info is deprecated in Firefox and will be removed. Please use RENDERER.
1755026022099	Marionette	INFO	Stopped listening on port 55518
1755026023314	geckodriver	INFO	Listening on 127.0.0.1:55551
1755026023830	mozrunner::runner	INFO	Running command: MOZ_CRASHREPORTER="1" MOZ_CRASHREPORTER_NO_REPORT="1" MOZ_CRASHREPORTER_SHUTDOWN="1" "/Applications/Firefox. ... s" "localhost" "-foreground" "-no-remote" "-profile" "/var/folders/45/_6zmnwkn6638scvzx_7pz4_m0000gn/T/rust_mozprofileuXoS8H"
console.warn: services.settings: Ignoring preference override of remote settings server
console.warn: services.settings: Allow by setting MOZ_REMOTE_SETTINGS_DEVTOOLS=1 in the environment
1755026024412	Marionette	INFO	Marionette enabled
console.error: "Warning: unrecognized command line flag" "-remote-allow-hosts"
1755026025035	Marionette	INFO	Listening on port 55560
WebDriver BiDi listening on ws://127.0.0.1:55552
Read port: 55560
1755026025334	RemoteAgent	WARN	TLS certificate errors will be ignored for this session
JavaScript warning: https://static.xx.fbcdn.net/rsrc.php/v4iQyZ4/y7/l/es_ES~es_LA-j/je-IhMgu-2p.js, line 105: WEBGL_debug_renderer_info is deprecated in Firefox and will be removed. Please use RENDERER.
1755026049068	Marionette	INFO	Stopped listening on port 55560
1755026050293	geckodriver	INFO	Listening on 127.0.0.1:55592
1755026050804	mozrunner::runner	INFO	Running command: MOZ_CRASHREPORTER="1" MOZ_CRASHREPORTER_NO_REPORT="1" MOZ_CRASHREPORTER_SHUTDOWN="1" "/Applications/Firefox. ... s" "localhost" "-foreground" "-no-remote" "-profile" "/var/folders/45/_6zmnwkn6638scvzx_7pz4_m0000gn/T/rust_mozprofilePLJzVV"
console.warn: services.settings: Ignoring preference override of remote settings server
console.warn: services.settings: Allow by setting MOZ_REMOTE_SETTINGS_DEVTOOLS=1 in the environment
1755026051368	Marionette	INFO	Marionette enabled
console.error: "Warning: unrecognized command line flag" "-remote-allow-hosts"
1755026051987	Marionette	INFO	Listening on port 55598
WebDriver BiDi listening on ws://127.0.0.1:55593
Read port: 55598
1755026052332	RemoteAgent	WARN	TLS certificate errors will be ignored for this session
JavaScript warning: https://static.xx.fbcdn.net/rsrc.php/v4iQyZ4/y7/l/es_ES~es_LA-j/je-IhMgu-2p.js, line 105: WEBGL_debug_renderer_info is deprecated in Firefox and will be removed. Please use RENDERER.
1755026075356	Marionette	INFO	Stopped listening on port 55598
1755026076585	geckodriver	INFO	Listening on 127.0.0.1:55641
1755026077101	mozrunner::runner	INFO	Running command: MOZ_CRASHREPORTER="1" MOZ_CRASHREPORTER_NO_REPORT="1" MOZ_CRASHREPORTER_SHUTDOWN="1" "/Applications/Firefox. ... s" "localhost" "-foreground" "-no-remote" "-profile" "/var/folders/45/_6zmnwkn6638scvzx_7pz4_m0000gn/T/rust_mozprofiledOIRLk"
console.warn: services.settings: Ignoring preference override of remote settings server
console.warn: services.settings: Allow by setting MOZ_REMOTE_SETTINGS_DEVTOOLS=1 in the environment
1755026077666	Marionette	INFO	Marionette enabled
console.error: "Warning: unrecognized command line flag" "-remote-allow-hosts"
1755026078288	Marionette	INFO	Listening on port 55647
WebDriver BiDi listening on ws://127.0.0.1:55642
Read port: 55647
1755026078634	RemoteAgent	WARN	TLS certificate errors will be ignored for this session
JavaScript warning: https://static.xx.fbcdn.net/rsrc.php/v4iQyZ4/y7/l/es_ES~es_LA-j/je-IhMgu-2p.js, line 105: WEBGL_debug_renderer_info is deprecated in Firefox and will be removed. Please use RENDERER.
1755026101180	Marionette	INFO	Stopped listening on port 55647
1755026102398	geckodriver	INFO	Listening on 127.0.0.1:55684
1755026102914	mozrunner::runner	INFO	Running command: MOZ_CRASHREPORTER="1" MOZ_CRASHREPORTER_NO_REPORT="1" MOZ_CRASHREPORTER_SHUTDOWN="1" "/Applications/Firefox. ... s" "localhost" "-foreground" "-no-remote" "-profile" "/var/folders/45/_6zmnwkn6638scvzx_7pz4_m0000gn/T/rust_mozprofiledWgbZZ"
console.warn: services.settings: Ignoring preference override of remote settings server
console.warn: services.settings: Allow by setting MOZ_REMOTE_SETTINGS_DEVTOOLS=1 in the environment
1755026103476	Marionette	INFO	Marionette enabled
console.error: "Warning: unrecognized command line flag" "-remote-allow-hosts"
1755026104095	Marionette	INFO	Listening on port 55692
WebDriver BiDi listening on ws://127.0.0.1:55685
Read port: 55692
1755026104442	RemoteAgent	WARN	TLS certificate errors will be ignored for this session
JavaScript warning: https://static.xx.fbcdn.net/rsrc.php/v4iQyZ4/y7/l/es_ES~es_LA-j/je-IhMgu-2p.js, line 105: WEBGL_debug_renderer_info is deprecated in Firefox and will be removed. Please use RENDERER.
1755026127520	Marionette	INFO	Stopped listening on port 55692
1755026128761	geckodriver	INFO	Listening on 127.0.0.1:55739
1755026129277	mozrunner::runner	INFO	Running command: MOZ_CRASHREPORTER="1" MOZ_CRASHREPORTER_NO_REPORT="1" MOZ_CRASHREPORTER_SHUTDOWN="1" "/Applications/Firefox. ... s" "localhost" "-foreground" "-no-remote" "-profile" "/var/folders/45/_6zmnwkn6638scvzx_7pz4_m0000gn/T/rust_mozprofileGKIQts"
console.warn: services.settings: Ignoring preference override of remote settings server
console.warn: services.settings: Allow by setting MOZ_REMOTE_SETTINGS_DEVTOOLS=1 in the environment
1755026129845	Marionette	INFO	Marionette enabled
console.error: "Warning: unrecognized command line flag" "-remote-allow-hosts"
1755026130462	Marionette	INFO	Listening on port 55746
WebDriver BiDi listening on ws://127.0.0.1:55740
Read port: 55746
1755026130760	RemoteAgent	WARN	TLS certificate errors will be ignored for this session
JavaScript warning: https://static.xx.fbcdn.net/rsrc.php/v4iQyZ4/y7/l/es_ES~es_LA-j/je-IhMgu-2p.js, line 105: WEBGL_debug_renderer_info is deprecated in Firefox and will be removed. Please use RENDERER.
1755026153150	Marionette	INFO	Stopped listening on port 55746
JavaScript error: https://static.xx.fbcdn.net/rsrc.php/v4iyI64/yk/l/es_ES~es_LA-j/_J0bb6a_60Ugbn1ctqqKIqXlt4wWr1xDRcX4JxZNr6VgnskQ3cpICf66rxLp5OcifozF4pu11ElGOqHYTKvFr9g1Hx95T88a2Br.js, line 438: TypeError: can't access dead object
1755026154857	geckodriver	INFO	Listening on 127.0.0.1:55781
1755026155374	mozrunner::runner	INFO	Running command: MOZ_CRASHREPORTER="1" MOZ_CRASHREPORTER_NO_REPORT="1" MOZ_CRASHREPORTER_SHUTDOWN="1" "/Applications/Firefox. ... s" "localhost" "-foreground" "-no-remote" "-profile" "/var/folders/45/_6zmnwkn6638scvzx_7pz4_m0000gn/T/rust_mozprofilevrlYBR"
console.warn: services.settings: Ignoring preference override of remote settings server
console.warn: services.settings: Allow by setting MOZ_REMOTE_SETTINGS_DEVTOOLS=1 in the environment
1755026155959	Marionette	INFO	Marionette enabled
console.error: "Warning: unrecognized command line flag" "-remote-allow-hosts"
1755026156580	Marionette	INFO	Listening on port 55787
WebDriver BiDi listening on ws://127.0.0.1:55782
Read port: 55787
1755026156931	RemoteAgent	WARN	TLS certificate errors will be ignored for this session
JavaScript warning: https://static.xx.fbcdn.net/rsrc.php/v4iQyZ4/y7/l/es_ES~es_LA-j/je-IhMgu-2p.js, line 105: WEBGL_debug_renderer_info is deprecated in Firefox and will be removed. Please use RENDERER.
1755026179231	Marionette	INFO	Stopped listening on port 55787
1755026180517	geckodriver	INFO	Listening on 127.0.0.1:55821
1755026181032	mozrunner::runner	INFO	Running command: MOZ_CRASHREPORTER="1" MOZ_CRASHREPORTER_NO_REPORT="1" MOZ_CRASHREPORTER_SHUTDOWN="1" "/Applications/Firefox. ... s" "localhost" "-foreground" "-no-remote" "-profile" "/var/folders/45/_6zmnwkn6638scvzx_7pz4_m0000gn/T/rust_mozprofilejBh3eN"
console.warn: services.settings: Ignoring preference override of remote settings server
console.warn: services.settings: Allow by setting MOZ_REMOTE_SETTINGS_DEVTOOLS=1 in the environment
1755026181593	Marionette	INFO	Marionette enabled
console.error: "Warning: unrecognized command line flag" "-remote-allow-hosts"
1755026182213	Marionette	INFO	Listening on port 55827
WebDriver BiDi listening on ws://127.0.0.1:55822
Read port: 55827
1755026182562	RemoteAgent	WARN	TLS certificate errors will be ignored for this session
JavaScript warning: https://static.xx.fbcdn.net/rsrc.php/v4iQyZ4/y7/l/es_ES~es_LA-j/je-IhMgu-2p.js, line 105: WEBGL_debug_renderer_info is deprecated in Firefox and will be removed. Please use RENDERER.
1755026199431	Marionette	INFO	Stopped listening on port 55827
1755026201087	geckodriver	INFO	Listening on 127.0.0.1:55870
1755026201603	mozrunner::runner	INFO	Running command: MOZ_CRASHREPORTER="1" MOZ_CRASHREPORTER_NO_REPORT="1" MOZ_CRASHREPORTER_SHUTDOWN="1" "/Applications/Firefox. ... s" "localhost" "-foreground" "-no-remote" "-profile" "/var/folders/45/_6zmnwkn6638scvzx_7pz4_m0000gn/T/rust_mozprofileIYEG1a"
console.warn: services.settings: Ignoring preference override of remote settings server
console.warn: services.settings: Allow by setting MOZ_REMOTE_SETTINGS_DEVTOOLS=1 in the environment
1755026202171	Marionette	INFO	Marionette enabled
console.error: "Warning: unrecognized command line flag" "-remote-allow-hosts"
1755026202791	Marionette	INFO	Listening on port 55876
WebDriver BiDi listening on ws://127.0.0.1:55871
Read port: 55876
1755026203140	RemoteAgent	WARN	TLS certificate errors will be ignored for this session
JavaScript warning: https://static.xx.fbcdn.net/rsrc.php/v4iQyZ4/y7/l/es_ES~es_LA-j/je-IhMgu-2p.js, line 105: WEBGL_debug_renderer_info is deprecated in Firefox and will be removed. Please use RENDERER.
1755026226797	Marionette	INFO	Stopped listening on port 55876
1755026228036	geckodriver	INFO	Listening on 127.0.0.1:55906
1755026228548	mozrunner::runner	INFO	Running command: MOZ_CRASHREPORTER="1" MOZ_CRASHREPORTER_NO_REPORT="1" MOZ_CRASHREPORTER_SHUTDOWN="1" "/Applications/Firefox. ... s" "localhost" "-foreground" "-no-remote" "-profile" "/var/folders/45/_6zmnwkn6638scvzx_7pz4_m0000gn/T/rust_mozprofilelubuUT"
console.warn: services.settings: Ignoring preference override of remote settings server
console.warn: services.settings: Allow by setting MOZ_REMOTE_SETTINGS_DEVTOOLS=1 in the environment
1755026229113	Marionette	INFO	Marionette enabled
console.error: "Warning: unrecognized command line flag" "-remote-allow-hosts"
1755026229734	Marionette	INFO	Listening on port 55912
WebDriver BiDi listening on ws://127.0.0.1:55907
Read port: 55912
1755026230082	RemoteAgent	WARN	TLS certificate errors will be ignored for this session
JavaScript warning: https://static.xx.fbcdn.net/rsrc.php/v4iQyZ4/y7/l/es_ES~es_LA-j/je-IhMgu-2p.js, line 105: WEBGL_debug_renderer_info is deprecated in Firefox and will be removed. Please use RENDERER.
1755026253329	Marionette	INFO	Stopped listening on port 55912
1755026254558	geckodriver	INFO	Listening on 127.0.0.1:55954
1755026255074	mozrunner::runner	INFO	Running command: MOZ_CRASHREPORTER="1" MOZ_CRASHREPORTER_NO_REPORT="1" MOZ_CRASHREPORTER_SHUTDOWN="1" "/Applications/Firefox. ... s" "localhost" "-foreground" "-no-remote" "-profile" "/var/folders/45/_6zmnwkn6638scvzx_7pz4_m0000gn/T/rust_mozprofileNwPo2Q"
console.warn: services.settings: Ignoring preference override of remote settings server
console.warn: services.settings: Allow by setting MOZ_REMOTE_SETTINGS_DEVTOOLS=1 in the environment
1755026255646	Marionette	INFO	Marionette enabled
console.error: "Warning: unrecognized command line flag" "-remote-allow-hosts"
1755026256267	Marionette	INFO	Listening on port 55961
WebDriver BiDi listening on ws://127.0.0.1:55955
Read port: 55961
1755026256564	RemoteAgent	WARN	TLS certificate errors will be ignored for this session
JavaScript warning: https://static.xx.fbcdn.net/rsrc.php/v4iQyZ4/y7/l/es_ES~es_LA-j/je-IhMgu-2p.js, line 105: WEBGL_debug_renderer_info is deprecated in Firefox and will be removed. Please use RENDERER.
1755026279607	Marionette	INFO	Stopped listening on port 55961
1755026280832	geckodriver	INFO	Listening on 127.0.0.1:55989
1755026281348	mozrunner::runner	INFO	Running command: MOZ_CRASHREPORTER="1" MOZ_CRASHREPORTER_NO_REPORT="1" MOZ_CRASHREPORTER_SHUTDOWN="1" "/Applications/Firefox. ... s" "localhost" "-foreground" "-no-remote" "-profile" "/var/folders/45/_6zmnwkn6638scvzx_7pz4_m0000gn/T/rust_mozprofileYRYcCS"
console.warn: services.settings: Ignoring preference override of remote settings server
console.warn: services.settings: Allow by setting MOZ_REMOTE_SETTINGS_DEVTOOLS=1 in the environment
1755026281913	Marionette	INFO	Marionette enabled
console.error: "Warning: unrecognized command line flag" "-remote-allow-hosts"
1755026282532	Marionette	INFO	Listening on port 55995
WebDriver BiDi listening on ws://127.0.0.1:55990
Read port: 55995
1755026282880	RemoteAgent	WARN	TLS certificate errors will be ignored for this session
JavaScript warning: https://static.xx.fbcdn.net/rsrc.php/v4iQyZ4/y7/l/es_ES~es_LA-j/je-IhMgu-2p.js, line 105: WEBGL_debug_renderer_info is deprecated in Firefox and will be removed. Please use RENDERER.
1755026306938	Marionette	INFO	Stopped listening on port 55995
1755026308525	geckodriver	INFO	Listening on 127.0.0.1:56032
1755026309042	mozrunner::runner	INFO	Running command: MOZ_CRASHREPORTER="1" MOZ_CRASHREPORTER_NO_REPORT="1" MOZ_CRASHREPORTER_SHUTDOWN="1" "/Applications/Firefox. ... s" "localhost" "-foreground" "-no-remote" "-profile" "/var/folders/45/_6zmnwkn6638scvzx_7pz4_m0000gn/T/rust_mozprofileSe4lDB"
console.warn: services.settings: Ignoring preference override of remote settings server
console.warn: services.settings: Allow by setting MOZ_REMOTE_SETTINGS_DEVTOOLS=1 in the environment
1755026309617	Marionette	INFO	Marionette enabled
console.error: "Warning: unrecognized command line flag" "-remote-allow-hosts"
1755026310238	Marionette	INFO	Listening on port 56038
WebDriver BiDi listening on ws://127.0.0.1:56033
Read port: 56038
1755026310584	RemoteAgent	WARN	TLS certificate errors will be ignored for this session
JavaScript warning: https://static.xx.fbcdn.net/rsrc.php/v4iQyZ4/y7/l/es_ES~es_LA-j/je-IhMgu-2p.js, line 105: WEBGL_debug_renderer_info is deprecated in Firefox and will be removed. Please use RENDERER.
1755026341255	Marionette	INFO	Stopped listening on port 56038
JavaScript warning: https://static.xx.fbcdn.net/rsrc.php/v4i0rx4/yp/l/es_ES~es_LA-j/_J0bb6a_60Ugbn1ctqqKIqXlt4wWr1xDRcX4JxZNr6VgnskQ3cpICf66rxLp5OcifozF4pu11ElGOqHYTKvFr9g14BnyRWnA9pG3CgrF-Qb86KHx95T88a2Brbdx1Xii-NGCM4NVAXnDPN6yYD13V85S49emfFmRbTfBRFj3mYvI8fKFs7cn_FqnSmfOC792yw_n6rOYDFBh4ndsQrR8FXG382c6.js, line 732: Script terminated by timeout at:
m@https://static.xx.fbcdn.net/rsrc.php/v4i0rx4/yp/l/es_ES~es_LA-j/_J0bb6a_60Ugbn1ctqqKIqXlt4wWr1xDRcX4JxZNr6VgnskQ3cpICf66rxLp5OcifozF4pu11ElGOqHYTKvFr9g14BnyRWnA9pG3CgrF-Qb86KHx95T88a2Brbdx1Xii-NGCM4NVAXnDPN6yYD13V85S49emfFmRbTfBRFj3mYvI8fKFs7cn_FqnSmfOC792yw_n6rOYDFBh4ndsQrR8FXG382c6.js:732:681
l/<@https://static.xx.fbcdn.net/rsrc.php/v4i0rx4/yp/l/es_ES~es_LA-j/_J0bb6a_60Ugbn1ctqqKIqXlt4wWr1xDRcX4JxZNr6VgnskQ3cpICf66rxLp5OcifozF4pu11ElGOqHYTKvFr9g14BnyRWnA9pG3CgrF-Qb86KHx95T88a2Brbdx1Xii-NGCM4NVAXnDPN6yYD13V85S49emfFmRbTfBRFj3mYvI8fKFs7cn_FqnSmfOC792yw_n6rOYDFBh4ndsQrR8FXG382c6.js:732:657
i@https://static.xx.fbcdn.net/rsrc.php/v4i0rx4/yp/l/es_ES~es_LA-j/_J0bb6a_60Ugbn1ctqqKIqXlt4wWr1xDRcX4JxZNr6VgnskQ3cpICf66rxLp5OcifozF4pu11ElGOqHYTKvFr9g14BnyRWnA9pG3CgrF-Qb86KHx95T88a2Brbdx1Xii-NGCM4NVAXnDPN6yYD13V85S49emfFmRbTfBRFj3mYvI8fKFs7cn_FqnSmfOC792yw_n6rOYDFBh4ndsQrR8FXG382c6.js:731:200
j@https://static.xx.fbcdn.net/rsrc.php/v4i0rx4/yp/l/es_ES~es_LA-j/_J0bb6a_60Ugbn1ctqqKIqXlt4wWr1xDRcX4JxZNr6VgnskQ3cpICf66rxLp5OcifozF4pu11ElGOqHYTKvFr9g14BnyRWnA9pG3CgrF-Qb86KHx95T88a2Brbdx1Xii-NGCM4NVAXnDPN6yYD13V85S49emfFmRbTfBRFj3mYvI8fKFs7cn_FqnSmfOC792yw_n6rOYDFBh4ndsQrR8FXG382c6.js:731:389
i@https://static.xx.fbcdn.net/rsrc.php/v4i0rx4/yp/l/es_ES~es_LA-j/_J0bb6a_60Ugbn1ctqqKIqXlt4wWr1xDRcX4JxZNr6VgnskQ3cpICf66rxLp5OcifozF4pu11ElGOqHYTKvFr9g14BnyRWnA9pG3CgrF-Qb86KHx95T88a2Brbdx1Xii-NGCM4NVAXnDPN6yYD13V85S49emfFmRbTfBRFj3mYvI8fKFs7cn_FqnSmfOC792yw_n6rOYDFBh4ndsQrR8FXG382c6.js:731:200
j@https://static.xx.fbcdn.net/rsrc.php/v4i0rx4/yp/l/es_ES~es_LA-j/_J0bb6a_60Ugbn1ctqqKIqXlt4wWr1xDRcX4JxZNr6VgnskQ3cpICf66rxLp5OcifozF4pu11ElGOqHYTKvFr9g14BnyRWnA9pG3CgrF-Qb86KHx95T88a2Brbdx1Xii-NGCM4NVAXnDPN6yYD13V85S49emfFmRbTfBRFj3mYvI8fKFs7cn_FqnSmfOC792yw_n6rOYDFBh4ndsQrR8FXG382c6.js:731:389
i@https://static.xx.fbcdn.net/rsrc.php/v4i0rx4/yp/l/es_ES~es_LA-j/_J0bb6a_60Ugbn1ctqqKIqXlt4wWr1xDRcX4JxZNr6VgnskQ3cpICf66rxLp5OcifozF4pu11ElGOqHYTKvFr9g14BnyRWnA9pG3CgrF-Qb86KHx95T88a2Brbdx1Xii-NGCM4NVAXnDPN6yYD13V85S49emfFmRbTfBRFj3mYvI8fKFs7cn_FqnSmfOC792yw_n6rOYDFBh4ndsQrR8FXG382c6.js:731:200
j@https://static.xx.fbcdn.net/rsrc.php/v4i0rx4/yp/l/es_ES~es_LA-j/_J0bb6a_60Ugbn1ctqqKIqXlt4wWr1xDRcX4JxZNr6VgnskQ3cpICf66rxLp5OcifozF4pu11ElGOqHYTKvFr9g14BnyRWnA9pG3CgrF-Qb86KHx95T88a2Brbdx1Xii-NGCM4NVAXnDPN6yYD13V85S49emfFmRbTfBRFj3mYvI8fKFs7cn_FqnSmfOC792yw_n6rOYDFBh4ndsQrR8FXG382c6.js:731:389
i@https://static.xx.fbcdn.net/rsrc.php/v4i0rx4/yp/l/es_ES~es_LA-j/_J0bb6a_60Ugbn1ctqqKIqXlt4wWr1xDRcX4JxZNr6VgnskQ3cpICf66rxLp5OcifozF4pu11ElGOqHYTKvFr9g14BnyRWnA9pG3CgrF-Qb86KHx95T88a2Brbdx1Xii-NGCM4NVAXnDPN6yYD13V85S49emfFmRbTfBRFj3mYvI8fKFs7cn_FqnSmfOC792yw_n6rOYDFBh4ndsQrR8FXG382c6.js:731:200
j@https://static.xx.fbcdn.net/rsrc.php/v4i0rx4/yp/l/es_ES~es_LA-j/_J0bb6a_60Ugbn1ctqqKIqXlt4wWr1xDRcX4JxZNr6VgnskQ3cpICf66rxLp5OcifozF4pu11ElGOqHYTKvFr9g14BnyRWnA9pG3CgrF-Qb86KHx95T88a2Brbdx1Xii-NGCM4NVAXnDPN6yYD13V85S49emfFmRbTfBRFj3mYvI8fKFs7cn_FqnSmfOC792yw_n6rOYDFBh4ndsQrR8FXG382c6.js:731:389
scheduleToRun@https://static.xx.fbcdn.net/rsrc.php/v4i0rx4/yp/l/es_ES~es_LA-j/_J0bb6a_60Ugbn1ctqqKIqXlt4wWr1xDRcX4JxZNr6VgnskQ3cpICf66rxLp5OcifozF4pu11ElGOqHYTKvFr9g14BnyRWnA9pG3CgrF-Qb86KHx95T88a2Brbdx1Xii-NGCM4NVAXnDPN6yYD13V85S49emfFmRbTfBRFj3mYvI8fKFs7cn_FqnSmfOC792yw_n6rOYDFBh4ndsQrR8FXG382c6.js:754:9792
k@https://static.xx.fbcdn.net/rsrc.php/v4i0rx4/yp/l/es_ES~es_LA-j/_J0bb6a_60Ugbn1ctqqKIqXlt4wWr1xDRcX4JxZNr6VgnskQ3cpICf66rxLp5OcifozF4pu11ElGOqHYTKvFr9g14BnyRWnA9pG3CgrF-Qb86KHx95T88a2Brbdx1Xii-NGCM4NVAXnDPN6yYD13V85S49emfFmRbTfBRFj3mYvI8fKFs7cn_FqnSmfOC792yw_n6rOYDFBh4ndsQrR8FXG382c6.js:731:427
a@https://static.xx.fbcdn.net/rsrc.php/v4i0rx4/yp/l/es_ES~es_LA-j/_J0bb6a_60Ugbn1ctqqKIqXlt4wWr1xDRcX4JxZNr6VgnskQ3cpICf66rxLp5OcifozF4pu11ElGOqHYTKvFr9g14BnyRWnA9pG3CgrF-Qb86KHx95T88a2Brbdx1Xii-NGCM4NVAXnDPN6yYD13V85S49emfFmRbTfBRFj3mYvI8fKFs7cn_FqnSmfOC792yw_n6rOYDFBh4ndsQrR8FXG382c6.js:731:553
k@https://static.xx.fbcdn.net/rsrc.php/v4i0rx4/yp/l/es_ES~es_LA-j/_J0bb6a_60Ugbn1ctqqKIqXlt4wWr1xDRcX4JxZNr6VgnskQ3cpICf66rxLp5OcifozF4pu11ElGOqHYTKvFr9g14BnyRWnA9pG3CgrF-Qb86KHx95T88a2Brbdx1Xii-NGCM4NVAXnDPN6yYD13V85S49emfFmRbTfBRFj3mYvI8fKFs7cn_FqnSmfOC792yw_n6rOYDFBh4ndsQrR8FXG382c6.js:731:427
a@https://static.xx.fbcdn.net/rsrc.php/v4i0rx4/yp/l/es_ES~es_LA-j/_J0bb6a_60Ugbn1ctqqKIqXlt4wWr1xDRcX4JxZNr6VgnskQ3cpICf66rxLp5OcifozF4pu11ElGOqHYTKvFr9g14BnyRWnA9pG3CgrF-Qb86KHx95T88a2Brbdx1Xii-NGCM4NVAXnDPN6yYD13V85S49emfFmRbTfBRFj3mYvI8fKFs7cn_FqnSmfOC792yw_n6rOYDFBh4ndsQrR8FXG382c6.js:731:553
k@https://static.xx.fbcdn.net/rsrc.php/v4i0rx4/yp/l/es_ES~es_LA-j/_J0bb6a_60Ugbn1ctqqKIqXlt4wWr1xDRcX4JxZNr6VgnskQ3cpICf66rxLp5OcifozF4pu11ElGOqHYTKvFr9g14BnyRWnA9pG3CgrF-Qb86KHx95T88a2Brbdx1Xii-NGCM4NVAXnDPN6yYD13V85S49emfFmRbTfBRFj3mYvI8fKFs7cn_FqnSmfOC792yw_n6rOYDFBh4ndsQrR8FXG382c6.js:731:427
a@https://static.xx.fbcdn.net/rsrc.php/v4i0rx4/yp/l/es_ES~es_LA-j/_J0bb6a_60Ugbn1ctqqKIqXlt4wWr1xDRcX4JxZNr6VgnskQ3cpICf66rxLp5OcifozF4pu11ElGOqHYTKvFr9g14BnyRWnA9pG3CgrF-Qb86KHx95T88a2Brbdx1Xii-NGCM4NVAXnDPN6yYD13V85S49emfFmRbTfBRFj3mYvI8fKFs7cn_FqnSmfOC792yw_n6rOYDFBh4ndsQrR8FXG382c6.js:731:553
k@https://static.xx.fbcdn.net/rsrc.php/v4i0rx4/yp/l/es_ES~es_LA-j/_J0bb6a_60Ugbn1ctqqKIqXlt4wWr1xDRcX4JxZNr6VgnskQ3cpICf66rxLp5OcifozF4pu11ElGOqHYTKvFr9g14BnyRWnA9pG3CgrF-Qb86KHx95T88a2Brbdx1Xii-NGCM4NVAXnDPN6yYD13V85S49emfFmRbTfBRFj3mYvI8fKFs7cn_FqnSmfOC792yw_n6rOYDFBh4ndsQrR8FXG382c6.js:731:427
a@https://static.xx.fbcdn.net/rsrc.php/v4i0rx4/yp/l/es_ES~es_LA-j/_J0bb6a_60Ugbn1ctqqKIqXlt4wWr1xDRcX4JxZNr6VgnskQ3cpICf66rxLp5OcifozF4pu11ElGOqHYTKvFr9g14BnyRWnA9pG3CgrF-Qb86KHx95T88a2Brbdx1Xii-NGCM4NVAXnDPN6yYD13V85S49emfFmRbTfBRFj3mYvI8fKFs7cn_FqnSmfOC792yw_n6rOYDFBh4ndsQrR8FXG382c6.js:731:553
l@https://static.xx.fbcdn.net/rsrc.php/v4i0rx4/yp/l/es_ES~es_LA-j/_J0bb6a_60Ugbn1ctqqKIqXlt4wWr1xDRcX4JxZNr6VgnskQ3cpICf66rxLp5OcifozF4pu11ElGOqHYTKvFr9g14BnyRWnA9pG3CgrF-Qb86KHx95T88a2Brbdx1Xii-NGCM4NVAXnDPN6yYD13V85S49emfFmRbTfBRFj3mYvI8fKFs7cn_FqnSmfOC792yw_n6rOYDFBh4ndsQrR8FXG382c6.js:732:633
sendToSelf@https://static.xx.fbcdn.net/rsrc.php/v4i0rx4/yp/l/es_ES~es_LA-j/_J0bb6a_60Ugbn1ctqqKIqXlt4wWr1xDRcX4JxZNr6VgnskQ3cpICf66rxLp5OcifozF4pu11ElGOqHYTKvFr9g14BnyRWnA9pG3CgrF-Qb86KHx95T88a2Brbdx1Xii-NGCM4NVAXnDPN6yYD13V85S49emfFmRbTfBRFj3mYvI8fKFs7cn_FqnSmfOC792yw_n6rOYDFBh4ndsQrR8FXG382c6.js:732:1691
g@https://static.xx.fbcdn.net/rsrc.php/v4i0rx4/yp/l/es_ES~es_LA-j/_J0bb6a_60Ugbn1ctqqKIqXlt4wWr1xDRcX4JxZNr6VgnskQ3cpICf66rxLp5OcifozF4pu11ElGOqHYTKvFr9g14BnyRWnA9pG3CgrF-Qb86KHx95T88a2Brbdx1Xii-NGCM4NVAXnDPN6yYD13V85S49emfFmRbTfBRFj3mYvI8fKFs7cn_FqnSmfOC792yw_n6rOYDFBh4ndsQrR8FXG382c6.js:751:11434
e/l<@https://static.xx.fbcdn.net/rsrc.php/v4/yS/r/Tk4D3z-XYWS.js:250:978
applyWithGuard@https://static.xx.fbcdn.net/rsrc.php/v4/yS/r/Tk4D3z-XYWS.js:76:10373
c@https://static.xx.fbcdn.net/rsrc.php/v4/yS/r/Tk4D3z-XYWS.js:76:11107
I@https://static.xx.fbcdn.net/rsrc.php/v4/yS/r/Tk4D3z-XYWS.js:239:1889

console.warn: services.settings: main/doh-providers sync interrupted by shutdown
console.warn: services.settings: main/tippytop sync interrupted by shutdown
console.warn: services.settings: main/hijack-blocklists sync interrupted by shutdown
console.error: (new AbortError("IndexedDB: main/pioneer-study-addons getLastModified() IndexedDB:  execute() A request was aborted, for example through a call to IDBTransaction.abort.", "resource://services-settings/IDBHelpers.sys.mjs", 16))
1755026342817	geckodriver	INFO	Listening on 127.0.0.1:56084
1755026343332	mozrunner::runner	INFO	Running command: MOZ_CRASHREPORTER="1" MOZ_CRASHREPORTER_NO_REPORT="1" MOZ_CRASHREPORTER_SHUTDOWN="1" "/Applications/Firefox. ... s" "localhost" "-foreground" "-no-remote" "-profile" "/var/folders/45/_6zmnwkn6638scvzx_7pz4_m0000gn/T/rust_mozprofilevPUFzw"
console.warn: services.settings: Ignoring preference override of remote settings server
console.warn: services.settings: Allow by setting MOZ_REMOTE_SETTINGS_DEVTOOLS=1 in the environment
1755026343908	Marionette	INFO	Marionette enabled
console.error: "Warning: unrecognized command line flag" "-remote-allow-hosts"
1755026344530	Marionette	INFO	Listening on port 56093
WebDriver BiDi listening on ws://127.0.0.1:56085
Read port: 56093
1755026344826	RemoteAgent	WARN	TLS certificate errors will be ignored for this session
JavaScript warning: https://static.xx.fbcdn.net/rsrc.php/v4iQyZ4/y7/l/es_ES~es_LA-j/je-IhMgu-2p.js, line 105: WEBGL_debug_renderer_info is deprecated in Firefox and will be removed. Please use RENDERER.
1755026374692	Marionette	INFO	Stopped listening on port 56093
console.error: services.settings: 
  blocklists/gfx Signature failed  [Exception... "<no message>"  nsresult: "0x8046001e (<unknown>)"  location: "JS frame :: resource://gre/modules/ServiceRequest.sys.mjs :: open :: line 127"  data: no]
console.error: services.settings: 
Object
  - prototype Object
    - columnNumber = 0
    - data = null
    - filename = resource://gre/modules/ServiceRequest.sys.mjs
    - lineNumber = 127
    - location = {"name":"open","filename":"resource://gre/modules/ServiceRequest.sys.mjs","sourceId":24,"lineNumber":127,"columnNumber":11,"asyncCause":null,"asyncCaller":null,"caller":{"filename":"resource://services-settings/Utils.sys.mjs","name":"fetch/<","sourceId":23,"lineNumber":268,"columnNumber":15,"asyncCause":null,"asyncCaller":null,"caller":{"filename":"resource://services-settings/Utils.sys.mjs","name":"fetch","sourceId":23,"lineNumber":219,"columnNumber":12,"asyncCause":null,"asyncCaller":null,"caller":{"filename":"resource://services-settings/RemoteSettingsClient.sys.mjs","name":"_validateCollectionSignature","sourceId":21,"lineNumber":1012,"columnNumber":47,"asyncCause":null,"asyncCaller":null,"caller":{"filename":"resource://services-settings/RemoteSettingsClient.sys.mjs","name":"_importChanges","sourceId":21,"lineNumber":1091,"columnNumber":20,"asyncCause":null,"asyncCaller":null,"caller":null,"formattedStack":"_importChanges@resource://services-settings/RemoteSettingsClient.sys.mjs:1091:20\n","nativeSavedFrame":{}},"formattedStack":"_validateCollectionSignature@resource://services-settings/RemoteSettingsClient.sys.mjs:1012:47\n_importChanges@resource://services-settings/RemoteSettingsClient.sys.mjs:1091:20\n","nativeSavedFrame":{}},"formattedStack":"fetch@resource://services-settings/Utils.sys.mjs:219:12\n_validateCollectionSignature@resource://services-settings/RemoteSettingsClient.sys.mjs:1012:47\n_importChanges@resource://services-settings/RemoteSettingsClient.sys.mjs:1091:20\n","nativeSavedFrame":{}},"formattedStack":"fetch/<@resource://services-settings/Utils.sys.mjs:268:15\nfetch@resource://services-settings/Utils.sys.mjs:219:12\n_validateCollectionSignature@resource://services-settings/RemoteSettingsClient.sys.mjs:1012:47\n_importChanges@resource://services-settings/RemoteSettingsClient.sys.mjs:1091:20\n","nativeSavedFrame":{}},"formattedStack":"open@resource://gre/modules/ServiceRequest.sys.mjs:127:11\nfetch/<@resource://services-settings/Utils.sys.mjs:268:15\nfetch@resource://services-settings/Utils.sys.mjs:219:12\n_validateCollectionSignature@resource://services-settings/RemoteSettingsClient.sys.mjs:1012:47\n_importChanges@resource://services-settings/RemoteSettingsClient.sys.mjs:1091:20\n","nativeSavedFrame":{}}
    - message = 
    - name = 
    - result = 2152071198
    - stack = open@resource://gre/modules/ServiceRequest.sys.mjs:127:11|fetch/<@resource://services-settings/Utils.sys.mjs:268:15|fetch@resource://services-settings/Utils.sys.mjs:219:12|_validateCollectionSignature@resource://services-settings/RemoteSettingsClient.sys.mjs:1012:47|_importChanges@resource://services-settings/RemoteSettingsClient.sys.mjs:1091:20|
  - prototype Object
console.warn: services.settings: main/search-config-icons sync interrupted by shutdown
console.warn: services.settings: main/search-default-override-allowlist sync interrupted by shutdown
console.warn: services.settings: main/top-sites sync interrupted by shutdown
console.warn: services.settings: main/password-rules sync interrupted by shutdown
console.error: (new AbortError("IndexedDB: main/ml-inference-request-options getLastModified() IndexedDB:  execute() A request was aborted, for example through a call to IDBTransaction.abort.", "resource://services-settings/IDBHelpers.sys.mjs", 16))
1755026376173	geckodriver	INFO	Listening on 127.0.0.1:56142
1755026376690	mozrunner::runner	INFO	Running command: MOZ_CRASHREPORTER="1" MOZ_CRASHREPORTER_NO_REPORT="1" MOZ_CRASHREPORTER_SHUTDOWN="1" "/Applications/Firefox. ... s" "localhost" "-foreground" "-no-remote" "-profile" "/var/folders/45/_6zmnwkn6638scvzx_7pz4_m0000gn/T/rust_mozprofileYcgvz5"
console.warn: services.settings: Ignoring preference override of remote settings server
console.warn: services.settings: Allow by setting MOZ_REMOTE_SETTINGS_DEVTOOLS=1 in the environment
1755026377258	Marionette	INFO	Marionette enabled
console.error: "Warning: unrecognized command line flag" "-remote-allow-hosts"
1755026377882	Marionette	INFO	Listening on port 56149
WebDriver BiDi listening on ws://127.0.0.1:56143
Read port: 56149
1755026378182	RemoteAgent	WARN	TLS certificate errors will be ignored for this session
JavaScript warning: https://static.xx.fbcdn.net/rsrc.php/v4iQyZ4/y7/l/es_ES~es_LA-j/je-IhMgu-2p.js, line 105: WEBGL_debug_renderer_info is deprecated in Firefox and will be removed. Please use RENDERER.
1755026394349	Marionette	INFO	Stopped listening on port 56149
1755026395990	geckodriver	INFO	Listening on 127.0.0.1:56189
1755026396506	mozrunner::runner	INFO	Running command: MOZ_CRASHREPORTER="1" MOZ_CRASHREPORTER_NO_REPORT="1" MOZ_CRASHREPORTER_SHUTDOWN="1" "/Applications/Firefox. ... s" "localhost" "-foreground" "-no-remote" "-profile" "/var/folders/45/_6zmnwkn6638scvzx_7pz4_m0000gn/T/rust_mozprofilex5jojO"
console.warn: services.settings: Ignoring preference override of remote settings server
console.warn: services.settings: Allow by setting MOZ_REMOTE_SETTINGS_DEVTOOLS=1 in the environment
1755026397072	Marionette	INFO	Marionette enabled
console.error: "Warning: unrecognized command line flag" "-remote-allow-hosts"
1755026397694	Marionette	INFO	Listening on port 56195
WebDriver BiDi listening on ws://127.0.0.1:56190
Read port: 56195
1755026397992	RemoteAgent	WARN	TLS certificate errors will be ignored for this session
JavaScript warning: https://static.xx.fbcdn.net/rsrc.php/v4iQyZ4/y7/l/es_ES~es_LA-j/je-IhMgu-2p.js, line 105: WEBGL_debug_renderer_info is deprecated in Firefox and will be removed. Please use RENDERER.
1755026427604	Marionette	INFO	Stopped listening on port 56195
console.error: services.settings: 
Object
  - prototype Object
    - columnNumber = 0
    - data = null
    - filename = resource://gre/modules/ServiceRequest.sys.mjs
    - lineNumber = 127
    - location = {"name":"open","filename":"resource://gre/modules/ServiceRequest.sys.mjs","sourceId":24,"lineNumber":127,"columnNumber":11,"asyncCause":null,"asyncCaller":null,"caller":{"filename":"resource://services-settings/Utils.sys.mjs","name":"fetch/<","sourceId":23,"lineNumber":268,"columnNumber":15,"asyncCause":null,"asyncCaller":null,"caller":{"filename":"resource://services-settings/Utils.sys.mjs","name":"fetch","sourceId":23,"lineNumber":219,"columnNumber":12,"asyncCause":null,"asyncCaller":null,"caller":{"filename":"resource://services-common/kinto-http-client.sys.mjs","name":"timedFetch/<","sourceId":329,"lineNumber":569,"columnNumber":12,"asyncCause":null,"asyncCaller":null,"caller":{"filename":"resource://services-common/kinto-http-client.sys.mjs","name":"timedFetch","sourceId":329,"lineNumber":544,"columnNumber":12,"asyncCause":null,"asyncCaller":null,"caller":{"filename":"resource://services-common/kinto-http-client.sys.mjs","name":"request","sourceId":329,"lineNumber":634,"columnNumber":33,"asyncCause":null,"asyncCaller":null,"caller":{"filename":"resource://services-common/kinto-http-client.sys.mjs","name":"execute","sourceId":329,"lineNumber":2643,"columnNumber":36,"asyncCause":null,"asyncCaller":null,"caller":{"filename":"resource://services-settings/RemoteSettingsClient.sys.mjs","name":"_fetchChangeset","sourceId":21,"lineNumber":1201,"columnNumber":22,"asyncCause":null,"asyncCaller":null,"caller":{"filename":"resource://services-settings/RemoteSettingsClient.sys.mjs","name":"_importChanges","sourceId":21,"lineNumber":1063,"columnNumber":18,"asyncCause":null,"asyncCaller":null,"caller":{"filename":"resource://services-settings/RemoteSettingsClient.sys.mjs","name":"maybeSync","sourceId":21,"lineNumber":752,"columnNumber":35,"asyncCause":null,"asyncCaller":null,"caller":null,"formattedStack":"maybeSync@resource://services-settings/RemoteSettingsClient.sys.mjs:752:35\n","nativeSavedFrame":{}},"formattedStack":"_importChanges@resource://services-settings/RemoteSettingsClient.sys.mjs:1063:18\nmaybeSync@resource://services-settings/RemoteSettingsClient.sys.mjs:752:35\n","nativeSavedFrame":{}},"formattedStack":"_fetchChangeset@resource://services-settings/RemoteSettingsClient.sys.mjs:1201:22\n_importChanges@resource://services-settings/RemoteSettingsClient.sys.mjs:1063:18\nmaybeSync@resource://services-settings/RemoteSettingsClient.sys.mjs:752:35\n","nativeSavedFrame":{}},"formattedStack":"execute@resource://services-common/kinto-http-client.sys.mjs:2643:36\n_fetchChangeset@resource://services-settings/RemoteSettingsClient.sys.mjs:1201:22\n_importChanges@resource://services-settings/RemoteSettingsClient.sys.mjs:1063:18\nmaybeSync@resource://services-settings/RemoteSettingsClient.sys.mjs:752:35\n","nativeSavedFrame":{}},"formattedStack":"request@resource://services-common/kinto-http-client.sys.mjs:634:33\nexecute@resource://services-common/kinto-http-client.sys.mjs:2643:36\n_fetchChangeset@resource://services-settings/RemoteSettingsClient.sys.mjs:1201:22\n_importChanges@resource://services-settings/RemoteSettingsClient.sys.mjs:1063:18\nmaybeSync@resource://services-settings/RemoteSettingsClient.sys.mjs:752:35\n","nativeSavedFrame":{}},"formattedStack":"timedFetch@resource://services-common/kinto-http-client.sys.mjs:544:12\nrequest@resource://services-common/kinto-http-client.sys.mjs:634:33\nexecute@resource://services-common/kinto-http-client.sys.mjs:2643:36\n_fetchChangeset@resource://services-settings/RemoteSettingsClient.sys.mjs:1201:22\n_importChanges@resource://services-settings/RemoteSettingsClient.sys.mjs:1063:18\nmaybeSync@resource://services-settings/RemoteSettingsClient.sys.mjs:752:35\n","nativeSavedFrame":{}},"formattedStack":"timedFetch/<@resource://services-common/kinto-http-client.sys.mjs:569:12\ntimedFetch@resource://services-common/kinto-http-client.sys.mjs:544:12\nrequest@resource://services-common/kinto-http-client.sys.mjs:634:33\nexecute@resource://services-common/kinto-http-client.sys.mjs:2643:36\n_fetchChangeset@resource://services-settings/RemoteSettingsClient.sys.mjs:1201:22\n_importChanges@resource://services-settings/RemoteSettingsClient.sys.mjs:1063:18\nmaybeSync@resource://services-settings/RemoteSettingsClient.sys.mjs:752:35\n","nativeSavedFrame":{}},"formattedStack":"fetch@resource://services-settings/Utils.sys.mjs:219:12\ntimedFetch/<@resource://services-common/kinto-http-client.sys.mjs:569:12\ntimedFetch@resource://services-common/kinto-http-client.sys.mjs:544:12\nrequest@resource://services-common/kinto-http-client.sys.mjs:634:33\nexecute@resource://services-common/kinto-http-client.sys.mjs:2643:36\n_fetchChangeset@resource://services-settings/RemoteSettingsClient.sys.mjs:1201:22\n_importChanges@resource://services-settings/RemoteSettingsClient.sys.mjs:1063:18\nmaybeSync@resource://services-settings/RemoteSettingsClient.sys.mjs:752:35\n","nativeSavedFrame":{}},"formattedStack":"fetch/<@resource://services-settings/Utils.sys.mjs:268:15\nfetch@resource://services-settings/Utils.sys.mjs:219:12\ntimedFetch/<@resource://services-common/kinto-http-client.sys.mjs:569:12\ntimedFetch@resource://services-common/kinto-http-client.sys.mjs:544:12\nrequest@resource://services-common/kinto-http-client.sys.mjs:634:33\nexecute@resource://services-common/kinto-http-client.sys.mjs:2643:36\n_fetchChangeset@resource://services-settings/RemoteSettingsClient.sys.mjs:1201:22\n_importChanges@resource://services-settings/RemoteSettingsClient.sys.mjs:1063:18\nmaybeSync@resource://services-settings/RemoteSettingsClient.sys.mjs:752:35\n","nativeSavedFrame":{}},"formattedStack":"open@resource://gre/modules/ServiceRequest.sys.mjs:127:11\nfetch/<@resource://services-settings/Utils.sys.mjs:268:15\nfetch@resource://services-settings/Utils.sys.mjs:219:12\ntimedFetch/<@resource://services-common/kinto-http-client.sys.mjs:569:12\ntimedFetch@resource://services-common/kinto-http-client.sys.mjs:544:12\nrequest@resource://services-common/kinto-http-client.sys.mjs:634:33\nexecute@resource://services-common/kinto-http-client.sys.mjs:2643:36\n_fetchChangeset@resource://services-settings/RemoteSettingsClient.sys.mjs:1201:22\n_importChanges@resource://services-settings/RemoteSettingsClient.sys.mjs:1063:18\nmaybeSync@resource://services-settings/RemoteSettingsClient.sys.mjs:752:35\n","nativeSavedFrame":{}}
    - message = 
    - name = 
    - result = 2152071198
    - stack = open@resource://gre/modules/ServiceRequest.sys.mjs:127:11|fetch/<@resource://services-settings/Utils.sys.mjs:268:15|fetch@resource://services-settings/Utils.sys.mjs:219:12|timedFetch/<@resource://services-common/kinto-http-client.sys.mjs:569:12|timedFetch@resource://services-common/kinto-http-client.sys.mjs:544:12|request@resource://services-common/kinto-http-client.sys.mjs:634:33|execute@resource://services-common/kinto-http-client.sys.mjs:2643:36|_fetchChangeset@resource://services-settings/RemoteSettingsClient.sys.mjs:1201:22|_importChanges@resource://services-settings/RemoteSettingsClient.sys.mjs:1063:18|maybeSync@resource://services-settings/RemoteSettingsClient.sys.mjs:752:35|
  - prototype Object
console.warn: services.settings: main/partitioning-exempt-urls sync interrupted by shutdown
console.warn: services.settings: blocklists/gfx sync interrupted by shutdown
console.warn: services.settings: main/search-config-icons sync interrupted by shutdown
console.warn: services.settings: main/search-default-override-allowlist sync interrupted by shutdown
console.warn: services.settings: main/top-sites sync interrupted by shutdown
console.warn: services.settings: main/password-rules sync interrupted by shutdown
console.warn: services.settings: main/url-parser-default-unknown-schemes-interventions sync interrupted by shutdown
console.warn: services.settings: main/url-classifier-skip-urls sync interrupted by shutdown
console.warn: services.settings: main/websites-with-shared-credential-backends sync interrupted by shutdown
console.warn: services.settings: main/normandy-recipes-capabilities sync interrupted by shutdown
console.error: (new AbortError("IndexedDB: main/remote-permissions getLastModified() IndexedDB:  execute() A request was aborted, for example through a call to IDBTransaction.abort.", "resource://services-settings/IDBHelpers.sys.mjs", 16))
1755026429050	geckodriver	INFO	Listening on 127.0.0.1:56245
1755026429566	mozrunner::runner	INFO	Running command: MOZ_CRASHREPORTER="1" MOZ_CRASHREPORTER_NO_REPORT="1" MOZ_CRASHREPORTER_SHUTDOWN="1" "/Applications/Firefox. ... s" "localhost" "-foreground" "-no-remote" "-profile" "/var/folders/45/_6zmnwkn6638scvzx_7pz4_m0000gn/T/rust_mozprofilekXvAno"
console.warn: services.settings: Ignoring preference override of remote settings server
console.warn: services.settings: Allow by setting MOZ_REMOTE_SETTINGS_DEVTOOLS=1 in the environment
1755026430133	Marionette	INFO	Marionette enabled
console.error: "Warning: unrecognized command line flag" "-remote-allow-hosts"
1755026430754	Marionette	INFO	Listening on port 56251
WebDriver BiDi listening on ws://127.0.0.1:56246
Read port: 56251
1755026431047	RemoteAgent	WARN	TLS certificate errors will be ignored for this session
JavaScript warning: https://static.xx.fbcdn.net/rsrc.php/v4iQyZ4/y7/l/es_ES~es_LA-j/je-IhMgu-2p.js, line 105: WEBGL_debug_renderer_info is deprecated in Firefox and will be removed. Please use RENDERER.
1755026453354	Marionette	INFO	Stopped listening on port 56251
1755026454596	geckodriver	INFO	Listening on 127.0.0.1:56280
1755026455111	mozrunner::runner	INFO	Running command: MOZ_CRASHREPORTER="1" MOZ_CRASHREPORTER_NO_REPORT="1" MOZ_CRASHREPORTER_SHUTDOWN="1" "/Applications/Firefox. ... s" "localhost" "-foreground" "-no-remote" "-profile" "/var/folders/45/_6zmnwkn6638scvzx_7pz4_m0000gn/T/rust_mozprofilecKRhHn"
console.warn: services.settings: Ignoring preference override of remote settings server
console.warn: services.settings: Allow by setting MOZ_REMOTE_SETTINGS_DEVTOOLS=1 in the environment
1755026455679	Marionette	INFO	Marionette enabled
console.error: "Warning: unrecognized command line flag" "-remote-allow-hosts"
1755026456299	Marionette	INFO	Listening on port 56286
WebDriver BiDi listening on ws://127.0.0.1:56281
Read port: 56286
1755026456593	RemoteAgent	WARN	TLS certificate errors will be ignored for this session
JavaScript warning: https://static.xx.fbcdn.net/rsrc.php/v4iQyZ4/y7/l/es_ES~es_LA-j/je-IhMgu-2p.js, line 105: WEBGL_debug_renderer_info is deprecated in Firefox and will be removed. Please use RENDERER.
1755026480598	Marionette	INFO	Stopped listening on port 56286
1755026481834	geckodriver	INFO	Listening on 127.0.0.1:56314
1755026482349	mozrunner::runner	INFO	Running command: MOZ_CRASHREPORTER="1" MOZ_CRASHREPORTER_NO_REPORT="1" MOZ_CRASHREPORTER_SHUTDOWN="1" "/Applications/Firefox. ... s" "localhost" "-foreground" "-no-remote" "-profile" "/var/folders/45/_6zmnwkn6638scvzx_7pz4_m0000gn/T/rust_mozprofileUu9bz3"
console.warn: services.settings: Ignoring preference override of remote settings server
console.warn: services.settings: Allow by setting MOZ_REMOTE_SETTINGS_DEVTOOLS=1 in the environment
1755026482913	Marionette	INFO	Marionette enabled
console.error: "Warning: unrecognized command line flag" "-remote-allow-hosts"
1755026483529	Marionette	INFO	Listening on port 56322
WebDriver BiDi listening on ws://127.0.0.1:56315
Read port: 56322
1755026483825	RemoteAgent	WARN	TLS certificate errors will be ignored for this session
JavaScript warning: https://static.xx.fbcdn.net/rsrc.php/v4iQyZ4/y7/l/es_ES~es_LA-j/je-IhMgu-2p.js, line 105: WEBGL_debug_renderer_info is deprecated in Firefox and will be removed. Please use RENDERER.
1755026509622	Marionette	INFO	Stopped listening on port 56322
1755026510850	geckodriver	INFO	Listening on 127.0.0.1:56363
1755026511365	mozrunner::runner	INFO	Running command: MOZ_CRASHREPORTER="1" MOZ_CRASHREPORTER_NO_REPORT="1" MOZ_CRASHREPORTER_SHUTDOWN="1" "/Applications/Firefox. ... s" "localhost" "-foreground" "-no-remote" "-profile" "/var/folders/45/_6zmnwkn6638scvzx_7pz4_m0000gn/T/rust_mozprofilePLQpxw"
console.warn: services.settings: Ignoring preference override of remote settings server
console.warn: services.settings: Allow by setting MOZ_REMOTE_SETTINGS_DEVTOOLS=1 in the environment
1755026511938	Marionette	INFO	Marionette enabled
console.error: "Warning: unrecognized command line flag" "-remote-allow-hosts"
1755026512560	Marionette	INFO	Listening on port 56369
WebDriver BiDi listening on ws://127.0.0.1:56364
Read port: 56369
1755026512858	RemoteAgent	WARN	TLS certificate errors will be ignored for this session
JavaScript warning: https://static.xx.fbcdn.net/rsrc.php/v4iQyZ4/y7/l/es_ES~es_LA-j/je-IhMgu-2p.js, line 105: WEBGL_debug_renderer_info is deprecated in Firefox and will be removed. Please use RENDERER.
1755026536024	Marionette	INFO	Stopped listening on port 56369
1755026537259	geckodriver	INFO	Listening on 127.0.0.1:56412
1755026537774	mozrunner::runner	INFO	Running command: MOZ_CRASHREPORTER="1" MOZ_CRASHREPORTER_NO_REPORT="1" MOZ_CRASHREPORTER_SHUTDOWN="1" "/Applications/Firefox. ... s" "localhost" "-foreground" "-no-remote" "-profile" "/var/folders/45/_6zmnwkn6638scvzx_7pz4_m0000gn/T/rust_mozprofileXDtccA"
console.warn: services.settings: Ignoring preference override of remote settings server
console.warn: services.settings: Allow by setting MOZ_REMOTE_SETTINGS_DEVTOOLS=1 in the environment
1755026538342	Marionette	INFO	Marionette enabled
console.error: "Warning: unrecognized command line flag" "-remote-allow-hosts"
1755026538960	Marionette	INFO	Listening on port 56419
WebDriver BiDi listening on ws://127.0.0.1:56413
Read port: 56419
1755026539252	RemoteAgent	WARN	TLS certificate errors will be ignored for this session
JavaScript warning: https://static.xx.fbcdn.net/rsrc.php/v4iQyZ4/y7/l/es_ES~es_LA-j/je-IhMgu-2p.js, line 105: WEBGL_debug_renderer_info is deprecated in Firefox and will be removed. Please use RENDERER.
1755026561632	Marionette	INFO	Stopped listening on port 56419
JavaScript error: https://static.xx.fbcdn.net/rsrc.php/v4iyI64/yk/l/es_ES~es_LA-j/_J0bb6a_60Ugbn1ctqqKIqXlt4wWr1xDRcX4JxZNr6VgnskQ3cpICf66rxLp5OcifozF4pu11ElGOqHYTKvFr9g1Hx95T88a2Br.js, line 438: TypeError: can't access dead object
1755026563284	geckodriver	INFO	Listening on 127.0.0.1:56465
1755026563798	mozrunner::runner	INFO	Running command: MOZ_CRASHREPORTER="1" MOZ_CRASHREPORTER_NO_REPORT="1" MOZ_CRASHREPORTER_SHUTDOWN="1" "/Applications/Firefox. ... s" "localhost" "-foreground" "-no-remote" "-profile" "/var/folders/45/_6zmnwkn6638scvzx_7pz4_m0000gn/T/rust_mozprofileVKITcy"
console.warn: services.settings: Ignoring preference override of remote settings server
console.warn: services.settings: Allow by setting MOZ_REMOTE_SETTINGS_DEVTOOLS=1 in the environment
1755026564362	Marionette	INFO	Marionette enabled
console.error: "Warning: unrecognized command line flag" "-remote-allow-hosts"
1755026564984	Marionette	INFO	Listening on port 56473
WebDriver BiDi listening on ws://127.0.0.1:56466
Read port: 56473
1755026565329	RemoteAgent	WARN	TLS certificate errors will be ignored for this session
JavaScript warning: https://static.xx.fbcdn.net/rsrc.php/v4iQyZ4/y7/l/es_ES~es_LA-j/je-IhMgu-2p.js, line 105: WEBGL_debug_renderer_info is deprecated in Firefox and will be removed. Please use RENDERER.
1755026586729	Marionette	INFO	Stopped listening on port 56473
JavaScript error: https://static.xx.fbcdn.net/rsrc.php/v4iyI64/yk/l/es_ES~es_LA-j/_J0bb6a_60Ugbn1ctqqKIqXlt4wWr1xDRcX4JxZNr6VgnskQ3cpICf66rxLp5OcifozF4pu11ElGOqHYTKvFr9g1Hx95T88a2Br.js, line 438: TypeError: can't access dead object
1755026588382	geckodriver	INFO	Listening on 127.0.0.1:56510
1755026588898	mozrunner::runner	INFO	Running command: MOZ_CRASHREPORTER="1" MOZ_CRASHREPORTER_NO_REPORT="1" MOZ_CRASHREPORTER_SHUTDOWN="1" "/Applications/Firefox. ... s" "localhost" "-foreground" "-no-remote" "-profile" "/var/folders/45/_6zmnwkn6638scvzx_7pz4_m0000gn/T/rust_mozprofileTiZkco"
console.warn: services.settings: Ignoring preference override of remote settings server
console.warn: services.settings: Allow by setting MOZ_REMOTE_SETTINGS_DEVTOOLS=1 in the environment
1755026589467	Marionette	INFO	Marionette enabled
console.error: "Warning: unrecognized command line flag" "-remote-allow-hosts"
1755026590084	Marionette	INFO	Listening on port 56516
WebDriver BiDi listening on ws://127.0.0.1:56511
Read port: 56516
1755026590436	RemoteAgent	WARN	TLS certificate errors will be ignored for this session
JavaScript warning: https://static.xx.fbcdn.net/rsrc.php/v4iQyZ4/y7/l/es_ES~es_LA-j/je-IhMgu-2p.js, line 105: WEBGL_debug_renderer_info is deprecated in Firefox and will be removed. Please use RENDERER.
1755026612562	Marionette	INFO	Stopped listening on port 56516
JavaScript error: https://static.xx.fbcdn.net/rsrc.php/v4iyI64/yk/l/es_ES~es_LA-j/_J0bb6a_60Ugbn1ctqqKIqXlt4wWr1xDRcX4JxZNr6VgnskQ3cpICf66rxLp5OcifozF4pu11ElGOqHYTKvFr9g1Hx95T88a2Br.js, line 438: TypeError: can't access dead object
1755026614171	geckodriver	INFO	Listening on 127.0.0.1:56564
1755026614685	mozrunner::runner	INFO	Running command: MOZ_CRASHREPORTER="1" MOZ_CRASHREPORTER_NO_REPORT="1" MOZ_CRASHREPORTER_SHUTDOWN="1" "/Applications/Firefox. ... s" "localhost" "-foreground" "-no-remote" "-profile" "/var/folders/45/_6zmnwkn6638scvzx_7pz4_m0000gn/T/rust_mozprofileFtstpW"
console.warn: services.settings: Ignoring preference override of remote settings server
console.warn: services.settings: Allow by setting MOZ_REMOTE_SETTINGS_DEVTOOLS=1 in the environment
1755026615253	Marionette	INFO	Marionette enabled
console.error: "Warning: unrecognized command line flag" "-remote-allow-hosts"
1755026615880	Marionette	INFO	Listening on port 56570
WebDriver BiDi listening on ws://127.0.0.1:56565
Read port: 56570
1755026616228	RemoteAgent	WARN	TLS certificate errors will be ignored for this session
JavaScript warning: https://static.xx.fbcdn.net/rsrc.php/v4iQyZ4/y7/l/es_ES~es_LA-j/je-IhMgu-2p.js, line 105: WEBGL_debug_renderer_info is deprecated in Firefox and will be removed. Please use RENDERER.
1755026634235	Marionette	INFO	Stopped listening on port 56570
1755026635838	geckodriver	INFO	Listening on 127.0.0.1:56614
1755026636354	mozrunner::runner	INFO	Running command: MOZ_CRASHREPORTER="1" MOZ_CRASHREPORTER_NO_REPORT="1" MOZ_CRASHREPORTER_SHUTDOWN="1" "/Applications/Firefox. ... s" "localhost" "-foreground" "-no-remote" "-profile" "/var/folders/45/_6zmnwkn6638scvzx_7pz4_m0000gn/T/rust_mozprofilelKYO9Q"
console.warn: services.settings: Ignoring preference override of remote settings server
console.warn: services.settings: Allow by setting MOZ_REMOTE_SETTINGS_DEVTOOLS=1 in the environment
1755026636921	Marionette	INFO	Marionette enabled
console.error: "Warning: unrecognized command line flag" "-remote-allow-hosts"
1755026637545	Marionette	INFO	Listening on port 56620
WebDriver BiDi listening on ws://127.0.0.1:56615
Read port: 56620
1755026637841	RemoteAgent	WARN	TLS certificate errors will be ignored for this session
JavaScript warning: https://static.xx.fbcdn.net/rsrc.php/v4iQyZ4/y7/l/es_ES~es_LA-j/je-IhMgu-2p.js, line 105: WEBGL_debug_renderer_info is deprecated in Firefox and will be removed. Please use RENDERER.
1755026660473	Marionette	INFO	Stopped listening on port 56620
1755026661702	geckodriver	INFO	Listening on 127.0.0.1:56649
1755026662219	mozrunner::runner	INFO	Running command: MOZ_CRASHREPORTER="1" MOZ_CRASHREPORTER_NO_REPORT="1" MOZ_CRASHREPORTER_SHUTDOWN="1" "/Applications/Firefox. ... s" "localhost" "-foreground" "-no-remote" "-profile" "/var/folders/45/_6zmnwkn6638scvzx_7pz4_m0000gn/T/rust_mozprofileRJaHfA"
console.warn: services.settings: Ignoring preference override of remote settings server
console.warn: services.settings: Allow by setting MOZ_REMOTE_SETTINGS_DEVTOOLS=1 in the environment
1755026662787	Marionette	INFO	Marionette enabled
console.error: "Warning: unrecognized command line flag" "-remote-allow-hosts"
1755026663410	Marionette	INFO	Listening on port 56655
WebDriver BiDi listening on ws://127.0.0.1:56650
Read port: 56655
1755026663759	RemoteAgent	WARN	TLS certificate errors will be ignored for this session
JavaScript warning: https://static.xx.fbcdn.net/rsrc.php/v4iQyZ4/y7/l/es_ES~es_LA-j/je-IhMgu-2p.js, line 105: WEBGL_debug_renderer_info is deprecated in Firefox and will be removed. Please use RENDERER.
1755026681021	Marionette	INFO	Stopped listening on port 56655
1755026682654	geckodriver	INFO	Listening on 127.0.0.1:56700
1755026683170	mozrunner::runner	INFO	Running command: MOZ_CRASHREPORTER="1" MOZ_CRASHREPORTER_NO_REPORT="1" MOZ_CRASHREPORTER_SHUTDOWN="1" "/Applications/Firefox. ... s" "localhost" "-foreground" "-no-remote" "-profile" "/var/folders/45/_6zmnwkn6638scvzx_7pz4_m0000gn/T/rust_mozprofileUYxEeX"
console.warn: services.settings: Ignoring preference override of remote settings server
console.warn: services.settings: Allow by setting MOZ_REMOTE_SETTINGS_DEVTOOLS=1 in the environment
1755026683736	Marionette	INFO	Marionette enabled
console.error: "Warning: unrecognized command line flag" "-remote-allow-hosts"
1755026684359	Marionette	INFO	Listening on port 56708
WebDriver BiDi listening on ws://127.0.0.1:56701
Read port: 56708
1755026684708	RemoteAgent	WARN	TLS certificate errors will be ignored for this session
JavaScript warning: https://static.xx.fbcdn.net/rsrc.php/v4iQyZ4/y7/l/es_ES~es_LA-j/je-IhMgu-2p.js, line 105: WEBGL_debug_renderer_info is deprecated in Firefox and will be removed. Please use RENDERER.
1755026701840	Marionette	INFO	Stopped listening on port 56708
1755026703463	geckodriver	INFO	Listening on 127.0.0.1:56749
1755026703980	mozrunner::runner	INFO	Running command: MOZ_CRASHREPORTER="1" MOZ_CRASHREPORTER_NO_REPORT="1" MOZ_CRASHREPORTER_SHUTDOWN="1" "/Applications/Firefox. ... s" "localhost" "-foreground" "-no-remote" "-profile" "/var/folders/45/_6zmnwkn6638scvzx_7pz4_m0000gn/T/rust_mozprofilep9RApL"
console.warn: services.settings: Ignoring preference override of remote settings server
console.warn: services.settings: Allow by setting MOZ_REMOTE_SETTINGS_DEVTOOLS=1 in the environment
1755026704541	Marionette	INFO	Marionette enabled
console.error: "Warning: unrecognized command line flag" "-remote-allow-hosts"
1755026705165	Marionette	INFO	Listening on port 56757
WebDriver BiDi listening on ws://127.0.0.1:56750
Read port: 56757
1755026705460	RemoteAgent	WARN	TLS certificate errors will be ignored for this session
JavaScript warning: https://static.xx.fbcdn.net/rsrc.php/v4iQyZ4/y7/l/es_ES~es_LA-j/je-IhMgu-2p.js, line 105: WEBGL_debug_renderer_info is deprecated in Firefox and will be removed. Please use RENDERER.
1755026727380	Marionette	INFO	Stopped listening on port 56757
1755026728611	geckodriver	INFO	Listening on 127.0.0.1:56785
1755026729128	mozrunner::runner	INFO	Running command: MOZ_CRASHREPORTER="1" MOZ_CRASHREPORTER_NO_REPORT="1" MOZ_CRASHREPORTER_SHUTDOWN="1" "/Applications/Firefox. ... s" "localhost" "-foreground" "-no-remote" "-profile" "/var/folders/45/_6zmnwkn6638scvzx_7pz4_m0000gn/T/rust_mozprofilezcaz89"
console.warn: services.settings: Ignoring preference override of remote settings server
console.warn: services.settings: Allow by setting MOZ_REMOTE_SETTINGS_DEVTOOLS=1 in the environment
1755026729701	Marionette	INFO	Marionette enabled
console.error: "Warning: unrecognized command line flag" "-remote-allow-hosts"
1755026730341	Marionette	INFO	Listening on port 56792
WebDriver BiDi listening on ws://127.0.0.1:56786
Read port: 56792
1755026730690	RemoteAgent	WARN	TLS certificate errors will be ignored for this session
JavaScript warning: https://static.xx.fbcdn.net/rsrc.php/v4iQyZ4/y7/l/es_ES~es_LA-j/je-IhMgu-2p.js, line 105: WEBGL_debug_renderer_info is deprecated in Firefox and will be removed. Please use RENDERER.
1755026755209	Marionette	INFO	Stopped listening on port 56792
1755026756435	geckodriver	INFO	Listening on 127.0.0.1:56835
1755026756951	mozrunner::runner	INFO	Running command: MOZ_CRASHREPORTER="1" MOZ_CRASHREPORTER_NO_REPORT="1" MOZ_CRASHREPORTER_SHUTDOWN="1" "/Applications/Firefox. ... s" "localhost" "-foreground" "-no-remote" "-profile" "/var/folders/45/_6zmnwkn6638scvzx_7pz4_m0000gn/T/rust_mozprofileHRvk2t"
console.warn: services.settings: Ignoring preference override of remote settings server
console.warn: services.settings: Allow by setting MOZ_REMOTE_SETTINGS_DEVTOOLS=1 in the environment
1755026757524	Marionette	INFO	Marionette enabled
console.error: "Warning: unrecognized command line flag" "-remote-allow-hosts"
1755026758143	Marionette	INFO	Listening on port 56841
WebDriver BiDi listening on ws://127.0.0.1:56836
Read port: 56841
1755026758441	RemoteAgent	WARN	TLS certificate errors will be ignored for this session
JavaScript warning: https://static.xx.fbcdn.net/rsrc.php/v4iQyZ4/y7/l/es_ES~es_LA-j/je-IhMgu-2p.js, line 105: WEBGL_debug_renderer_info is deprecated in Firefox and will be removed. Please use RENDERER.
1755026786565	Marionette	INFO	Stopped listening on port 56841
1755026787770	geckodriver	INFO	Listening on 127.0.0.1:56877
1755026788285	mozrunner::runner	INFO	Running command: MOZ_CRASHREPORTER="1" MOZ_CRASHREPORTER_NO_REPORT="1" MOZ_CRASHREPORTER_SHUTDOWN="1" "/Applications/Firefox. ... s" "localhost" "-foreground" "-no-remote" "-profile" "/var/folders/45/_6zmnwkn6638scvzx_7pz4_m0000gn/T/rust_mozprofileCMEHZa"
console.warn: services.settings: Ignoring preference override of remote settings server
console.warn: services.settings: Allow by setting MOZ_REMOTE_SETTINGS_DEVTOOLS=1 in the environment
1755026788854	Marionette	INFO	Marionette enabled
console.error: "Warning: unrecognized command line flag" "-remote-allow-hosts"
1755026789474	Marionette	INFO	Listening on port 56883
WebDriver BiDi listening on ws://127.0.0.1:56878
Read port: 56883
1755026789770	RemoteAgent	WARN	TLS certificate errors will be ignored for this session
JavaScript warning: https://static.xx.fbcdn.net/rsrc.php/v4iQyZ4/y7/l/es_ES~es_LA-j/je-IhMgu-2p.js, line 105: WEBGL_debug_renderer_info is deprecated in Firefox and will be removed. Please use RENDERER.
1755026814148	Marionette	INFO	Stopped listening on port 56883
1755026815369	geckodriver	INFO	Listening on 127.0.0.1:56918
1755026815884	mozrunner::runner	INFO	Running command: MOZ_CRASHREPORTER="1" MOZ_CRASHREPORTER_NO_REPORT="1" MOZ_CRASHREPORTER_SHUTDOWN="1" "/Applications/Firefox. ... s" "localhost" "-foreground" "-no-remote" "-profile" "/var/folders/45/_6zmnwkn6638scvzx_7pz4_m0000gn/T/rust_mozprofileuquvxx"
console.warn: services.settings: Ignoring preference override of remote settings server
console.warn: services.settings: Allow by setting MOZ_REMOTE_SETTINGS_DEVTOOLS=1 in the environment
1755026816452	Marionette	INFO	Marionette enabled
console.error: "Warning: unrecognized command line flag" "-remote-allow-hosts"
1755026817076	Marionette	INFO	Listening on port 56924
WebDriver BiDi listening on ws://127.0.0.1:56919
Read port: 56924
1755026817372	RemoteAgent	WARN	TLS certificate errors will be ignored for this session
JavaScript warning: https://static.xx.fbcdn.net/rsrc.php/v4iQyZ4/y7/l/es_ES~es_LA-j/je-IhMgu-2p.js, line 105: WEBGL_debug_renderer_info is deprecated in Firefox and will be removed. Please use RENDERER.
1755026838491	Marionette	INFO	Stopped listening on port 56924
1755026839705	geckodriver	INFO	Listening on 127.0.0.1:56953
1755026840220	mozrunner::runner	INFO	Running command: MOZ_CRASHREPORTER="1" MOZ_CRASHREPORTER_NO_REPORT="1" MOZ_CRASHREPORTER_SHUTDOWN="1" "/Applications/Firefox. ... s" "localhost" "-foreground" "-no-remote" "-profile" "/var/folders/45/_6zmnwkn6638scvzx_7pz4_m0000gn/T/rust_mozprofilenXQqJ7"
console.warn: services.settings: Ignoring preference override of remote settings server
console.warn: services.settings: Allow by setting MOZ_REMOTE_SETTINGS_DEVTOOLS=1 in the environment
1755026840789	Marionette	INFO	Marionette enabled
console.error: "Warning: unrecognized command line flag" "-remote-allow-hosts"
1755026841419	Marionette	INFO	Listening on port 56959
WebDriver BiDi listening on ws://127.0.0.1:56954
Read port: 56959
1755026841717	RemoteAgent	WARN	TLS certificate errors will be ignored for this session
JavaScript warning: https://static.xx.fbcdn.net/rsrc.php/v4iQyZ4/y7/l/es_ES~es_LA-j/je-IhMgu-2p.js, line 105: WEBGL_debug_renderer_info is deprecated in Firefox and will be removed. Please use RENDERER.
1755026865304	Marionette	INFO	Stopped listening on port 56959
