id;parent_id;level;object_id;object_type;object_key;query_status;query_time;query_type;message;created_time;updated_time;error.message
10;None;0;aricaldia;seed;;;None;None;;;;
477;10;1;70955503136_1219760390193763;data;data.*;fetched (200);2025-08-18 14:45:01.892377;Facebook:/<page-id>/posts;NIÑAS Y NIÑOS DEL JARDÍN INFANTIL “ALBORADA” PIDEN QUE CUIDEMOS EL MEDIO AMBIENTE Arriba de sus coches y junto a su equipo educativo recorrieron mercados y centros de salud del sector norte, difundiendo acciones para promover en la comunidad la conciencia ecológica en favor de nuestro planeta y único hogar... Siga leyendo acá... https://www.aricaldia.cl/ninas-y-ninos-del-jardin-infantil-alborada-piden-que-cuidemos-el-medio-ambiente/ Fundación Integra;2025-08-16T20:38:32+0000;2025-08-17T19:42:33+0000;
478;10;1;70955503136_1219725816863887;data;data.*;fetched (200);2025-08-18 14:45:01.892377;Facebook:/<page-id>/posts;ATENCIÓN  SE MODIFICA ALERTA TEMPRANA PREVENTIVA PARA LA REGIÓN DE ARICA Y PARINACOTA POR VIENTO :  Viento normal a moderado con probabilidad de tormentas de arena en litoral, pampa y cordillera... Siga leyendo acá... https://www.aricaldia.cl/se-modifica-alerta-temprana-preventiva-para-la-region-de-arica-y-parinacota-por-viento-viento-normal-a-moderado-con-probabilidad-de-tormentas-de-arena-en-litoral-pampa-y-cordillera/ Senapred Chile;2025-08-16T19:32:17+0000;2025-08-18T17:13:28+0000;
479;10;1;70955503136_1219664733536662;data;data.*;fetched (200);2025-08-18 14:45:01.892377;Facebook:/<page-id>/posts;Y COMENZÓ EL FESTIVAL DEL CHOCLO ! HOY SE PRESENTAN DINO GORDILLO, GARRAS DE AMOR, CAMILA VELIZ, GRUPO PROYECCIÓN Y EL PAYASO TORNILLITO Los dirigentes y emprendedores del valle de Lluta y un multidisciplinario equipo de funcionarios municipales le dieron el vamos a la gran fiesta costumbrista que se prolongará hasta mañana domingo 17 de agosto en la localidad de Poconchile.  Siga leyendo acá... https://www.aricaldia.cl/comenzo-el-festival-del-choclo-hoy-se-presentan-dino-gordillo-y-garras-de-amor/ Municipalidad de Arica #FestivaldelChoclo #arica #aricaldia;2025-08-16T17:45:38+0000;2025-08-17T17:18:16+0000;
480;10;1;70955503136_1219519903551145;data;data.*;fetched (200);2025-08-18 14:45:01.892377;Facebook:/<page-id>/posts;CINCO EMPRESAS COMPITEN TÉCNICAMENTE PARA ADJUDICAR ESTUDIO QUE PROPONDRÁ VÍA ALTERNATIVA A CUESTA CHINCHORRO  Cinco empresas se presentaron a la licitación que busca proponer una vía alternativa a la Cuesta Cultura Chinchorro, iniciativa impulsada por el Ministerio de Obras Públicas, a través de su Dirección de Vialidad, y cuya apertura técnica se realizó el pasado 14 de agosto... Siga leyendo acá... https://www.aricaldia.cl/cinco-empresas-compiten-tecnicamente-para-adjudicar-estudio-que-propondra-via-alternativa-a-cuesta-chinchorro/ Delegación Presidencial Regional de Arica y Parinacota;2025-08-16T14:07:33+0000;2025-08-18T16:33:21+0000;
481;10;1;70955503136_1219098120259990;data;data.*;fetched (200);2025-08-18 14:45:01.892377;Facebook:/<page-id>/posts;🌟CUMBION OLD SCHOOL🌟 🗓 VIERNES 05 DE SEPTIEMBRE 2025 🕙 Desde las 21:00Hrs. 📍Centro de eventos Zonna Discotheque ___________________ Todos los recuerdos con el Grupo que esta de Moda RA & KWEA en la voz del inconfundible Romualdo S Acevedo Linares OSITO ___________________ Desde Peru 🇵🇪, Los regalones de los Ariqueños, con sus cumbias de ayer, hoy y siempre, Los Maravillosos de Jose Villanueva ___________________ Desde Argentina 🇦🇷 Llega el color de tu Corazon, con la cumbia romantica que enamoro y sigue enamorando, Javito y su  Grupo Red❤ ___________________ Desde la capital de nuestro pais 🇨🇱, llega el Grupo ✨HISTORICOS✨ De la onda sound y movida Tropical Chilena. se juntan unas de las voces mas iconicas de nuestro pais. ▪︎ PASCUAL RAMIREZ (Ex voz, Alegria , Fantasia ) ▪︎ PIPO OLMOS (ex voz, Amerikan y Tropikal Sound) ▪︎ CLAUDIO NUÑEZ & ARIEL NUÑEZ (ex voz, La Nueva Sensacion Tropical) ▪︎ DANIEL BETANCOUR (ex voz, La Gran Magia Tropical) Juntos en un gran show recordando todos los exitos de la onda sound y movida tropical chilena. https://www.youtube.com/watch?v=sZN17Is2wOU ____________________ ✅ VALORES: PREVENTA $10.000 🔥HASTA AGOTAR STOCK🔥 Valor puerta de las 21:00 hrs hasta las 22:00 hrs $15.000  Valor puerta de las 22:00 hrs en adelante $20.000 — — — — — — — — ▪︎MESAS VIP (para 4 personas) Frente al escenario informacion al ￼⁨9 6595 6385⁩ ____________________ ✅ PUNTOS DE VENTA: Botilleria Liquidos Kukuli 📍 AV. CANCHA RAYADA #3910 📍 AV. TAMBO QUEMADO 3773 Venta solo con transferencia o efectivo ____________________ Compra Con tarjeta de credito / debito en : https://ticketplus.cl/events/cumbion-old-school — — — — — — — — ▪︎Evento para mayores de 18 años.;2025-08-16T02:20:18+0000;2025-08-17T23:49:03+0000;
482;10;1;70955503136_1218926850277117;data;data.*;fetched (200);2025-08-18 14:45:01.892377;Facebook:/<page-id>/posts;SISMO SE SINTIÓ EN ARICA : 4.0 DE MAGNITUD AL SUROESTE DE PUTRE  Hipocentro Referencia 42 km al SO de Putre Hora Local 16:29:17 15/08/2025 Hora UTC 20:29:17 15/08/2025 Latitud -18.43 Longitud -69.87 Profundidad 123 km Magnitud 4.0 ml;2025-08-15T20:39:08+0000;2025-08-17T01:32:22+0000;
483;10;1;70955503136_1218883740281428;data;data.*;fetched (200);2025-08-18 14:45:01.892377;Facebook:/<page-id>/posts;ATENCIÓN DECLARAN ALERTA TEMPRANA PREVENTIVA POR VIENTO CON PROBABILIDAD DE TORMENTAS DE ARENA PARA ESTE DOMINGO 17 DE AGOSTO informan que la condición se producirá desde el domingo 17 de agosto hasta la noche del martes 19 de agosto y afectará Arica y Parinacota (Cordillera) Dirección Meteorológica de Chile Senapred Chile Dirección Meteorológica de Chile;2025-08-15T19:37:10+0000;2025-08-16T19:33:46+0000;
484;10;1;70955503136_1218810913622044;data;data.*;fetched (200);2025-08-18 14:45:01.892377;Facebook:/<page-id>/posts;CONTINÚA INSCRIPCIÓN DE ACTIVIDADES PARA EL DÍA DE LOS PATRIMONIOS DE NIÑAS, NIÑOS Y ADOLESCENTES 2025 El próximo sábado 23 de agosto se realizará el DÍA DE LOS PATRIMONIOS DE NIÑAS, NIÑOS Y ADOLESCENTES, una fiesta cultural gratuita orientada a las infancias y juventudes que busca acercar a las nuevas generaciones a la riqueza del patrimonio cultural chileno...  Siga leyendo acá... https://www.aricaldia.cl/continua-inscripcion-de-actividades-para-el-dia-de-los-patrimonios-de-ninas-ninos-y-adolescentes-2025/ Servicio Nacional del Patrimonio Cultural #DiadelosPatrimonios2025 #DiaDeLosPatrimonios #AricaParinacota #arica;2025-08-15T17:25:48+0000;2025-08-16T12:40:22+0000;
485;10;1;70955503136_1218802896956179;data;data.*;fetched (200);2025-08-18 14:45:01.892377;Facebook:/<page-id>/posts;CFT INACAP REAFIRMA SU LIDERAZGO Y ES ACREDITADO EN NIVEL MÁXIMO DE EXCELENCIA POR 7 AÑOS El Centro de Formación Técnica (CFT) INACAP fue reconocido por la Comisión Nacional de Acreditación (CNA-Chile) en el nivel máximo de excelencia en las áreas obligatorias de Docencia y Resultados del Proceso de Formación, Gestión Estratégica y Recursos Institucionales... Siga leyendo acá... https://www.aricaldia.cl/cft-inacap-reafirma-su-liderazgo-y-es-acreditado-en-nivel-maximo-de-excelencia-por-7-anos/ Inacap Sede Arica INACAP;2025-08-15T17:13:54+0000;2025-08-15T17:13:54+0000;
486;10;1;70955503136_1218793726957096;data;data.*;fetched (200);2025-08-18 14:45:01.892377;Facebook:/<page-id>/posts;AGUAS DEL ALTIPLANO REALIZA MEJORAS EN COLECTOR PÚBLICO EN CALLE JUAN ANTONIO RÍOS Los trabajos sanitarios comenzarán el lunes 18 de agosto, a partir de las 09:00 horas, y se extenderán por doce días. Debido a estas labores, será necesario realizar un corte de tránsito en la calzada norte de calle Juan Antonio Ríos... Siga leyendo acá... https://www.aricaldia.cl/aguas-del-altiplano-realiza-mejoras-en-colector-publico-en-calle-juan-antonio-rios/ Aguas del Altiplano - Arica;2025-08-15T16:58:51+0000;2025-08-18T16:57:41+0000;
487;10;1;70955503136_1218764723626663;data;data.*;fetched (200);2025-08-18 14:45:01.892377;Facebook:/<page-id>/posts;ATENCIÓN ANUNCIAN VIENTO CON PROBABILIDAD DE TORMENTAS DE ARENA PARA ESTE DOMINGO 17 DE AGOSTO A través de un aviso metereológico, informan que la condición se producirá desde el domingo 17 de agosto hasta la noche del martes 19 de agosto y afectará Arica y Parinacota (Cordillera) Dirección Meteorológica de Chile;2025-08-15T16:14:00+0000;2025-08-18T10:52:39+0000;
488;10;1;70955503136_1218748663628269;data;data.*;fetched (200);2025-08-18 14:45:01.892377;Facebook:/<page-id>/posts;"ÚLTIMAS ENTRADAS  LUCYBELL SE DESPIDE DE LOS ESCENARIOS CON SU TOUR ""ECOS"" 15 DE AGOSTO - HOTEL ANTAY - 21:00 HRS. Los indiscutidos referentes del rock chileno, dirán adiós a los escenarios y a su público de manera indefinida, con un show que promete ser inolvidable 🎸 https://ticketplus.cl/events/lucybell-ecos-tour-final-Hotel-antay-Arica-1 Informaciones 👉 +56 9 9671 4360 Lucybell";2025-08-15T15:49:48+0000;2025-08-15T15:49:48+0000;
489;10;1;70955503136_1218735713629564;data;data.*;fetched (200);2025-08-18 14:45:01.892377;Facebook:/<page-id>/posts;BALLET FOLCLÓRICO ARIQUEÑO TUSUY REALIZÓ EXITOSA GIRA POR CERDEÑA - ITALIA Durante julio, el Ballet Folclórico Tusuy de Arica realizó una gira por la isla de Cerdeña, Italia, dentro del circuito CIOFF, avalado por la UNESCO y considerado uno de los escenarios más importantes para la proyección del folclor a nivel mundial, como los 40 años del Festival de Sciampitta e Ittiri Folk Festa.  La misión fue clara: consolidar a Arica en la cartelera internacional... Ballet Folclórico Tusuy Siga leyendo acá... https://www.aricaldia.cl/ballet-folclorico-ariqueno-tusuy-realizo-exitosa-gira-por-cerdena-italia/;2025-08-15T15:30:05+0000;2025-08-18T13:45:27+0000;
490;10;1;70955503136_1217982773704858;data;data.*;fetched (200);2025-08-18 14:45:01.892377;Facebook:/<page-id>/posts;🌵 ¡NOCHE MEXICANA EN HOTEL ARICA!🇲🇽🎤 La noche mexicana llega al Karaoke de Hotel Arica!  Prepárate porque este Jueves 14 de Agosto no será un Jueves cualquiera… será un Jueves con mariachis en el corazón, sabor a tequila y las mejores voces (o intentos) sobre el escenario 💥😱 Disfruta de nuestra carta especial y cócteles frescos al más estilo mexicano para abrir el apetito… y el alma 😍🌮 💥 Toda la noche: descuentos en tragos con tequila para que el ritmo fluya ¡sin timidez! 🎤 Este Jueves encendemos el escenario con el clásico Karaoke junto a Kimmey. Habrá premios, sorpresas y un desafío extra: 👉🏻Canta una canción mexicana y participa en concursos especiales que te pondrán en modo fiesta total 💥 Sombreros, aplausos y carcajadas no van a faltar… lo único que falta eres tú y tu mejor canción ¡Te esperamos!  📲 Reserva tu mesa ya: +569 7476 2778;2025-08-14T18:16:41+0000;2025-08-15T14:50:30+0000;
491;10;1;70955503136_1217817853721350;data;data.*;fetched (200);2025-08-18 14:45:01.892377;Facebook:/<page-id>/posts;"PESAR POR FALLECIMIENTO DE MERCEDES DEL CARMEN PINEDA WILKINSON QEPD  La familia informa  Tenemos el sentimiento de comunicar el sensible fallecimiento de la señora Mercedes del Carmen Pineda Wilkinson,""Mechita"", esposa y compañera del destacado comediante nacional Daniel Vilchez. Sus restos están siendo velados en la Iglesia Sagrado Corazón.  Hoy jueves 14 de agosto a las 2 pm, se oficiará una misa en su honor. Rogamos a quienes la conocieron que acompañen a la familia en este momento de dolor.";2025-08-14T14:13:32+0000;2025-08-18T02:14:34+0000;
492;10;1;70955503136_1217807390389063;data;data.*;fetched (200);2025-08-18 14:45:01.892377;Facebook:/<page-id>/posts;MÁS DE 60 MIL ESTUDIANTES PARTICIPARON EN SIMULACRO DE SISMO-TSUNAMI PARA EL SECTOR EDUCACIÓN DE ARICA Y PARINACOTA  La instancia tuvo por objetivo poner a prueba y entrenar el proceso de evacuación de todos los establecimientos educacionales, en caso de una emergencia con estas características... Siga leyendo acá... https://www.aricaldia.cl/mas-de-60-mil-estudiantes-participaron-en-simulacro-de-sismo-tsunami-para-el-sector-educacion-de-arica-y-parinacota/ Senapred Chile;2025-08-14T14:00:00+0000;2025-08-15T21:27:53+0000;
493;10;1;70955503136_1217797600390042;data;data.*;fetched (200);2025-08-18 14:45:01.892377;Facebook:/<page-id>/posts;DETIENEN EN FLAGRANCIA A IMPUTADO POR HOMICIDIO DE CALLE MAIPÚ Se trata de un hombre de nacionalidad venezolana de 31 años, quien habría discutido con la víctima, y le habría inferido heridas con un arma cortopunzante que le costaron la muerte... Siga leyendo acá... https://www.aricaldia.cl/homicidio-en-el-centro-de-arica-detienen-en-flagrancia-a-imputado-por-homicidio-de-calle-maipu/;2025-08-14T13:45:13+0000;2025-08-17T09:51:59+0000;
494;10;1;70955503136_1217283603774775;data;data.*;fetched (200);2025-08-18 14:45:01.892377;Facebook:/<page-id>/posts;ATENCIÓN SENCE ABRE ESTE LUNES 18 DE AGOSTO POSTULACIONES A NUEVOS CURSOS GRATUITOS EN ARICA  El proceso de postulación en línea se abrirá el lunes 18 de agosto en  www.sence.cl a las 9:00 horas... Siga leyendo acá... https://www.aricaldia.cl/atencion-sence-abre-18-postulaciones-a-nuevos-cursos-gratuitos-en-arica/ Sence Arica y Parinacota;2025-08-13T23:25:04+0000;2025-08-14T16:37:31+0000;
495;10;1;70955503136_1217091783793957;data;data.*;fetched (200);2025-08-18 14:45:01.892377;Facebook:/<page-id>/posts;⚽✨ ¡VUELVE HISTÓRICO GRUPO DE EX DEPORTES ARICA AL ESTADIO CARLOS DITTBORN ✨⚽ Vuelve la magia del fútbol al Carlos Dittborn!  Este sábado 16 de agosto a las 17:00 hrs., el histórico grupo de ex Deportes Arica se enfrentará al equipo MZ de Santiago, integrado por talentosos jugadores de distintas profesiones y dirigidos nada menos que por Eduardo Lobos, ex San Marcos, Colo-Colo y Selección Chilena. 🔥🇨🇱 📍 Desde las 16:00 hrs., te esperamos para vivir una jornada deportiva ¡GRATUITA! 🙌 (Ingreso por sector Tribuna Pacífico). 🍹☕ Disfruta el partido con bebidas, café, té y ricos comestibles a la venta dentro del estadio. 💙 Un evento con el apoyo de la Municipalidad de Arica y la Corporación Costa Chinchorro para toda la familia ariqueña. ¡No te quedes fuera y ven a alentar! 💪🔵⚪ #ExDeportesArica #MzFut #CostaChinchorro #MuniArica Municipalidad de Arica Corporación Municipal Costa Chinchorro;2025-08-13T17:14:27+0000;2025-08-13T17:14:27+0000;
496;10;1;70955503136_1217058680463934;data;data.*;fetched (200);2025-08-18 14:45:01.892377;Facebook:/<page-id>/posts;HOSPITAL REGIONAL CUENTA CON NUEVO LÁSER DE ALTA TECNOLOGÍA PARA PROCEDIMIENTOS UROLÓGICOS Autoridades destacaron el impacto positivo que tendrá en la calidad de atención y en la reducción de tiempo de las listas de espera... Siga leyendo acá... https://www.aricaldia.cl/hospital-regional-cuenta-con-nuevo-laser-de-alta-tecnologia-para-procedimientos-urologicos/ Servicio de Salud Arica y Parinacota;2025-08-13T16:23:22+0000;2025-08-16T19:34:06+0000;
497;10;1;70955503136_1216909013812234;data;data.*;fetched (200);2025-08-18 14:45:01.892377;Facebook:/<page-id>/posts;HOMICIDIO OCURRIDO HOY EN EL CENTRO DE ARICA SE SUMA A LA INVESTIGACIÓN DEL HOMICIDIO OCURRIDO AYER EN SECTOR  HUMEDAL El Fiscal a cargo Rodrigo González y el Jefe de la Brigada de Homicidios de la PDI Julio Ceballos entregan más antecedentes.;2025-08-13T12:37:30+0000;2025-08-16T13:03:00+0000;
498;10;1;70955503136_1216847513818384;data;data.*;fetched (200);2025-08-18 14:45:01.892377;Facebook:/<page-id>/posts;HOMICIDIO EN EL CENTRO DE ARICA  El hecho ocurrió esta madrugada en calle Maipu, cuando la víctima es atacada con arma cortopunzante, lo que provocó finalmente su muerte. El equipo ECOH de la Fiscalía Arica, liderado por el fiscal Rodrigo González Vega, trabaja en el homicidio de un hombre de nacionalidad chilena de 47 años, ocurrido en calle Maipú, cerca de esquina Baquedano.  Víctima presenta múltiples heridas con arma cortopunzante. Información preliminar;2025-08-13T10:56:09+0000;2025-08-17T11:05:04+0000;
499;10;1;70955503136_1216267680543034;data;data.*;fetched (200);2025-08-18 14:45:01.892377;Facebook:/<page-id>/posts;𝗔𝗥𝗜𝗖𝗔 𝗦𝗘 𝗠𝗢𝗩𝗜𝗟𝗜𝗭𝗔 | ⁣ INVITAN A MOVILIZACIÓN EN DEFENSA AMBIENTAL Y DEL TERRITORIO ESTE 14 DE AGOSTO  La Coordinadora Socioambiental por la Vida invita a las organizaciones sociales y ciudadanía a sumarse a la movilización «No más zona de sacrificio» a realizarse el 14 de agosto desde las 17.00 horas en avenida Santa María y Diego Portales en Arica, para manifestar el rechazo a la aprobación del proyecto minero Champagne, denunciar #contaminación histórica de #polimetales, #desaladora en Arenillas Negras, entre otros #conflictos #socioambientales en #Arica y #Parinacota. ✅ 𝗠𝗮́𝘀 𝗶𝗻𝗳𝗼𝗿𝗺𝗮𝗰𝗶𝗼́𝗻 👇🏾👇🏾👇🏾⁣ #RadioAYNI  ⁣https://radioayni.cl/14-de-agosto-arica-se-moviliza-en.../  📣¡𝗛𝗔𝗖𝗘𝗠𝗢𝗦 𝗥𝗔𝗗𝗜𝗢, 𝗛𝗔𝗖𝗘𝗠𝗢𝗦 𝗔𝗬𝗡𝗜!;2025-08-12T17:41:59+0000;2025-08-15T00:22:12+0000;
500;10;1;70955503136_1216185143884621;data;data.*;fetched (200);2025-08-18 14:45:01.892377;Facebook:/<page-id>/posts;"LUCYBELL SE DESPIDE DE LOS ESCENARIOS CON SU ÚLTIMO SHOW DEL TOUR ""ECOS"" 15 AGOSTO - HOTEL ANTAY Los indiscutidos referentes del rock chileno, dirán adiós a los escenarios y a su público de manera indefinida con un show que promete ser inolvidable 🎸 Últimas entradas  https://ticketplus.cl/events/lucybell-ecos-tour-final-Hotel-antay-Arica-1 Informaciones : +56 9 9671 4360 Lucybell";2025-08-12T15:37:55+0000;2025-08-12T15:37:55+0000;
501;10;1;70955503136_1216140027222466;data;data.*;fetched (200);2025-08-18 14:45:01.892377;Facebook:/<page-id>/posts;SIMULACRO EN ARICA SERÁ DE TERREMOTO Y TSUNAMI GRADO 8.4  El director regional de Senapred, Javier Carvajal, se refirió al ejercicio que se iniciará este miércoles 13 de agosto a las 11 horas y que tendrá un especial enfoque en el sector educación.  De este modo, se espera que participen más de 150 establecimientos de la región.  El evento tomará como escenario el sismo 8.4 del 13 de agosto de 1868, simulando los efectos de este fenómeno con un ejercicio de evacuación en aquellos colegios que están en zona de riesgo.  #SimulacroArica #terremoto #arica;2025-08-12T14:32:46+0000;2025-08-13T15:35:44+0000;
502;10;1;70955503136_1215999800569822;data;data.*;fetched (200);2025-08-18 14:45:01.892377;Facebook:/<page-id>/posts;VÍCTIMA DE HOMICIDIO EN SECTOR HUMEDAL SERÍA EXTRANJERO Y DE UNOS 25 AÑOS AÑOS DE EDAD  Así lo señaló la Fiscal Paulina Brito respecto del homicidio de un hombre, ocurrido esta madrugada en el sector del Humedal (playa Las Machas) en las cercanías del puente. La Fiscal indico que la víctima presenta impactos balísticos en su cabeza y aún no está identificada... Siga leyendo acá... https://www.aricaldia.cl/victima-de-homicidio-ocurrido-esta-manana-en-el-sector-humedal-seria-extranjero-y-de-unos-25-anos-de-edad/;2025-08-12T11:05:43+0000;2025-08-16T02:38:57+0000;
503;10;1;70955503136_1215976217238847;data;data.*;fetched (200);2025-08-18 14:45:01.892377;Facebook:/<page-id>/posts;HOMICIDIO  HALLAN CUERPO SIN VIDA CON IMPACTO BALÍSTICO EN SECTOR HUMEDAL La Fiscal Paulina Brito dirige el trabajo del equipo ECOH de la Fiscalía Arica en la investigación por el hallazgo del cuerpo sin vida de un hombre en la ruta A210, sector Humedal.  Víctima no ha sido identificada y presenta impacto balístico.  En el lugar trabajan detectives de la PDI. Información preliminar;2025-08-12T10:26:43+0000;2025-08-17T20:16:12+0000;
504;10;1;70955503136_1215600143943121;data;data.*;fetched (200);2025-08-18 14:45:01.892377;Facebook:/<page-id>/posts;🌟CUMBION OLD SCHOOL🌟 🗓 VIERNES 05 DE SEPTIEMBRE 2025 🕙 Desde las 21:00Hrs. 📍Centro de eventos Zonna Discotheque ___________________ Todos los recuerdos con el Grupo que esta de Moda RA & KWEA en la voz del inconfundible Romualdo S Acevedo Linares OSITO ___________________ Desde Peru 🇵🇪, Los regalones de los Ariqueños, con sus cumbias de ayer, hoy y siempre, Los Maravillosos de Jose Villanueva ___________________ Desde Argentina 🇦🇷 Llega el color de tu Corazon, con la cumbia romantica que enamoro y sigue enamorando, Javito y su  Grupo Red❤ ___________________ Desde la capital de nuestro pais 🇨🇱, llega el Grupo ✨HISTORICOS✨ De la onda sound y movida Tropical Chilena. se juntan unas de las voces mas iconicas de nuestro pais. ▪︎ PASCUAL RAMIREZ (Ex voz, Alegria , Fantasia ) ▪︎ PIPO OLMOS (ex voz, Amerikan y Tropikal Sound) ▪︎ CLAUDIO NUÑEZ & ARIEL NUÑEZ (ex voz, La Nueva Sensacion Tropical) ▪︎ DANIEL BETANCOUR (ex voz, La Gran Magia Tropical) Juntos en un gran show recordando todos los exitos de la onda sound y movida tropical chilena. https://www.youtube.com/watch?v=sZN17Is2wOU ____________________ ✅ VALORES: PREVENTA $10.000 🔥HASTA AGOTAR STOCK🔥 Valor puerta de las 21:00 hrs hasta las 22:00 hrs $15.000  Valor puerta de las 22:00 hrs en adelante $20.000 — — — — — — — — ▪︎MESAS VIP (para 4 personas) Frente al escenario informacion al ￼⁨9 6595 6385⁩ ____________________ ✅ PUNTOS DE VENTA: Botilleria Liquidos Kukuli 📍 AV. CANCHA RAYADA #3910 📍 AV. TAMBO QUEMADO 3773 Venta solo con transferencia o efectivo ____________________ Compra Con tarjeta de credito / debito en : https://ticketplus.cl/events/cumbion-old-school — — — — — — — — ▪︎Evento para mayores de 18 años.;2025-08-12T00:02:23+0000;2025-08-12T00:02:23+0000;
505;10;1;70955503136_1215566213946514;data;data.*;fetched (200);2025-08-18 14:45:01.892377;Facebook:/<page-id>/posts;EN ENVASES DE EXTINTORES OCULTABAN LA DROGA PARA INGRESARLA A CHILE:  3 DETENIDOS Y MÁS DE 20 KILOS DE KETAMINA INCAUTADA La Fiscalía de Arica formalizó y obtuvo la medida cautelar de prisión preventiva contra tres imputados -dos hombres de nacionalidad peruana y una mujer chilena-, en el marco de una investigación que permitió incautar un poco más de 20 kilos de ketamina... Siga leyendo acá... https://www.aricaldia.cl/en-envases-de-extintores-ocultaban-la-droga-para-ingresarla-a-chile-3-detenidos-y-mas-de-20-kilos-de-ketamina-incautada/ Carabineros de Chile;2025-08-11T22:57:11+0000;2025-08-13T23:02:56+0000;
506;10;1;70955503136_1215280603975075;data;data.*;fetched (200);2025-08-18 14:45:01.892377;Facebook:/<page-id>/posts;ATENCIÓN  INFORMAN QUE SE PROLONGAN POR 30 DÍAS, LOS CORTES PREVENTIVOS EN CUESTA CULTURA CHINCHORRO  La medida es desde las 20:00 hrs hasta las 06:00 hrs, siempre que las condiciones geológicas lo permitan. Senapred Chile;2025-08-11T14:51:12+0000;2025-08-17T12:56:18+0000;
507;10;1;aricaldia;offcut;;fetched (200);2025-08-18 14:45:01.892377;Facebook:/<page-id>/posts;;;;
11;None;0;aricaesbacan;seed;;;None;None;;;;
508;11;1;434639743698866_1215123973982364;data;data.*;fetched (200);2025-08-18 14:45:02.755973;Facebook:/<page-id>/posts;🚨ATENCIÓN: Se modifica la alerta de tormentas de arenas. 🌬️ A través de un aviso metereológico, informan que la condición se producirá desde el domingo 17 de agosto hasta la noche del martes 19 de agosto y afectará Arica y Parinacota. ⚠️;2025-08-16T19:43:52+0000;2025-08-17T20:11:16+0000;
509;11;1;434639743698866_1215047007323394;data;data.*;fetched (200);2025-08-18 14:45:02.755973;Facebook:/<page-id>/posts;Accidente en Cuesta Tana deja una victima fatal 💥🚗 Según testigos el Vehículo perdió el control por causas aún desconocidas y el accidente involucra a dos mujeres provenientes de Arica  dejando un persona fallecida y una lesionada la que fue trasladada inicialmente al SAPU de Huara y luego al Hospital de Iquique. Bomberos y ambulancias de Huara e lquique atendieron la emergencia 👨‍🚒🚒🚑;2025-08-16T17:32:33+0000;2025-08-18T14:14:39+0000;
510;11;1;434639743698866_1214980550663373;data;data.*;fetched (200);2025-08-18 14:45:02.755973;Facebook:/<page-id>/posts;Coni es de oro en Brasil 🥇 🇧🇷 En el arena centro multiuso San José de Florianapolis, Brasil se llevó a cabo el Campeonato Kid floripa Winter Internacional Open 2025 ibjjf jiu-jitsu Championship Brasil donde Constanza Valentina Tralma Muñoz de la academia de jiu-jitsu human chess y estudiante de 6to año básico de la escuela D-18 Humberto Valenzuela García alcanzo la medalla de oro en su categoría frente a la competidora brasileña Mariana Girón en dos combates los cuales ambos fueron ganados por la ariqueña. 🥋🥊 ¡Muchas felicidades Coni por este nuevo logro! 👏 . . . #arica #chile #aricaesbacán #aricayparinacota #parati #aebinforma;2025-08-16T15:51:00+0000;2025-08-18T19:15:37+0000;
511;11;1;434639743698866_1214922820669146;data;data.*;fetched (200);2025-08-18 14:45:02.755973;Facebook:/<page-id>/posts;"🏗️ CINCO EMPRESAS COMPITEN TÉCNICAMENTE PARA ADJUDICAR ESTUDIO QUE PROPONDRÁ VÍA ALTERNATIVA A CUESTA CHINCHORRO  ➡️ Cinco empresas se presentaron a la licitación que busca proponer una vía alternativa a la Cuesta Cultura Chinchorro, iniciativa impulsada por el Ministerio de Obras Públicas, a través de su Dirección de Vialidad, y cuya apertura técnica se realizó el pasado 14 de agosto.   Se trata de la iniciativa denominada ""Estudio de Prefactibilidad Construcción y Mejoramiento Ruta 5, Cuesta Cultura Chinchorro”, que busca generar una alternativa de conexión vial, siendo el propósito final el potenciar la seguridad del tránsito de vehículos y personas.  Desde Vialidad indicaron que ahora se esperarán unos días para el proceso de Apertura Económica, que podrá definir a la empresa que ejecutará este importante proyecto, que beneficiará tanto a las comunidades de Camarones como a quienes se movilizan desde y hacia la región.  SIGUEN TRABAJOS En relación con las obras de emergencia en ruta 5 cuesta Chinchorro, estos ya presentan casi un 70% de avance.   Como dato, a la fecha van removidos más de 23.700 metros cúbicos de material, entre roca trozada y arena.   Para el revestimiento, van sobre 4.218 metros cuadrados de hormigón proyectado, junto a la instalación de 60.086 metros cuadrados de malla metálica para control de taludes.  Asimismo, se debe destacar que no se han registrado nuevos eventos en la falla activa del talud que afecten la programación de los trabajos.  No obstante, por seguridad, continua la decisión de regular el tránsito en el sector de las obras, que se mantiene con control unidireccional desde las 06:00 hasta las 20:00 horas.";2025-08-16T14:24:25+0000;2025-08-18T18:04:40+0000;
512;11;1;434639743698866_1214823700679058;data;data.*;fetched (200);2025-08-18 14:45:02.755973;Facebook:/<page-id>/posts;Buenos días, se informa que hoy 16 de agosto, el tránsito se encuentra habilitado en la ruta A-5, Cuesta Chinchorro (ex Camarones), sin registrarse derrumbes durante la noche. 🚙🚗🚚 ✅ Cabe señalar que el horario de funcionamiento de la cuesta es de 06:00 a 20:00 hrs.;2025-08-16T11:48:25+0000;2025-08-16T20:59:49+0000;
513;11;1;434639743698866_1214811014013660;data;data.*;fetched (200);2025-08-18 14:45:02.755973;Facebook:/<page-id>/posts;"¡Buenísimos Días! 🌤️  Continuamos con este fin de semana largo de invierno y los días son maravillosos.  ¡Los cielos nocturnos de nuestra región son increíbles! 🌌 Foto; @paul_planck_fotografia  . . . #arica #chile #aricaesbacán #aricayparinacota #parati #aebinforma";2025-08-16T11:27:20+0000;2025-08-17T13:57:20+0000;
514;11;1;434639743698866_1214306784064083;data;data.*;fetched (200);2025-08-18 14:45:02.755973;Facebook:/<page-id>/posts;Recién tembló suavecito en Arica, pero ahí nos pusimos serios... No como en el simulacro. 🫣 Es bromita, no sé enojen 😅👌;2025-08-15T20:49:37+0000;2025-08-16T19:17:41+0000;
515;11;1;434639743698866_1214258610735567;data;data.*;fetched (200);2025-08-18 14:45:02.755973;Facebook:/<page-id>/posts;🚨ATENCIÓN: Probabilidad de tormentas de arenas para este domingo. 🌬️ A través de un aviso metereológico, informan que la condición se producirá desde el domingo 17 de agosto hasta la noche del martes 19 de agosto y afectará Arica y Parinacota. ⚠️;2025-08-15T19:19:26+0000;2025-08-16T17:38:19+0000;
516;11;1;434639743698866_1214157574079004;data;data.*;fetched (200);2025-08-18 14:45:02.755973;Facebook:/<page-id>/posts;😎 El fin de semana largo de este invierno está para disfrutarlo y uno de los mejores panoramas es las playas locales. 🏖️  El Laucho de @costa.chinchorro es de los mejores balnearios locales ya que cuenta todo el año con servicios higiénicos y salvavidas todo el año. 🚻 . . . #arica #chile #aricaesbacán #aricayparinacota #parati #aebinforma;2025-08-15T16:33:36+0000;2025-08-18T02:51:52+0000;
517;11;1;434639743698866_1213954734099288;data;data.*;fetched (200);2025-08-18 14:45:02.755973;Facebook:/<page-id>/posts;Buenos días, se informa que hoy 15 de agosto, el tránsito se encuentra habilitado en la ruta A-5, Cuesta Chinchorro (ex Camarones), sin registrarse derrumbes durante la noche. 🚙🚗🚚 ✅ Cabe señalar que el horario de funcionamiento de la ruta es de 06:00 a 20:00 hrs.;2025-08-15T12:17:43+0000;2025-08-15T19:04:18+0000;
518;11;1;434639743698866_1213917380769690;data;data.*;fetched (200);2025-08-18 14:45:02.755973;Facebook:/<page-id>/posts;¡Buenos días ariqueños! 🌤️ Que este fin de semana largo que Dios los acompañe. 😎 Este finde hay varios panoramas, no sé la pierdan.  . . . #arica #chile #aricaesbacán #aricayparinacota #parati;2025-08-15T11:18:31+0000;2025-08-17T02:21:07+0000;
519;11;1;434639743698866_1213211550840273;data;data.*;fetched (200);2025-08-18 14:45:02.755973;Facebook:/<page-id>/posts;📽️✨ UKAMAU: El Cine junto a los Pueblos llega a Arica En el marco del Día Internacional de los Pueblos Indígenas, llega a Arica una experiencia audiovisual con identidad, memoria y raíz. 🌿 La reconocida Fundación Grupo UKAMAU de Bolivia aterriza en nuestra ciudad para compartir su legado cinematográfico desde el territorio.  🎬 🗓️ AGENDA  📍 Jueves 14 – 19:00 h | Cine Municipal: 𝗟𝗼𝘀 𝗩𝗶𝗲𝗷𝗼𝘀 𝗦𝗼𝗹𝗱𝗮𝗱𝗼𝘀 🎞️ 📍 Sábado 9 – 19:00 h | Cine Municipal: 𝗟𝗮 𝗡𝗮𝗰𝗶𝗼́𝗻 𝗖𝗹𝗮𝗻𝗱𝗲𝘀𝘁𝗶𝗻𝗮 🎬🎞️ 🎟️ Las funciones son abiertas y GRATUITAS  💥 ¡No te pierdas esta oportunidad única de aprender, compartir y crear cine con raíz junto a UKAMAU!  Organiza: Subdirección Nacional de Pueblos Originarios del Servicio Nacional del Patrimonio Cultural. Colaboran: Fundación Grupo UKAMAU, Dirección de Cultura IMA y Casa Cultural Yanulaque.  #Arica #UKAMAU #CineConIdentidad #AricaCultural #CineIndígena #PueblosOriginarios #FundaciónUKAMAU #CineLatinoamericano;2025-08-14T16:13:16+0000;2025-08-15T16:13:53+0000;
520;11;1;434639743698866_1213096314185130;data;data.*;fetched (200);2025-08-18 14:45:02.755973;Facebook:/<page-id>/posts;🔴Para esta semana dejamos el calendario de atención del registro civil móvil. 📃 ✅ Del lunes 11 de agosto al viernes 15 de agosto, en horario de 10:00 a 13:00 horas.👇🏽;2025-08-14T13:39:12+0000;2025-08-14T13:39:12+0000;
521;11;1;434639743698866_1213062874188474;data;data.*;fetched (200);2025-08-18 14:45:02.755973;Facebook:/<page-id>/posts;Buenos días, se informa que hoy 14 de agosto, el tránsito se encuentra habilitado en la ruta A-5, Cuesta Chinchorro (ex Camarone) , sin registrarse derrumbes durante la noche. 🚙🚗🚚 ✅ Cabe señalar que el horario de apertura de la ruta es de 06:00 a 20:00 hrs.;2025-08-14T12:51:15+0000;2025-08-18T03:07:42+0000;
522;11;1;434639743698866_1213023970859031;data;data.*;fetched (200);2025-08-18 14:45:02.755973;Facebook:/<page-id>/posts;¡Buenos días Arica! 🌤️ Que llegue pronto el verano para disfrutar como Dios manda las playas de Arica. 🏖️ Foto: @m4d.kjng  . . . #arica #chile #aricaesbacán #aricayparinacota #parati;2025-08-14T11:53:26+0000;2025-08-17T15:36:44+0000;
523;11;1;434639743698866_1212657594229002;data;data.*;fetched (200);2025-08-18 14:45:02.755973;Facebook:/<page-id>/posts;"¡Adiós sra. Mercedes! 🖤 🕊️""Tenemos el sentimiento de comunicar el sensible fallecimiento de la señora Mercedes de Carmen Pineda Wilkinson,""Mechita"", esposa y compañera del destacado comediante nacional Daniel Vilchez. Sus restos están siendo velados en la Iglesia Sagrado Corazón. Mañana, jueves 14 de agosto a las 14:00 hrs , se oficiará una misa en su honor. Rogamos a quienes la conocieron que acompañen a la familia en este momento de dolor. ✝️";2025-08-14T00:55:36+0000;2025-08-16T08:41:14+0000;
524;11;1;434639743698866_1212618647566230;data;data.*;fetched (200);2025-08-18 14:45:02.755973;Facebook:/<page-id>/posts;@lasoleoficial , el exito de la comedia en Chile estará en vivo en Arica, este 4 de Septiembre a las 20 Hrs en el centro de convenciones del Hotel Antay, entradas por Ticketpro. Mas info en www.lasoleoficial.cl;2025-08-13T23:37:35+0000;2025-08-14T02:25:24+0000;
525;11;1;434639743698866_1212525694242192;data;data.*;fetched (200);2025-08-18 14:45:02.755973;Facebook:/<page-id>/posts;⚽✨ ¡Vuelve la magia del fútbol al Carlos Dittborn! ✨⚽ Este sábado 16 de agosto a las 17:00 hrs., el histórico grupo de ex Deportes Arica se enfrentará al equipo MZ de Santiago, integrado por talentosos jugadores de distintas profesiones y dirigidos nada menos que por Eduardo Lobos, ex San Marcos, Colo-Colo y Selección Chilena. 🔥🇨🇱  📍 Desde las 16:00 hrs., te esperamos para vivir una jornada deportiva ¡GRATUITA! 🙌 (Ingreso por sector Tribuna Pacífico).  🍹☕ Disfruta el partido con bebidas, café, té y ricos comestibles a la venta dentro del estadio.  💙 Un evento con el apoyo de la @muniarica Municipalidad de Arica y la @costa.chinchorro para toda la familia ariqueña. ¡No te quedes fuera y ven a alentar! 💪🔵⚪  #ExDeportesArica #MzFut #CostaChinchorro #MuniArica;2025-08-13T20:22:53+0000;2025-08-13T20:22:53+0000;
526;11;1;434639743698866_1212371660924262;data;data.*;fetched (200);2025-08-18 14:45:02.755973;Facebook:/<page-id>/posts;🦩Flamenco chileno del Salar de Surire viaja 1.480 kilómetros y aparece en Argentina Un ejemplar adulto de flamenco chileno (Phoenicopterus chilensis ), anillado en junio de 2019 en el Monumento Natural Salar de Surire, fue avistado a principios de agosto en la Reserva Natural de Fauna La Felipa en la  provincia de Córdoba, Argentina. El hallazgo confirma los impresionantes desplazamientos de esta especie y la conexión entre humedales de Sudamérica. 🏞️ El registro fue realizado por el guardaparque trasandino Tomás Méndez, durante la primera semana de agosto, quien al identificar el anillo con la sigla PVCP se comunicó de inmediato con CONAF para informar sobre la observación. 😨 De acuerdo a los cálculos realizados por el profesional, la distancia entre el Monumento Natural Salar de Surire y la localidad cordobesa es de aproximadamente 1.480 kilómetros. A una velocidad promedio de migración de 50 a 60 km/h, un flamenco podría cubrir ese trayecto en 2 o 3 días, realizando paradas para alimentarse y descansar. 🦩 . . . #arica #chile #aricaesbacán #aricayparinacota #parati;2025-08-13T16:01:24+0000;2025-08-15T20:40:31+0000;
527;11;1;434639743698866_1212270904267671;data;data.*;fetched (200);2025-08-18 14:45:02.755973;Facebook:/<page-id>/posts;🔴Para esta semana dejamos el calendario de atención del registro civil móvil. 📃 ✅ Del lunes 11 de agosto al viernes 15 de agosto, en horario de 10:00 a 13:00 horas.👇🏽;2025-08-13T13:54:28+0000;2025-08-13T13:54:28+0000;
528;11;1;434639743698866_1212198337608261;data;data.*;fetched (200);2025-08-18 14:45:02.755973;Facebook:/<page-id>/posts;¡Buenos días Arica! 🌤️ 😍Un nuevo día llegó para disfrutar las bondades regionales. El Lago Chungará es uno de los lugares imperdibles y que todos a lo menos una vez debemos visitar. 🏔️ Foto: @vindaschill  . . . #arica #chile #aricaesbacán #aricayparinacota #parati;2025-08-13T11:56:25+0000;2025-08-13T17:47:27+0000;
529;11;1;434639743698866_1211839550977473;data;data.*;fetched (200);2025-08-18 14:45:02.755973;Facebook:/<page-id>/posts;🚨Mañana la @disam.arica será parte del simulacro de tsunami que se realiza mañana a las 11:00 hrs.;2025-08-13T00:51:10+0000;2025-08-15T23:59:49+0000;
530;11;1;434639743698866_1211812194313542;data;data.*;fetched (200);2025-08-18 14:45:02.755973;Facebook:/<page-id>/posts;🌟CUMBION OLD SCHOOL🌟 🗓 VIERNES 05 DE SEPTIEMBRE 2025 🕙 Desde las 21:00Hrs. 📍Centro de eventos Zonna Discotheque ___________________ Todos los recuerdos con el Grupo que esta de Moda RA & KWEA en la voz del inconfundible Romualdo S Acevedo Linares OSITO ___________________ Desde Peru 🇵🇪, Los regalones de los Ariqueños, con sus cumbias de ayer, hoy y siempre, Los Maravillosos de Jose Villanueva ___________________ Desde Argentina 🇦🇷 Llega el color de tu Corazon, con la cumbia romantica que enamoro y sigue enamorando, Javito y su  Grupo Red❤ ___________________ Desde la capital de nuestro pais 🇨🇱, llega el Grupo ✨HISTORICOS✨ De la onda sound y movida Tropical Chilena. se juntan unas de las voces mas iconicas de nuestro pais. ▪︎ PASCUAL RAMIREZ (Ex voz, Alegria , Fantasia ) ▪︎ PIPO OLMOS (ex voz, Amerikan y Tropikal Sound) ▪︎ CLAUDIO NUÑEZ & ARIEL NUÑEZ (ex voz, La Nueva Sensacion Tropical) ▪︎ DANIEL BETANCOUR (ex voz, La Gran Magia Tropical) Juntos en un gran show recordando todos los exitos de la onda sound y movida tropical chilena. https://www.youtube.com/watch?v=sZN17Is2wOU ____________________ ✅ VALORES: PREVENTA $10.000 🔥HASTA AGOTAR STOCK🔥 Valor puerta de las 21:00 hrs hasta las 22:00 hrs $15.000  Valor puerta de las 22:00 hrs en adelante $20.000 — — — — — — — — ▪︎MESAS VIP (para 4 personas) Frente al escenario informacion al ￼⁨9 6595 6385⁩ ____________________ ✅ PUNTOS DE VENTA: Botilleria Liquidos Kukuli 📍 AV. CANCHA RAYADA #3910 📍 AV. TAMBO QUEMADO 3773 Venta solo con transferencia o efectivo ____________________ Compra Con tarjeta de credito / debito en : https://ticketplus.cl/events/cumbion-old-school — — — — — — — — ▪︎Evento para mayores de 18 años.;2025-08-12T23:48:24+0000;2025-08-13T02:00:27+0000;
531;11;1;434639743698866_1211769367651158;data;data.*;fetched (200);2025-08-18 14:45:02.755973;Facebook:/<page-id>/posts;"🏛️El histórico senador socialista José Miguel Insulza abandona su tranquilo feudo de Arica para competir en la agitada región de Salvador Allende, territorio clave donde el Frente Amplio se ha consolidado y se avecina una contienda electoral intensa.  El anuncio se haría este viernes y el objetivo es asegurar el equilibrio político de la región, ya que hoy es la izquierda la que tiene tres de los cinco senadores de la circunscripción porteña. Junto al ""Panzer"", en la coalición gobernante también están confirmadas las candidaturas a la Cámara Alta del actual diputado Diego Ibáñez (FA) y las diputadas en ejercicio Karol Cariola (PC) y Carolina Marzán (PPD).";2025-08-12T22:11:45+0000;2025-08-18T10:37:59+0000;
532;11;1;434639743698866_1211645800996848;data;data.*;fetched (200);2025-08-18 14:45:02.755973;Facebook:/<page-id>/posts;¡Participa en el Simulacro Sismo y Tsunami!  Miércoles 13 de agosto | 11:00 hrs. 📍 Región de Arica y Parinacota ✅  Invitamos a toda la comunidad educativa a sumarse.   Preparémonos juntos para actuar con seguridad. 👌   #JuntosPrevenimos;2025-08-12T18:08:33+0000;2025-08-13T18:57:28+0000;
533;11;1;434639743698866_1211616067666488;data;data.*;fetched (200);2025-08-18 14:45:02.755973;Facebook:/<page-id>/posts;⚖️Corte de Apelaciones de Arica condena a aerolínea por vender pasaje de vuelo inexistente La Corte de Arica rechazó el recurso de apelación presentado por la defensa y confirmó la sentencia que condenó a la línea aérea JetSmart SpA a pagar una multa de 300 UTM y una indemnización total por la suma de $1.098.503 por concepto de daño emergente y moral a clienta que compró un pasaje para un vuelo inexistente. ✈️ ➡️ En fallo unánime (causa rol 45-2025), la Primera Sala del tribunal de alzada –integrada por las ministras Claudia Arenas González, Juana Ríos Meza y el abogado (i) Alexis Mondaca Miranda– confirmó la sentencia impugnada, dictada por el Primer Juzgado de Policía Local de Arica, que la aerolínea incumplió ofrecimiento de vuelo con destino a Santiago que no tenía programado. ✅ “Que del mérito de los antecedentes, ha quedado establecido que el incumplimiento de la denunciada consistió en vender pasajes aéreos del tramo Arica-Santiago en el vuelo JA 495 de 16 de septiembre de 2022, que nunca estuvo programado para que el aeropuerto de Chacalluta recibiera el abordaje de pasajeros, y no solo la imposibilidad de abordar, como sostuvo el recurrente en estrado, circunstancia que importa no solo una grave infracción al contrato de trasporte aéreo celebrado entre las partes, sino que tal contrato jamás tuvo la intención de ser cumplido por parte de la denunciada, porque a sabiendas vendió un servicio inexistente, lo que justifica la imposición del máximo de la multa, con independencia del monto de las indemnizaciones del daño emergente y daño moral determinados por el tribunal, y ello en atención a su diversa naturaleza, esto es, la sanción por su responsabilidad infraccional, pues no hay incumplimiento más grave que ofrecer un servicio que se sabe con antelación que no se otorgará, lo que no configura un incumplimiento parcial o defectuoso, sino uno total”, sostiene el fallo. Por lo tanto, se resuelve que “SE CONFIRMA la sentencia apelada de veintiséis de abril de dos mil veinticinco dictada en la causa 891-2024 VP del Primer Juzgado de Policía Local de esta ciudad”.;2025-08-12T17:22:13+0000;2025-08-16T15:06:26+0000;
534;11;1;434639743698866_1211386157689479;data;data.*;fetched (200);2025-08-18 14:45:02.755973;Facebook:/<page-id>/posts;¡Buen día Arica! 🌤️ 😍Todo ariqueño debe conocer a lo menos una vez las presencias tutelares, una de las obras más emblemáticas del artista Juan Díaz Fleming. Para los que no la conocen están a 22 klm al sur de Arica. 🏜️ Foto: @elnofotografo.ric  . . . #arica #chile #aricaesbacán #aricayparinacota #parati;2025-08-12T11:40:07+0000;2025-08-13T23:55:59+0000;
535;11;1;434639743698866_1210825144412247;data;data.*;fetched (200);2025-08-18 14:45:02.755973;Facebook:/<page-id>/posts;¡Participa en el Simulacro Sismo y Tsunami!  Miércoles 13 de agosto | 11:00 hrs. 📍 Región de Arica y Parinacota ✅  Invitamos a toda la comunidad educativa a sumarse.   Preparémonos juntos para actuar con seguridad. 👌   #JuntosPrevenimos;2025-08-11T18:06:39+0000;2025-08-11T23:42:05+0000;
536;11;1;434639743698866_1210779107750184;data;data.*;fetched (200);2025-08-18 14:45:02.755973;Facebook:/<page-id>/posts;@bafoap_ deja bien puesto el nombre de la región en Europa. 💃🎶 🇮🇹El ballet folclórico de Arica y Parinacota realizó una positiva gira con una tremenda participación en Italia, llevando toda la presentación de la cultura chinchorro a Europa. 🩵 Que sigan las grandes presentaciones y llevando bien el nombre de nuestra región y el país. 👏;2025-08-11T16:50:52+0000;2025-08-14T14:05:22+0000;
537;11;1;434639743698866_1210656474429114;data;data.*;fetched (200);2025-08-18 14:45:02.755973;Facebook:/<page-id>/posts;🔴Para esta semana dejamos el calendario de atención del registro civil móvil. 📃 ✅ Del lunes 11 de agosto al viernes 15 de agosto, en horario de 10:00 a 13:00 horas.👇🏽;2025-08-11T13:43:09+0000;2025-08-11T13:43:09+0000;
538;11;1;434639743698866_1210646474430114;data;data.*;fetched (200);2025-08-18 14:45:02.755973;Facebook:/<page-id>/posts;🛑Informamos los cierres temporales de calles autorizadas para la semana entre el 11 al 16 de agosto de 2025. ✅ Recordamos que algunos cortes pueden provocarse por contingencias o por la decisión de Carabineros de Chile, de acuerdo al estado del tránsito de un sector determinado. 🚧🚗🚐🚚🚙;2025-08-11T13:27:41+0000;2025-08-13T23:29:31+0000;
539;11;1;434639743698866_1210617291099699;data;data.*;fetched (200);2025-08-18 14:45:02.755973;Facebook:/<page-id>/posts;¡Buenos días Arica y Parinacota! 🌤️ Se asoma una nueva semana en nuestra región y siempre destacando un nuevo lugar de nuestra región. 🗻 🧗‍♂️Este paisaje se encuentra en el parque Nacional Lauca a más de 4.000 m.s.n.m. Foto: @alkima.audiovisual . . . #arica #chile #aricaesbacán #aricayparinacota #parati;2025-08-11T12:44:51+0000;2025-08-13T11:16:54+0000;
540;11;1;434639743698866_1210274881133940;data;data.*;fetched (200);2025-08-18 14:45:02.755973;Facebook:/<page-id>/posts;😴Es hora de terminar la semana y que mejor que con una bella foto nocturna del altiplano. 🌌 Foto: @paul_planck_fotografia  . . . #arica #chile #aricaesbacán #aricayparinacota #parati;2025-08-11T03:57:35+0000;2025-08-12T04:35:51+0000;
541;11;1;434639743698866_1210189007809194;data;data.*;fetched (200);2025-08-18 14:45:02.755973;Facebook:/<page-id>/posts;¡Participa en el Simulacro Sismo y Tsunami!  Miércoles 13 de agosto | 11:00 hrs. 📍 Región de Arica y Parinacota ✅  Invitamos a toda la comunidad educativa a sumarse.   Preparémonos juntos para actuar con seguridad. 👌   #JuntosPrevenimos;2025-08-11T01:36:33+0000;2025-08-11T14:46:00+0000;
542;11;1;aricaesbacan;offcut;;fetched (200);2025-08-18 14:45:02.755973;Facebook:/<page-id>/posts;;;;
12;None;0;Agrupacioncomunitariaarica;seed;;;None;None;;;;
543;12;1;Agrupacioncomunitariaarica;empty;;error (400);2025-08-18 14:45:03.620939;Facebook:/<page-id>/posts;;;;
544;12;1;Agrupacioncomunitariaarica;offcut;;error (400);2025-08-18 14:45:03.620939;Facebook:/<page-id>/posts;;;;Unsupported get request. Object with ID 'Agrupacioncomunitariaarica' does not exist, cannot be loaded due to missing permissions, or does not support this operation. Please read the Graph API documentation at https://developers.facebook.com/docs/graph-api
13;None;0;AricaCulturaNoticias;seed;;;None;None;;;;
545;13;1;1630880890560912_1073360684984850;data;data.*;fetched (200);2025-08-18 14:45:03.860927;Facebook:/<page-id>/posts;Si van a vernir al festival del Choclo con mucha paciencia 🥺 el tacoooo 📽;2025-08-16T23:15:25+0000;2025-08-18T13:19:55+0000;
546;13;1;1630880890560912_1073129841674601;data;data.*;fetched (200);2025-08-18 14:45:03.860927;Facebook:/<page-id>/posts;HOY SÁBADO NO TE PIERDAS LA FIESTA  🪩𝗙𝗶𝗲𝗯𝗿𝗲 𝗱𝗲 𝗦𝗮́𝗯𝗮𝗱𝗼 𝗽𝗼𝗿 𝗹𝗮 𝗡𝗼𝗰𝗵𝗲 🪩 🕺 La fiesta RETRO del recuerdo 🕺  𝗨́𝗹𝘁𝗶𝗺𝗮𝘀 𝟯𝟬 𝗘𝗡𝗧𝗥𝗔𝗗𝗔𝗦 𝗚𝗥𝗔𝗧𝗜𝗦 disponibles vía WhatsApp  📱 +56 9 7363 6794 𝑬𝒔𝒄𝒓𝒊́𝒃𝒆𝒏𝒐𝒔 𝒚 𝒂𝒔𝒆𝒈𝒖𝒓𝒂 𝒕𝒖𝒔 𝒆𝒏𝒕𝒓𝒂𝒅𝒂𝒔 🎟️  📍 Lugar : 𝗖𝗟𝗨𝗕 𝗢𝘇 (𝗘𝘅 𝗖𝗮𝗽𝗶𝘁𝗮́𝗻 𝗗𝗿𝗮𝗸𝗲 • 𝗖𝗼𝗺𝗽𝗹𝗲𝗷𝗼 𝗦𝗢𝗛𝗢) 📍 Direccion : Buenos Aires #221;2025-08-16T15:56:18+0000;2025-08-17T15:32:20+0000;
547;13;1;1630880890560912_1072636851723900;data;data.*;fetched (200);2025-08-18 14:45:03.860927;Facebook:/<page-id>/posts;TERRAZA OLDSCHOOL DISPONIBLE Reserva tu mesa y disfruta del show de J KING Y MAXIMAN en @mojitoArica   Si quieres acceder a la TERRAZA OLDSCHOOL de mojito deber tener +18 años y  para poder acceder a la mesa deben ser  mínimo 3 personas   Consumo mínimo para  Acceso General $15.000 p/p y si quieres acceder al VIP $25.000 p/p  Reserva tu mesa vía WhatsApp escribiendo al +569 73636794 y +56 9 6168 3276, disfruta del primer festival de reggaeton Oldschool en Arica   Cupos Limitados;2025-08-16T01:45:11+0000;2025-08-16T01:45:11+0000;
548;13;1;1630880890560912_1072506481736937;data;data.*;fetched (200);2025-08-18 14:45:03.860927;Facebook:/<page-id>/posts;ACTUALIZADO ⚠️ | Un sismo de magnitud 4.0 [ML] se registró a las 16:29:17 de este Viernes 15 de #Agosto del 2025, con epicentro a 26 kilómetros al Suroeste de #Putre (Región de #AricayParinacota), y a una profundidad de 133 kilómetros.  Fuente: #CSN www.sismologia.cl  👉Lista de intensidades en la escala de Mercalli Modificada:  🔴Región: Arica y Parinacota   Arica: III  Fuente: Informantes #SismoDetector.;2025-08-15T21:20:55+0000;2025-08-16T00:38:12+0000;
549;13;1;1630880890560912_1072421075078811;data;data.*;fetched (200);2025-08-18 14:45:03.860927;Facebook:/<page-id>/posts;HOY HOY ✨NOCHE DE TRIBUTO✨ HOY HOY   Disfruta este viernes de todo el romanticismo de 🇲🇽CARIN LEON🇲🇽 en la voz de Camilo Rivera, para previar y activar siempre con la seca 🎤 @nicole.messenets y para armar la fiesta 🪩 @dj.tono.music junto a @dj.saravia 🪩   🎫 INGRESO 🎫  🔸Apertura / 21:30 hrs 🔸Reservas / hasta las 23:30 hrs 🔸Desde las 23:30 hrs / $5.000 🔸Invitaciones válidas hasta las 00:30 hrs   Te esperamos con HAPPYHOUR y PROMOS en Barra!  🍾 Gin - Ramazzotti - Spritz 🍸 Botellas Pisco - Whisky - Gin 🍹 Tablas - Sushi;2025-08-15T18:36:20+0000;2025-08-15T18:36:20+0000;
550;13;1;1630880890560912_1072217901765795;data;data.*;fetched (200);2025-08-18 14:45:03.860927;Facebook:/<page-id>/posts;Mañana SABADO 𝗝 𝗞𝗜𝗡𝗚 𝗬 𝗠𝗔𝗫𝗜𝗠𝗔𝗡 en MojitoArica 🤘 🎟️ 𝑻𝒊𝒄𝒌𝒆𝒕 𝒅𝒆 $12.000 𝑮𝒆𝒏𝒆𝒓𝒂𝒍 𝑫𝒊𝒔𝒑𝒐𝒏𝒊𝒃𝒍𝒆𝒔 🎟️  Asegura tus últimas entradas vía 𝗪𝗵𝗮𝘁𝘀𝗔𝗽𝗽 𝗮𝗹 +𝟱𝟲 𝟵 𝟳𝟯𝟲𝟯𝟲𝟳𝟵𝟰  ❌Ticket 2x1 • $8.000 • $10.000 𝗔𝗚𝗢𝗧𝗔𝗗𝗢𝗦 ❌;2025-08-15T14:23:56+0000;2025-08-15T14:23:56+0000;
551;13;1;1630880890560912_1071667455154173;data;data.*;fetched (200);2025-08-18 14:45:03.860927;Facebook:/<page-id>/posts;En sunset lo mas bonito pasando 😎 te invitamos lo mejor de Caris Leon un tributo muy bueno 🫶  ✅️Apertura a las 22 hrs ✅️Reserva hasta las 23 hrs  ✅️Despues de las 23 hrs se paga $5.000 por eso llega con la invitacion digital ❤️❤️🫶 ✅️ invitaciones digitales validas hasta las 00:30 hrs   Cualquier duda nos escribes 👋👋⭐️⭐️⭐️⭐️;2025-08-14T22:23:10+0000;2025-08-14T22:23:10+0000;
552;13;1;1630880890560912_1071457755175143;data;data.*;fetched (200);2025-08-18 14:45:03.860927;Facebook:/<page-id>/posts;𝗙𝗶𝗲𝗯𝗿𝗲 𝗱𝗲 𝗦𝗮́𝗯𝗮𝗱𝗼 𝗽𝗼𝗿 𝗹𝗮 𝗡𝗼𝗰𝗵𝗲 ❞𝗟𝗔 𝗙𝗜𝗘𝗦𝗧𝗔❞ Se viene increíble 🪩🤘  Últimas invitaciones disponibles vía WhatsApp al +𝟱𝟲𝟵 𝟳𝟯𝟲𝟯𝟲𝟳𝟵𝟰 🪩  𝗦𝗮́𝗯𝗮𝗱𝗼 𝟭𝟲 • 𝗔𝗴𝗼𝘀𝘁𝗼 / 𝗖𝗟𝗨𝗕 𝗢𝗭 / 📍 𝗕𝘂𝗲𝗻𝗼𝘀 𝗔𝗶𝗿𝗲𝘀 #𝟮𝟮𝟭 Ref. (Ex Capitán Drake, complejo SOHO);2025-08-14T16:32:42+0000;2025-08-15T02:54:28+0000;
553;13;1;1630880890560912_1070439321943653;data;data.*;fetched (200);2025-08-18 14:45:03.860927;Facebook:/<page-id>/posts;HOMICIDIO EN EL CENTRO DE ARICA 🚨🔪  Esta madrugada, en calle Maipú, se produjo un incidente fatal. La víctima fue atacada con un arma cortopunzante, perdiendo la vida.   Fiscalía de Arica investiga el homicidio de un hombre chileno de 47 años.   Información preliminar. #Homicidio #Arica #Fiscalía #Víctima #Arma;2025-08-13T11:29:32+0000;2025-08-16T02:17:09+0000;
554;13;1;1630880890560912_1070389375281981;data;data.*;fetched (200);2025-08-18 14:45:03.860927;Facebook:/<page-id>/posts;#Ahora, siendo las 5:56 am, acaba de verse en Arica algo cayendo desde los cielos. Puede ser basura espacial o quizás otro fenómeno.;2025-08-13T09:57:56+0000;2025-08-18T09:47:53+0000;
555;13;1;1630880890560912_1069933265327592;data;data.*;fetched (200);2025-08-18 14:45:03.860927;Facebook:/<page-id>/posts;Este SABADO se vive el 𝗣𝗥𝗜𝗠𝗘𝗥 𝗙𝗘𝗦𝗧𝗜𝗩𝗔𝗟 𝗢𝗟𝗗𝗦𝗖𝗛𝗢𝗢𝗟 𝗲𝗻 𝗔𝗿𝗶𝗰𝗮 🤘 Show estelar desde PUERTO RICO 🇵🇷 𝗝𝗸𝗶𝗻𝗴 𝗬 𝗠𝗮𝘅𝗶𝗺𝗮𝗻 🇵🇷  Asegura tus entradas vía WhatsApp al +569 73636794  🎟️ 𝑼𝑳𝑻𝑰𝑴𝑨𝑺 24 𝑬𝑵𝑻𝑹𝑨𝑫𝑨𝑺 𝑫𝑬 $10.000 𝑫𝑰𝑺𝑷𝑶𝑵𝑰𝑩𝑳𝑬𝑺 🎟️ ❌ Entradas 2x1 & de $8.000 𝗔 𝗚 𝗢 𝗧 𝗔 𝗗 𝗢 𝗦 ❌;2025-08-12T18:27:06+0000;2025-08-15T15:12:40+0000;
556;13;1;1630880890560912_1069680398686212;data;data.*;fetched (200);2025-08-18 14:45:03.860927;Facebook:/<page-id>/posts;Este Sábado  🪩 𝗙𝗜𝗘𝗕𝗥𝗘 𝗗𝗘 𝗦𝗔́𝗕𝗔𝗗𝗢 𝗣𝗢𝗥 𝗟𝗔 𝗡𝗢𝗖𝗛𝗘 ❞𝗟𝗮 𝗙𝗶𝗲𝘀𝘁𝗮❞  🪩   Una fiesta con temática y EXCLUSIVA para la gente de los 80 y 90s para que disfruten una noche mágica llena de recuerdos en 𝗖𝗟𝗨𝗕 𝗢𝗭 (𝗘𝘅 𝗖𝗮𝗽𝗶𝘁𝗮́𝗻 𝗗𝗿𝗮𝗸𝗲)  𝗥𝗲𝘀𝗲𝗿𝘃𝗮 𝘁𝘂 𝗺𝗲𝘀𝗮 𝗚𝗥𝗔𝗧𝗜𝗦 vía WhatsApp al +569 73636794 𝑪𝒖𝒑𝒐𝒔 𝒍𝒊𝒎𝒊𝒕𝒂𝒅𝒐𝒔 • 𝑨𝒑𝒆𝒓𝒕𝒖𝒓𝒂 𝒅𝒆𝒔𝒅𝒆 𝒍𝒂𝒔 23:00 𝑯𝒓𝒔  📍 Club OZ (Buenos Aires #221 • Playa CHINCHORRO) Ex Capitán Drake;2025-08-12T11:53:11+0000;2025-08-14T03:38:04+0000;
557;13;1;1630880890560912_1069661178688134;data;data.*;fetched (200);2025-08-18 14:45:03.860927;Facebook:/<page-id>/posts;#ARICA ⚠️ Fiscal Paulina Brito dirige el trabajo del equipo ECOH Fiscalia Arica, en la investigación por el hallazgo del cuerpo sin vida de un hombre en la ruta A210,  sector Humedal. Víctima no ha sido identificada y presenta impacto balístico. En el lugar trabajan detectives de la PDI.;2025-08-12T11:22:50+0000;2025-08-12T11:22:50+0000;
558;13;1;1630880890560912_1069222095398709;data;data.*;fetched (200);2025-08-18 14:45:03.860927;Facebook:/<page-id>/posts;Utilidad pública :      En horas de la mañana en el sector de calle Bariloche  población pampa nueva  fue sustraído  vehículo  de las siguientes características:  Marca  : Mazda  Modelo  : demio    Color    : blanco     PPU    : TGSy61.    cualquier información     llamar al número. +56926397083.;2025-08-11T20:58:21+0000;2025-08-12T04:10:24+0000;
559;13;1;1630880890560912_1069022102085375;data;data.*;fetched (200);2025-08-18 14:45:03.860927;Facebook:/<page-id>/posts;Este Sábado 🇵🇷 𝗢𝗟𝗗𝗦𝗖𝗛𝗢𝗢𝗟 𝗙𝗲𝘀𝘁𝗶𝘃𝗮𝗹 𝗲𝗻 𝗔𝗿𝗶𝗰𝗮 🇵🇷 𝗝 𝗞𝗶𝗻𝗴 & 𝗠𝗮𝘅𝗶𝗺𝗮𝗻 en Mojito Arica   Entradas 𝗖𝗔𝗦𝗜 𝗔𝗚𝗢𝗧𝗔𝗗𝗔𝗦 🤘 Últimas 50 entradas a $10.000 🫢  Asegura tus entradas vía WhatsApp al 📱+ 𝟱𝟲𝟵 𝟳𝟯𝟲𝟯𝟲𝟳𝟵𝟰;2025-08-11T15:04:40+0000;2025-08-11T16:21:50+0000;
560;13;1;AricaCulturaNoticias;offcut;;fetched (200);2025-08-18 14:45:03.860927;Facebook:/<page-id>/posts;;;;
14;None;0;admCEA20;seed;;;None;None;;;;
561;14;1;1680754435484834_1301110451384413;data;data.*;fetched (200);2025-08-18 14:45:05.387064;Facebook:/<page-id>/posts;SE INFORMA:  SI VA A POCONCHILE AL FESTIVAL DEL CHOCLO VAYA CON TODOS SUS PAPELES AL DIA, SIN TRAGO . FUERTE CONTROL POLICIAL DE SALUD MINISTERIO TRANSPORTE. A PASARLO BIEN.;2025-08-15T22:56:49+0000;2025-08-17T15:48:09+0000;
562;14;1;1680754435484834_1299626294866162;data;data.*;fetched (200);2025-08-18 14:45:05.387064;Facebook:/<page-id>/posts;Emergencia  10-0 fuego estructural en el pedregal con las Garzas Bomberos en el lugar de la emergencia  Noticia en desarrollo...;2025-08-14T04:37:47+0000;2025-08-15T01:20:05+0000;
563;14;1;admCEA20;offcut;;fetched (200);2025-08-18 14:45:05.387064;Facebook:/<page-id>/posts;;;;
15;None;0;AricaNorteNoticias;seed;;;None;None;;;;
564;15;1;AricaNorteNoticias;empty;;error (400);2025-08-18 14:45:05.979416;Facebook:/<page-id>/posts;;;;
565;15;1;AricaNorteNoticias;offcut;;error (400);2025-08-18 14:45:05.979416;Facebook:/<page-id>/posts;;;;Unsupported get request. Object with ID 'AricaNorteNoticias' does not exist, cannot be loaded due to missing permissions, or does not support this operation. Please read the Graph API documentation at https://developers.facebook.com/docs/graph-api
16;None;0;aricaesnoticia;seed;;;None;None;;;;
566;16;1;1604433656448043_1353609503437099;data;data.*;fetched (200);2025-08-18 14:45:06.396057;Facebook:/<page-id>/posts;Se reporta sismo magnitud 4.0 con epicentro en Putre;2025-08-15T20:32:51+0000;2025-08-16T15:42:27+0000;
567;16;1;1604433656448043_1353491160115600;data;data.*;fetched (200);2025-08-18 14:45:06.396057;Facebook:/<page-id>/posts;"BALLET FOLCLÓRICO ARIQUEÑO TUSUY REALIZÓ EXITOSA GIRA POR CERDEÑA ITALIA  Durante julio, el Ballet Folclórico Tusuy de Arica realizó una gira por la isla de Cerdeña, Italia, dentro del circuito CIOFF, avalado por la UNESCO y considerado uno de los escenarios más importantes para la proyección del folclor a nivel mundial, como los 40 años del Festival de Sciampitta e Ittiri Folk Festa. La misión fue clara: consolidar a Arica en la cartelera internacional.  La gira recorrió varias localidades, vigorizando el puente cultural entre los países invitados y recordando la grandeza de la región sin cambiar su esencia. El público presente fue un actor relevante; tal fue su entusiasmo que participó activamente, aplaudiendo y bailando principalmente canciones de la Zona Norte, como la Tarkeada, dejando sonrisas y lazos imborrables en el corazón de Italia.  Tusuy    Fundado en 2020, el Ballet Tusuy nace como una propuesta independiente que decide apostar por una visión, lo más fiel posible, al folclore chileno y latinoamericano. Forma parte del Consejo Internacional de Organizaciones de Festivales de Folklore y Artes Populares Chile (Cioff) perteneciente a la Unesco, desde su formación. Tusuy está integrado por un equipo mayoritariamente compuesto por estudiantes universitarios, docentes de la educación y profesionales diversos. Para conocer más de la agrupación, seguir las redes sociales, @ballet_tusuy en Instagram y Ballet Folclorico Tusuy en Facebook";2025-08-15T17:20:43+0000;2025-08-17T23:56:22+0000;
568;16;1;1604433656448043_1352726423525407;data;data.*;fetched (200);2025-08-18 14:45:06.396057;Facebook:/<page-id>/posts;ATENCION ARICA  VIERNES 15 DE AGOSTO 21 HRS HOTEL ANTAY  Lucybell se despide de los escenarios con su último show del Tour “Ecos”  Los indiscutidos referentes del rock chileno, dirán adiós a los escenarios y a su público de manera indefinida con un show que promete ser inolvidable 🎸  https://ticketplus.cl/events/lucybell-ecos-tour-final-Hotel-antay-Arica-1;2025-08-14T22:07:42+0000;2025-08-14T22:07:42+0000;
569;16;1;1604433656448043_1352613133536736;data;data.*;fetched (200);2025-08-18 14:45:06.396057;Facebook:/<page-id>/posts;⚽✨ ¡Vuelve la magia del fútbol al Carlos Dittborn! ✨⚽  Este sábado 16 de agosto a las 17:00 hrs., el histórico grupo de ex Deportes Arica se enfrentará al equipo MZ de Santiago, integrado por talentosos jugadores de distintas profesiones y dirigidos nada menos que por Eduardo Lobos, ex San Marcos, Colo-Colo y Selección Chilena. 🔥🇨🇱  📍 Desde las 16:00 hrs., te esperamos para vivir una jornada deportiva ¡GRATUITA! 🙌 (Ingreso por sector Tribuna Pacífico).  🍹☕ Disfruta el partido con bebidas, café, té y ricos comestibles a la venta dentro del estadio.  💙 Un evento con el apoyo de la Municipalidad de Arica y la Corporación Costa Chinchorro para toda la familia ariqueña. ¡No te quedes fuera y ven a alentar! 💪🔵⚪  #ExDeportesArica #MzFut #CostaChinchorro #MuniArica;2025-08-14T19:05:48+0000;2025-08-14T19:05:48+0000;
570;16;1;1604433656448043_1352424600222256;data;data.*;fetched (200);2025-08-18 14:45:06.396057;Facebook:/<page-id>/posts;;2025-08-14T14:58:35+0000;2025-08-14T17:50:43+0000;
571;16;1;1604433656448043_1352422110222505;data;data.*;fetched (200);2025-08-18 14:45:06.396057;Facebook:/<page-id>/posts;Más de 60 mil estudiantes participaron en simulacro de sismo-tsunami para el sector educación de Arica y Parinacota  Se trata del simulacro N°11 del programa Chile Preparado. Participaron 159 establecimientos educacionales de nivel parvulario, escolar y superior  El miércoles se llevó a cabo el Simulacro de Sismo y Tsunami para el sector educación de Arica y Parinacota, instancia que tuvo por objetivo poner a prueba y entrenar el proceso de evacuación de todos los establecimientos educacionales en caso de una emergencia con estas características.;2025-08-14T14:56:25+0000;2025-08-14T14:56:25+0000;
572;16;1;1604433656448043_1352381046893278;data;data.*;fetched (200);2025-08-18 14:45:06.396057;Facebook:/<page-id>/posts;;2025-08-14T14:02:05+0000;2025-08-15T23:09:07+0000;
573;16;1;1604433656448043_1352359226895460;data;data.*;fetched (200);2025-08-18 14:45:06.396057;Facebook:/<page-id>/posts;DETIENEN A PRESUNTO AUTOR DE HOMICIDIO EN EL CENTRO DE ARICA   Trabajo investigativo de Brigada de Homicidios, en coordinación con @Fiscalia_Arica, permitió la captura de un imputado venezolano de 31 años, por el delito flagrante de homicidio con arma cortopunzante, hecho ocurrido la madrugada del miércoles en calle Maipú de #Arica;2025-08-14T13:40:29+0000;2025-08-16T20:06:57+0000;
574;16;1;1604433656448043_1351839910280725;data;data.*;fetched (200);2025-08-18 14:45:06.396057;Facebook:/<page-id>/posts;🌟CUMBION OLD SCHOOL🌟 🗓 VIERNES 05 DE SEPTIEMBRE 2025 🕙 Desde las 21:00Hrs. 📍Centro de eventos Centro de eventos Zonna Discotheque ___________________ Todos los recuerdos con el Grupo que esta de Moda RA & KWEA en la voz del inconfundible @Romualdo S Acevedo Linares OSITO ___________________ Desde Peru 🇵🇪, Los regalones de los Ariqueños, con sus cumbias de ayer, hoy y siempre, Los Maravillosos de Jose Villanueva ___________________ Desde Argentina 🇦🇷 Llega el color de tu Corazon, con la cumbia romantica que enamoro y sigue enamorando, Javito y su  Grupo Red❤ ___________________ Desde la capital de nuestro pais 🇨🇱, llega el Grupo ✨HISTORICOS✨ De la onda sound y movida Tropical Chilena. se juntan unas de las voces mas iconicas de nuestro pais. ▪︎ PASCUAL RAMIREZ (Ex voz, Alegria , Fantasia ) ▪︎ PIPO OLMOS (ex voz, Amerikan y Tropikal Sound) ▪︎ CLAUDIO NUÑEZ & ARIEL NUÑEZ (ex voz, La Nueva Sensacion Tropical) ▪︎ DANIEL BETANCOUR (ex voz, La Gran Magia Tropical) Juntos en un gran show recordando todos los exitos de la onda sound y movida tropical chilena. https://www.youtube.com/watch?v=sZN17Is2wOU ____________________ ✅ VALORES: PREVENTA $10.000 🔥HASTA AGOTAR STOCK🔥 Valor puerta de las 21:00 hrs hasta las 22:00 hrs $15.000  Valor puerta de las 22:00 hrs en adelante $20.000 — — — — — — — — ▪︎MESAS VIP (para 4 personas) Frente al escenario informacion al ￼⁨9 6595 6385⁩ ____________________ ✅ PUNTOS DE VENTA: Botilleria Liquidos kukuli 📍 AV. CANCHA RAYADA #3910 📍 AV. TAMBO QUEMADO 3773 Venta solo con transferencia o efectivo ____________________ Compra Con tarjeta de credito / debito en : https://ticketplus.cl/events/cumbion-old-school — — — — — — — — ▪︎Evento para mayores de 18 años.;2025-08-14T00:31:55+0000;2025-08-14T00:31:55+0000;
575;16;1;1604433656448043_1351839356947447;data;data.*;fetched (200);2025-08-18 14:45:06.396057;Facebook:/<page-id>/posts;CLUB ROSA ESTHER YA VIAJA RUMBO A COPIAPO PARA EL NACIONAL POST 35  Desde esta tribuna enviamos nuestro apoyo a todo el plantel de Rosa Esther, quienes nos representarán en el Nacional post 35 a realizarse en Copiapo.;2025-08-14T00:30:51+0000;2025-08-15T16:41:42+0000;
576;16;1;1604433656448043_1351822090282507;data;data.*;fetched (200);2025-08-18 14:45:06.396057;Facebook:/<page-id>/posts;"""Tenemos el sentimiento de comunicar el sensible fallecimiento de la señora Mercedes del Carmen Pineda Wilkinson,""Mechita"", esposa y compañera del destacado comediante nacional Daniel Vilchez.  Sus restos están siendo velados en la Iglesia Sagrado Corazón. Mañana, jueves 14 de agosto a las 2 pm, se oficiará una misa en su honor. Rogamos a quienes la conocieron que acompañen a la familia en este momento de dolor.";2025-08-13T23:57:48+0000;2025-08-15T20:27:29+0000;
577;16;1;1604433656448043_1351740003624049;data;data.*;fetched (200);2025-08-18 14:45:06.396057;Facebook:/<page-id>/posts;CFT INACAP reafirma su liderazgo y es acreditado en nivel máximo de excelencia por 7 años Con presencia en las 30 sedes que cubren todas las regiones de Chile, el CFT INACAP fue reconocido por la Comisión Nacional de Acreditación (CNA-Chile) con la acreditación máxima, vigente hasta 2032: nivel de excelencia y 7 años. Así, INACAP se posiciona como la única institución en Chile que cuenta con su IP y CFT acreditados en el nivel más alto.   El Centro de Formación Técnica (CFT) INACAP fue reconocido por la Comisión Nacional de Acreditación (CNA-Chile) en el nivel máximo de excelencia en las áreas obligatorias de Docencia y Resultados del Proceso de Formación, Gestión Estratégica y Recursos Institucionales, Aseguramiento Interno de la Calidad y Vinculación con el Medio, y, además, en el área electiva de Investigación, Creación y/o Innovación, debiendo someterse a un nuevo proceso de acreditación en el plazo de 7 años. Dicha acreditación rige a partir de hoy 13 de agosto de 2025. Con este logro, tanto el CFT INACAP como el Instituto Profesional INACAP, alcanzan el reconocimiento máximo de calidad, consolidando su liderazgo y calidad en la Educación Técnico-Profesional en Chile.   El rector de INACAP, Lucas Palacios, señaló: “Este reconocimiento refleja el compromiso, esfuerzo y vocación de excelencia de toda nuestra comunidad educativa. Nos enorgullece reafirmar que, en cada una de nuestras sedes a lo largo del país, ofrecemos a nuestros estudiantes una formación pertinente y de calidad que transforma vidas, generando una significativa movilidad social, aportando a la descentralización productiva y desarrollo de cada una de las regiones de Chile. El desafío ahora es seguir mejorando, innovando y honrando la confianza que miles de familias depositan en nosotros. El futuro es técnico profesional”.   Con 30 sedes en todas las regiones y más de 112 mil estudiantes matriculados, INACAP, con su CFT e IP, es hoy la institución de educación superior más grande de Chile, y un referente en la formación de personas, técnicos y profesionales altamente calificados.;2025-08-13T21:14:45+0000;2025-08-13T21:34:33+0000;
578;16;1;1604433656448043_1351609116970471;data;data.*;fetched (200);2025-08-18 14:45:06.396057;Facebook:/<page-id>/posts;Lucybell se despide de los escenarios con su último show del Tour “Ecos”  Los indiscutidos referentes del rock chileno, dirán adiós a los escenarios y a su público de manera indefinida con un show que promete ser inolvidable 🎸  https://ticketplus.cl/events/lucybell-ecos-tour-final-Hotel-antay-Arica-1;2025-08-13T17:37:58+0000;2025-08-13T17:37:58+0000;
579;16;1;1604433656448043_1351465026984880;data;data.*;fetched (200);2025-08-18 14:45:06.396057;Facebook:/<page-id>/posts;;2025-08-13T14:26:30+0000;2025-08-14T18:31:25+0000;
580;16;1;1604433656448043_1351462650318451;data;data.*;fetched (200);2025-08-18 14:45:06.396057;Facebook:/<page-id>/posts;;2025-08-13T14:23:41+0000;2025-08-13T14:23:41+0000;
581;16;1;1604433656448043_1351338470330869;data;data.*;fetched (200);2025-08-18 14:45:06.396057;Facebook:/<page-id>/posts;AHORA | Detectives de la Brigada de Homicidios y peritos del Laboratorio de Criminalística, por instrucción de @Fiscalia_Arica, investigan el homicidio con arma cortopunzante de un hombre chileno de 47 años, hecho ocurrido durante la madrugada en calle Maipú;2025-08-13T11:28:31+0000;2025-08-17T04:13:41+0000;
582;16;1;1604433656448043_1351099437021439;data;data.*;fetched (200);2025-08-18 14:45:06.396057;Facebook:/<page-id>/posts;🌟CUMBION OLD SCHOOL🌟 🗓 VIERNES 05 DE SEPTIEMBRE 2025 🕙 Desde las 21:00Hrs. 📍Centro de eventos Centro de eventos Zonna Discotheque ___________________ Todos los recuerdos con el Grupo que esta de Moda RA & KWEA en la voz del inconfundible @Romualdo S Acevedo Linares OSITO ___________________ Desde Peru 🇵🇪, Los regalones de los Ariqueños, con sus cumbias de ayer, hoy y siempre, Los Maravillosos de Jose Villanueva ___________________ Desde Argentina 🇦🇷 Llega el color de tu Corazon, con la cumbia romantica que enamoro y sigue enamorando, Javito y su  Grupo Red❤ ___________________ Desde la capital de nuestro pais 🇨🇱, llega el Grupo ✨HISTORICOS✨ De la onda sound y movida Tropical Chilena. se juntan unas de las voces mas iconicas de nuestro pais. ▪︎ PASCUAL RAMIREZ (Ex voz, Alegria , Fantasia ) ▪︎ PIPO OLMOS (ex voz, Amerikan y Tropikal Sound) ▪︎ CLAUDIO NUÑEZ & ARIEL NUÑEZ (ex voz, La Nueva Sensacion Tropical) ▪︎ DANIEL BETANCOUR (ex voz, La Gran Magia Tropical) Juntos en un gran show recordando todos los exitos de la onda sound y movida tropical chilena. https://www.youtube.com/watch?v=sZN17Is2wOU ____________________ ✅ VALORES: PREVENTA $10.000 🔥HASTA AGOTAR STOCK🔥 Valor puerta de las 21:00 hrs hasta las 22:00 hrs $15.000  Valor puerta de las 22:00 hrs en adelante $20.000 — — — — — — — — ▪︎MESAS VIP (para 4 personas) Frente al escenario informacion al ￼⁨9 6595 6385⁩ ____________________ ✅ PUNTOS DE VENTA: Botilleria Liquidos kukuli 📍 AV. CANCHA RAYADA #3910 📍 AV. TAMBO QUEMADO 3773 Venta solo con transferencia o efectivo ____________________ Compra Con tarjeta de credito / debito en : https://ticketplus.cl/events/cumbion-old-school — — — — — — — — ▪︎Evento para mayores de 18 años.;2025-08-13T04:54:42+0000;2025-08-13T04:54:42+0000;
583;16;1;1604433656448043_1350571007074282;data;data.*;fetched (200);2025-08-18 14:45:06.396057;Facebook:/<page-id>/posts;PDI y Fiscalía de Arica investigan homicidio con arma de fuego en sector Humedal del Río Lluta  Detectives de la Brigada de Homicidios y peritos del Laboratorio de Criminalística de la PDI Arica, en coordinación con el Equipo Contra el Crimen Organizado y Homicidios de la Fiscalía de Arica, investigan el homicidio con arma de fuego de una víctima masculina de aproximadamente 25 años, cuyo cuerpo fue encontrado en el sector del Humedal del Río Lluta;2025-08-12T14:08:43+0000;2025-08-12T14:08:43+0000;
584;16;1;1604433656448043_1350360257095357;data;data.*;fetched (200);2025-08-18 14:45:06.396057;Facebook:/<page-id>/posts;INVESTIGAN HOMICIDIO DE HOMBRE EN SECTOR HUMEDAL  Fiscal Paulina Brito dirige el trabajo del equipo ECOH @Fiscalia_Arica, en la investigación por el hallazgo del cuerpo sin vida de un hombre en la ruta A210,  sector Humedal. Víctima no ha sido identificada y presenta impacto balístico. En el lugar trabajan detectives de la PDI.;2025-08-12T09:22:06+0000;2025-08-17T01:26:17+0000;
585;16;1;1604433656448043_1349691670495549;data;data.*;fetched (200);2025-08-18 14:45:06.396057;Facebook:/<page-id>/posts;Felicitamos al ballet @bafoap_  por su tremenda participación en Italia 🇮🇹, llevando toda la presentación de la cultura chinchorro a Europa. Que sigan las grandes presentaciones y llevando bien el nombre de nuestra región y el país 🇨🇱 🕺 💃;2025-08-11T14:54:18+0000;2025-08-16T22:56:41+0000;
586;16;1;aricaesnoticia;offcut;;fetched (200);2025-08-18 14:45:06.396057;Facebook:/<page-id>/posts;;;;
17;None;0;pinguinomultimedia;seed;;;None;None;;;;
587;17;1;104783886225992_1245097530980086;data;data.*;fetched (200);2025-08-18 14:45:07.178452;Facebook:/<page-id>/posts;PROGRAMA ESPECIAL DE PASIÓN DEPORTIVA CON TODOS LOS PORMENORES DEL GHP 2025;2025-08-16T23:05:07+0000;2025-08-16T23:05:07+0000;
588;17;1;104783886225992_1245096720980167;data;data.*;fetched (200);2025-08-18 14:45:07.178452;Facebook:/<page-id>/posts;🐾✨ ¡Michi Fest 2025 llegó a Punta Arenas! La fiesta felina más grande de la Patagonia reunió a amantes de los gatos en la primera jornada llena de ternura, concursos, adopciones y ronroneos. Michis de todos los colores y personalidades se tomaron el corazón de la ciudad 🐱💛  📍❤️Este domingo continúa Michi Fest desde las 13:00 a 19:00 horas en el Insuco.  📸 Créditos fotos: @wuaufquefoto #MichiFest2025 #PuntaArenas #FiestaFelina #PatagoniaMiau #Wuaufquefoto;2025-08-16T23:04:02+0000;2025-08-18T03:12:40+0000;
589;17;1;104783886225992_1245069904316182;data;data.*;fetched (200);2025-08-18 14:45:07.178452;Facebook:/<page-id>/posts;Información importante complejo Fronterizo San Sebastian.;2025-08-16T22:05:50+0000;2025-08-16T22:05:50+0000;
590;17;1;104783886225992_1245052117651294;data;data.*;fetched (200);2025-08-18 14:45:07.178452;Facebook:/<page-id>/posts;Comunicado oficial sobre cancelación GPH 2025. Toda la información hoy 21.00 hrs. en la Televisión Pública Fueguina, 95.3 Fm Pingüino Radio, Fb El Pingüino en Vivo, Patagonia Racing y Canal 4.2 El Pinguino en señal abierta.;2025-08-16T21:26:18+0000;2025-08-16T22:27:30+0000;
591;17;1;104783886225992_1244989354324237;data;data.*;fetched (200);2025-08-18 14:45:07.178452;Facebook:/<page-id>/posts;✨ ¡Éxito total en el IV Campeonato Municipal de Gimnasia Artística! Este fin de semana vivimos dos jornadas llenas de talento, energía y emoción en el gimnasio de la Universidad de Magallanes. Más de 150 gimnastas locales brillaron ante un público que repletó las graderías y vibró con cada rutina. Gracias a todos quienes hicieron posible este evento que ya se consolida como uno de los más esperados del año en Punta Arenas. ¡Vamos por más! 💪🤸‍♀️ #GimnasiaArtística #Fundepuq #PuntaArenas #DeporteLocal #TalentoMagallánico;2025-08-16T19:21:05+0000;2025-08-16T21:59:12+0000;
592;17;1;104783886225992_1244893577667148;data;data.*;fetched (200);2025-08-18 14:45:07.178452;Facebook:/<page-id>/posts;Móvil en vivo desde Sánchez & Sánchez. Ubicado En Zona Franca, Visítenos en www.sanchezonline.cl. Matinal Nuestra Mañana en Pingüino Multimedia;2025-08-16T17:00:53+0000;2025-08-16T17:00:53+0000;
593;17;1;104783886225992_1244886671001172;data;data.*;fetched (200);2025-08-18 14:45:07.178452;Facebook:/<page-id>/posts;Móvil desde Liquidadora Recicla, ubicada en Chiloé 1359 entre Balmaceda e Independencia. Nuestra Mañana en Pingüino Multimedia;2025-08-16T16:47:19+0000;2025-08-16T16:55:35+0000;
594;17;1;104783886225992_663395906838040;data;data.*;fetched (200);2025-08-18 14:45:07.178452;Facebook:/<page-id>/posts;Café Regional en Pinguino Multimedia 16-08-2025;2025-08-16T16:41:14+0000;2025-08-18T02:52:07+0000;
595;17;1;104783886225992_1244883591001480;data;data.*;fetched (200);2025-08-18 14:45:07.178452;Facebook:/<page-id>/posts;Distribuidora Babaic. Arauco 769 / www.babaic.cl /Contáctenos Al +56 61 2241093. Matinal Nuestra Mañana en Pinguino Multimedia;2025-08-16T16:37:36+0000;2025-08-16T16:37:36+0000;
596;17;1;104783886225992_1152191426751138;data;data.*;fetched (200);2025-08-18 14:45:07.178452;Facebook:/<page-id>/posts;Noticias Edición Mediodia en Pinguino Multimedia 16-08-2025;2025-08-16T16:10:09+0000;2025-08-16T16:16:57+0000;
597;17;1;104783886225992_1457222798654769;data;data.*;fetched (200);2025-08-18 14:45:07.178452;Facebook:/<page-id>/posts;1RA. ETAPA GPH 2025-TV PUBLICA FUEGUINA-PATAGONIA RACING-PINGUINO RADIO;2025-08-16T14:46:09+0000;2025-08-17T02:35:37+0000;
598;17;1;104783886225992_1244700507686455;data;data.*;fetched (200);2025-08-18 14:45:07.178452;Facebook:/<page-id>/posts;🏁 Primera Etapa GPH 2025;2025-08-16T12:11:42+0000;2025-08-16T18:42:47+0000;
599;17;1;104783886225992_1963313154521561;data;data.*;fetched (200);2025-08-18 14:45:07.178452;Facebook:/<page-id>/posts;1RA. ETAPA GPH 2025-TV PUBLICA FUEGUINA-PATAGONIA RACING-PINGUINO RADIO;2025-08-16T12:08:02+0000;2025-08-16T14:14:51+0000;
600;17;1;104783886225992_1122910576368310;data;data.*;fetched (200);2025-08-18 14:45:07.178452;Facebook:/<page-id>/posts;Noticias Edición AM en Pinguino Multimedia 16-08-2025;2025-08-16T11:05:11+0000;2025-08-16T22:55:29+0000;
601;17;1;104783886225992_1244564521033387;data;data.*;fetched (200);2025-08-18 14:45:07.178452;Facebook:/<page-id>/posts;🗞️ Portada de hoy sábado, 16 de agosto de 2025 ¡Pingüino Multimedia! El informativo de la Patagonia, Canal 30 de TvRed, canal 4.1 y 4.2 en televisión digital, plataformas de Claro y Movistar, 95.3 Fm https://elpinguino.com #puntaarenas #magallanes #puertonatales #porvenir #puertowilliams #diarioelpinguino;2025-08-16T08:59:20+0000;2025-08-18T00:55:34+0000;
602;17;1;104783886225992_783613184613566;data;data.*;fetched (200);2025-08-18 14:45:07.178452;Facebook:/<page-id>/posts;Transmisión en directo;2025-08-16T01:22:17+0000;2025-08-16T03:49:24+0000;
603;17;1;104783886225992_740822502053830;data;data.*;fetched (200);2025-08-18 14:45:07.178452;Facebook:/<page-id>/posts;🔴 Transmisión en directo: rescate de persona.   NOTICIA EN DESARROLLO;2025-08-15T22:33:34+0000;2025-08-17T00:39:58+0000;
604;17;1;104783886225992_1244006461089193;data;data.*;fetched (200);2025-08-18 14:45:07.178452;Facebook:/<page-id>/posts;Choferes detenidos manejando bajo los efectos del alcohol: Uno de los conductores transitaba con pasajeros. El otro manejaba un taxi básico. #puq #PuntaArenas #Magallanes;2025-08-15T17:04:13+0000;2025-08-15T22:36:30+0000;
605;17;1;104783886225992_1243997277756778;data;data.*;fetched (200);2025-08-18 14:45:07.178452;Facebook:/<page-id>/posts;Asistentes de la Educación llaman a mejorar la convivencia escolar en Magallanes: Sindicato emplazó a colaborar al Mineduc, equipos directivos, autoridades a “mejorar entre todos” un escenario cada día más complejo. #puq #PuntaArenas #Magallanes;2025-08-15T16:55:15+0000;2025-08-16T18:31:38+0000;
606;17;1;104783886225992_1243993084423864;data;data.*;fetched (200);2025-08-18 14:45:07.178452;Facebook:/<page-id>/posts;Alumnos celebraron 210 años del natalicio de Juan Bosco: Estudiantes de los cuatro colegios salesianos se reunieron para participar de la tradicional misa conmemorativa. #puq #PuntaArenas #Magallanes;2025-08-15T16:50:14+0000;2025-08-15T16:50:14+0000;
607;17;1;104783886225992_1243990534424119;data;data.*;fetched (200);2025-08-18 14:45:07.178452;Facebook:/<page-id>/posts;Formalizan a sujeto por abigeato y faenamiento clandestino en Porvenir: Fermín Soto Álvarez había contactado a otro individuo para faenar 15 corderos al interior de una estancia. #puq #PuntaArenas #Magallanes;2025-08-15T16:46:14+0000;2025-08-16T14:48:54+0000;
608;17;1;104783886225992_1243974924425680;data;data.*;fetched (200);2025-08-18 14:45:07.178452;Facebook:/<page-id>/posts;Tras violento asalto: sujetos pasaran 15 y 13 años en la cárcel: Los sujetos atacaron violentamente a su víctima, en diciembre del año pasado en el sector de Leñadura. #puq #PuntaArenas #Magallanes;2025-08-15T16:23:14+0000;2025-08-16T10:25:36+0000;
609;17;1;104783886225992_1243969041092935;data;data.*;fetched (200);2025-08-18 14:45:07.178452;Facebook:/<page-id>/posts;Estudiantes de Liceo Sara Braun continuarán prestando atención a pasajeros de Tabsa: Por cuarto año consecutivo, alumnos de la especialidad de Enfermería seguirán realizando mediciones preventivas de salud a quienes viajen en el Ferry Pathagon. #puq #PuntaArenas #Magallanes;2025-08-15T16:14:15+0000;2025-08-15T17:44:17+0000;
610;17;1;104783886225992_1243852621104577;data;data.*;fetched (200);2025-08-18 14:45:07.178452;Facebook:/<page-id>/posts;🤝Club de Leones Cruz del Sur anunció el lanzamiento oficial de las 38° Jornadas en la ciudad de Santiago, el próximo 21 de agosto a las 18:30 horas en el gimnasio Croata. El evento reunirá a magallánicos residentes en la Región Metropolitana y otras zonas del país, además de empresas invitadas que han mostrado interés en colaborar con la obra.  “Este grupo de magallánicos en Santiago ha ido creciendo, y ya llevamos tres o cuatro años trabajando con ellos. Hay un deseo inmenso de colaborar, incluso desde el extranjero. Nos llaman personas que ni conocemos, que quieren aportar porque saben que esta obra es para nuestra gente”, agregó Vásquez.  El lanzamiento en Santiago busca ampliar la red de apoyo y reafirmar que las Jornadas por la Rehabilitación en Magallanes son una causa que trasciende fronteras. La participación de empresas, voluntarios y magallánicos avecindados en otras regiones demuestra que el compromiso con la rehabilitación es compartido por toda la comunidad.;2025-08-15T13:24:12+0000;2025-08-15T18:14:06+0000;
611;17;1;104783886225992_1243661751123664;data;data.*;fetched (200);2025-08-18 14:45:07.178452;Facebook:/<page-id>/posts;🗞️ Portada de hoy viernes, 15 de agosto de 2025 ¡Pingüino Multimedia! El informativo de la Patagonia, Canal 30 de TvRed, canal 4.1 y 4.2 en televisión digital, plataformas de Claro y Movistar, 95.3 Fm https://elpinguino.com #puntaarenas #magallanes #puertonatales #porvenir #puertowilliams #diarioelpinguino;2025-08-15T08:59:34+0000;2025-08-16T10:31:48+0000;
612;17;1;104783886225992_1243213467835159;data;data.*;fetched (200);2025-08-18 14:45:07.178452;Facebook:/<page-id>/posts;🚨Joven herido tras recibir un disparo en su pierna🚨;2025-08-15T02:32:57+0000;2025-08-18T00:38:21+0000;
613;17;1;104783886225992_1106719104738060;data;data.*;fetched (200);2025-08-18 14:45:07.178452;Facebook:/<page-id>/posts;Transmisión en directo: joven herido tras recibir disparo en una de sus piernas;2025-08-15T02:24:44+0000;2025-08-16T17:08:32+0000;
614;17;1;104783886225992_1119819220090577;data;data.*;fetched (200);2025-08-18 14:45:07.178452;Facebook:/<page-id>/posts;NOTICIAS EDICIÓN CENTRAL EN PINGÚINO MULTIMEDIA 14-08-2025;2025-08-14T23:46:14+0000;2025-08-14T23:46:14+0000;
615;17;1;104783886225992_1243030964520076;data;data.*;fetched (200);2025-08-18 14:45:07.178452;Facebook:/<page-id>/posts;;2025-08-14T22:52:30+0000;2025-08-14T22:52:30+0000;
616;17;1;104783886225992_1243026141187225;data;data.*;fetched (200);2025-08-18 14:45:07.178452;Facebook:/<page-id>/posts;Transmisión desde la Rampa , Televisión Pública Fueguina, GPH 2025, Mañana 20.00 hrs, programa especial, Patagonia Racing, Pinguino Radio, NO FALTE!!!;2025-08-14T22:41:58+0000;2025-08-14T22:41:58+0000;
617;17;1;104783886225992_1243003014522871;data;data.*;fetched (200);2025-08-18 14:45:07.178452;Facebook:/<page-id>/posts;📍Feria Juventudes Emprendedoras: talento joven y creatividad se toman el Espacio Urbano Pionero.🫰;2025-08-14T22:08:01+0000;2025-08-15T00:04:52+0000;
618;17;1;104783886225992_1242993504523822;data;data.*;fetched (200);2025-08-18 14:45:07.178452;Facebook:/<page-id>/posts;ESPECIAL DE PRENSA CON EL MINISTRO DEL TRABAJO Y PREVISIÓN SOCIAL GIORGIO BOCCARDO BOSONI.;2025-08-14T21:48:53+0000;2025-08-14T21:48:53+0000;
619;17;1;104783886225992_1242965004526672;data;data.*;fetched (200);2025-08-18 14:45:07.178452;Facebook:/<page-id>/posts;;2025-08-14T20:56:52+0000;2025-08-14T20:56:52+0000;
620;17;1;104783886225992_1242934821196357;data;data.*;fetched (200);2025-08-18 14:45:07.178452;Facebook:/<page-id>/posts;;2025-08-14T19:57:36+0000;2025-08-14T19:57:36+0000;
621;17;1;104783886225992_1242906567865849;data;data.*;fetched (200);2025-08-18 14:45:07.178452;Facebook:/<page-id>/posts;Punta Arenas será sede del Circuito Nacional de Pádel Escolar UC: El certamen deportivo reunirá en Magallanes a los mejores jugadores de las categorías U15 y U18. #puq #PuntaArenas #Magallanes;2025-08-14T19:12:15+0000;2025-08-14T19:12:15+0000;
622;17;1;104783886225992_1242905061199333;data;data.*;fetched (200);2025-08-18 14:45:07.178452;Facebook:/<page-id>/posts;;2025-08-14T19:09:40+0000;2025-08-14T19:09:40+0000;
623;17;1;104783886225992_4086943914854683;data;data.*;fetched (200);2025-08-18 14:45:07.178452;Facebook:/<page-id>/posts;MOVIL EN VIVO DESDE CARNES EL ABASTO 🍖 🍖 📌Capitán Guillermos  esquina Zenteno;2025-08-14T18:26:31+0000;2025-08-14T18:37:20+0000;
624;17;1;104783886225992_1242855677870938;data;data.*;fetched (200);2025-08-18 14:45:07.178452;Facebook:/<page-id>/posts;Información del gobernador Flies desata controversia por trabajos en el Cecosf de Río Seco: Según reunión sostenida entre municipio, Seremi y Servicio de Salud #puq #PuntaArenas #Magallanes;2025-08-14T17:50:35+0000;2025-08-14T17:50:35+0000;
625;17;1;104783886225992_1280739319653595;data;data.*;fetched (200);2025-08-18 14:45:07.178452;Facebook:/<page-id>/posts;SOCIEDAD LIBRE en Pinguino Multimedia 14-08-2025;2025-08-14T17:04:36+0000;2025-08-14T18:58:47+0000;
626;17;1;104783886225992_1242806821209157;data;data.*;fetched (200);2025-08-18 14:45:07.178452;Facebook:/<page-id>/posts;Preocupa alza sostenida de circulación viral respiratoria en Magallanes: Veinte puntos porcentuales aumentó la positividad de virus de una semana a otra. #puq #PuntaArenas #Magallanes;2025-08-14T16:43:15+0000;2025-08-15T03:50:27+0000;
627;17;1;104783886225992_1242753177881188;data;data.*;fetched (200);2025-08-18 14:45:07.178452;Facebook:/<page-id>/posts;🟡 Hoy comienza oficialmente la Competencia de la 50 Edición del Gran Premio de La Hermandad.   ⏰17.30 horas se deben engrillar los autos para cumplir con lo estipulado en el reglamento. #GPH50E #GPH  Lugar: Parque de los 100 años Río Grande;2025-08-14T15:54:35+0000;2025-08-14T15:54:35+0000;
628;17;1;104783886225992_2387605301633251;data;data.*;fetched (200);2025-08-18 14:45:07.178452;Facebook:/<page-id>/posts;Móvil en vivo desde Minimarket Patricio Diaz. Arauco 1698 Esquina Bellavista, Tel: 612- 340601 / +569-58540034. Matinal Nuestra Mañana en Pinguino Multimedia 14-08-2025;2025-08-14T15:28:51+0000;2025-08-14T15:28:51+0000;
629;17;1;104783886225992_702379826155735;data;data.*;fetched (200);2025-08-18 14:45:07.178452;Facebook:/<page-id>/posts;Móvil en vivo desde Termo Austral Ventanas De Pvc. General Del Canto Esquina Circunvalación / Contacto: +569-82812334. Matinal Nuestra Mañana en Pinguino Multimedia 14-08-2025;2025-08-14T14:50:51+0000;2025-08-14T14:50:51+0000;
630;17;1;104783886225992_1242702224552950;data;data.*;fetched (200);2025-08-18 14:45:07.178452;Facebook:/<page-id>/posts;🟡Gran convocatoria marca inicio de inscripciones para talleres gratuitos de la Oficina de la Mujer ✨;2025-08-14T14:43:59+0000;2025-08-17T21:27:33+0000;
631;17;1;104783886225992_1242688251221014;data;data.*;fetched (200);2025-08-18 14:45:07.178452;Facebook:/<page-id>/posts;🔴 Ayer se realizó funeral.;2025-08-14T14:28:48+0000;2025-08-17T23:40:27+0000;
632;17;1;104783886225992_1242682907888215;data;data.*;fetched (200);2025-08-18 14:45:07.178452;Facebook:/<page-id>/posts;;2025-08-14T14:20:02+0000;2025-08-14T14:20:02+0000;
633;17;1;104783886225992_1242682067888299;data;data.*;fetched (200);2025-08-18 14:45:07.178452;Facebook:/<page-id>/posts;🔴 El operativo fue realizado por la Sección Centauro de la Prefectura de Carabineros, quienes los detectaron en medio de una fiscalización. Uno de los sujetos intentó huir a pie, siendo capturado en la Plaza Esmeralda.;2025-08-14T14:20:00+0000;2025-08-16T01:02:41+0000;
634;17;1;104783886225992_1242679554555217;data;data.*;fetched (200);2025-08-18 14:45:07.178452;Facebook:/<page-id>/posts;Sesionó por primera vez Consejo Superior de UMAG: Integrantes conocieron el reglamento interno, pero también pusieron el foco en la reestructuración institucional, de personal y financiera. #puq #PuntaArenas #Magallanes;2025-08-14T14:15:15+0000;2025-08-14T14:15:15+0000;
635;17;1;104783886225992_1242676254555547;data;data.*;fetched (200);2025-08-18 14:45:07.178452;Facebook:/<page-id>/posts;La Fundación Fide XII anuncia el fin de las operaciones de la residencia para adultos mayores, destacando la falta de recursos y el insuficiente apoyo estatal como las principales causas. La directora, Pamela Díaz, lamenta que la caridad ya no sea suficiente para sostener una labor de cuidado digno.;2025-08-14T14:10:50+0000;2025-08-15T02:44:11+0000;
636;17;1;104783886225992_1242673044555868;data;data.*;fetched (200);2025-08-18 14:45:07.178452;Facebook:/<page-id>/posts;Estudiantes protagonizaron nueva edición del “Hola Hola”: Los gimnasios de los cuatro colegios salesianos fueron sede para el desarrollo de actividades recreativas y lúdicas para sus estudiantes. #puq #PuntaArenas #Magallanes;2025-08-14T14:05:35+0000;2025-08-14T14:05:35+0000;
637;17;1;104783886225992_1242666664556506;data;data.*;fetched (200);2025-08-18 14:45:07.178452;Facebook:/<page-id>/posts;Con caravana el Jardín Infantil “Caperucita Roja” celebró sus 50 años: Desde el corazón de la población El Pingüino, este histórico y emblemático establecimiento sopló velitas por medio centenario. #puq #PuntaArenas #Magallanes;2025-08-14T13:56:35+0000;2025-08-14T22:19:11+0000;
638;17;1;104783886225992_1264400908208972;data;data.*;fetched (200);2025-08-18 14:45:07.178452;Facebook:/<page-id>/posts;Móvil en vivo desde Central Carnes. Zona Franca Horario: Lunes A Sábado De 10.00 A 20.00 Horas. Matinal Nuestra Mañana en Pinguino Multimedia 14-08-2025;2025-08-14T13:51:27+0000;2025-08-14T13:52:50+0000;
639;17;1;104783886225992_1242625187893987;data;data.*;fetched (200);2025-08-18 14:45:07.178452;Facebook:/<page-id>/posts;;2025-08-14T12:58:05+0000;2025-08-14T12:58:05+0000;
640;17;1;104783886225992_1242622407894265;data;data.*;fetched (200);2025-08-18 14:45:07.178452;Facebook:/<page-id>/posts;;2025-08-14T12:54:43+0000;2025-08-14T12:54:43+0000;
641;17;1;104783886225992_1242618467894659;data;data.*;fetched (200);2025-08-18 14:45:07.178452;Facebook:/<page-id>/posts;Listado de funcionarios que asistieron a casinos con licencia médica en manos de directora de Servicio de Salud: Son más de un centenar. #puq #PuntaArenas #Magallanes;2025-08-14T12:49:14+0000;2025-08-15T18:38:26+0000;
642;17;1;104783886225992_1242607141229125;data;data.*;fetched (200);2025-08-18 14:45:07.178452;Facebook:/<page-id>/posts;Un país sin niños: la alarma demográfica que Chile no puede ignorar: “La baja natalidad en Magallanes refleja una crisis con consecuencias demográficas y sociales alarmantes”. #puq #PuntaArenas #Magallanes;2025-08-14T12:37:07+0000;2025-08-14T12:37:07+0000;
643;17;1;104783886225992_1242606051229234;data;data.*;fetched (200);2025-08-18 14:45:07.178452;Facebook:/<page-id>/posts;Joven asesinado en el Barrio Prat fue sepultado en Colombia: PDI trabaja con equipo multidisciplinario para dar con el autor. #puq #PuntaArenas #Magallanes;2025-08-14T12:36:16+0000;2025-08-17T17:33:07+0000;
644;17;1;104783886225992_1242602287896277;data;data.*;fetched (200);2025-08-18 14:45:07.178452;Facebook:/<page-id>/posts;Familiares de hombre asesinado por su conviviente exigen justicia: Ayer se realizó funeral. #puq #PuntaArenas #Magallanes;2025-08-14T12:32:09+0000;2025-08-16T19:24:56+0000;
645;17;1;104783886225992_1242601544563018;data;data.*;fetched (200);2025-08-18 14:45:07.178452;Facebook:/<page-id>/posts;Tercer Tribunal Ambiental valida proyecto de ensanchamiento del Canal Kirke: Rechazaron dos reclamaciones. #puq #PuntaArenas #Magallanes;2025-08-14T12:31:08+0000;2025-08-14T12:31:08+0000;
646;17;1;104783886225992_1242507867905719;data;data.*;fetched (200);2025-08-18 14:45:07.178452;Facebook:/<page-id>/posts;El reconocido chef Kurt Schmidt aterriza en AIMA para una residencia culinaria única en Punta Arenas: El destacado chef liderará una serie de cenas junto al equipo de AIMA, encabezado por el chef residente Fabrizio Aciares. #puq #PuntaArenas #Magallanes;2025-08-14T10:52:06+0000;2025-08-14T10:52:06+0000;
647;17;1;104783886225992_1242409724582200;data;data.*;fetched (200);2025-08-18 14:45:07.178452;Facebook:/<page-id>/posts;Avance noticias;2025-08-14T09:43:40+0000;2025-08-14T09:43:40+0000;
648;17;1;104783886225992_1242132134609959;data;data.*;fetched (200);2025-08-18 14:45:07.178452;Facebook:/<page-id>/posts;;2025-08-14T02:01:19+0000;2025-08-14T02:01:19+0000;
649;17;1;104783886225992_1242103541279485;data;data.*;fetched (200);2025-08-18 14:45:07.178452;Facebook:/<page-id>/posts;Luz verde a proyecto que permitirá identificar a delincuentes “en viaje”: Alcalde Radonich celebra aprobación de la iniciativa que exige a aerolíneas entregar datos de pasajeros. #puq #PuntaArenas #Magallanes;2025-08-14T01:07:11+0000;2025-08-15T05:03:24+0000;
650;17;1;104783886225992_1242086671281172;data;data.*;fetched (200);2025-08-18 14:45:07.178452;Facebook:/<page-id>/posts;Concierto y obra gratuita: Este fin de semana. #puq #PuntaArenas #Magallanes;2025-08-14T00:35:36+0000;2025-08-14T00:35:36+0000;
651;17;1;104783886225992_1242070491282790;data;data.*;fetched (200);2025-08-18 14:45:07.178452;Facebook:/<page-id>/posts;Instituto Don Bosco celebró los 25 años de profesión religiosa de su director: Sacerdote Pedro Carrera Reyes. #puq #PuntaArenas #Magallanes;2025-08-14T00:08:34+0000;2025-08-14T03:03:21+0000;
652;17;1;104783886225992_1053412826775937;data;data.*;fetched (200);2025-08-18 14:45:07.178452;Facebook:/<page-id>/posts;NOTICIAS EDICIÓN CENTRAL EN PINGÜINO MULTIMEDIA 13-08-2025;2025-08-13T23:46:08+0000;2025-08-14T03:45:01+0000;
653;17;1;104783886225992_1242046511285188;data;data.*;fetched (200);2025-08-18 14:45:07.178452;Facebook:/<page-id>/posts;El deporte será protagonista de una gran fiesta para los niños y sus familias: En Punta Arenas. #puq #PuntaArenas #Magallanes;2025-08-13T23:23:35+0000;2025-08-13T23:23:35+0000;
654;17;1;104783886225992_1242038474619325;data;data.*;fetched (200);2025-08-18 14:45:07.178452;Facebook:/<page-id>/posts;Educación para escolares sobre ACV llega por cuarto año consecutivo: La iniciativa liderada por el neurólogo del Hospital Clínico Magallanes, doctor Javier Gaete, ha permitido que más de 600 personas en la región hayan recibido el mensaje. #puq #PuntaArenas #Magallanes;2025-08-13T23:06:15+0000;2025-08-13T23:06:15+0000;
655;17;1;104783886225992_1242035811286258;data;data.*;fetched (200);2025-08-18 14:45:07.178452;Facebook:/<page-id>/posts;;2025-08-13T23:01:06+0000;2025-08-13T23:01:06+0000;
656;17;1;104783886225992_1242020701287769;data;data.*;fetched (200);2025-08-18 14:45:07.178452;Facebook:/<page-id>/posts;Mineduc inició puesta en marcha de sistema de trayectorias educativas: Acompañamiento hasta el término de la escolaridad. #puq #PuntaArenas #Magallanes;2025-08-13T22:34:09+0000;2025-08-13T22:57:58+0000;
657;17;1;104783886225992_1241991037957402;data;data.*;fetched (200);2025-08-18 14:45:07.178452;Facebook:/<page-id>/posts;Magallanes reconoce a sus jóvenes líderes en el mes de las juventudes: Emotiva y alegre ceremonia. #puq #PuntaArenas #Magallanes;2025-08-13T21:36:13+0000;2025-08-13T21:41:35+0000;
658;17;1;104783886225992_1241985487957957;data;data.*;fetched (200);2025-08-18 14:45:07.178452;Facebook:/<page-id>/posts;;2025-08-13T21:24:40+0000;2025-08-13T21:24:40+0000;
659;17;1;104783886225992_1241957967960709;data;data.*;fetched (200);2025-08-18 14:45:07.178452;Facebook:/<page-id>/posts;Denuncia ciudadana obliga a Suseso entregar información de médicos que más emitieron licencias médicas: En últimos 3 años. #puq #PuntaArenas #Magallanes;2025-08-13T20:28:06+0000;2025-08-13T21:56:03+0000;
660;17;1;104783886225992_1241953821294457;data;data.*;fetched (200);2025-08-18 14:45:07.178452;Facebook:/<page-id>/posts;;2025-08-13T20:20:57+0000;2025-08-13T20:20:57+0000;
661;17;1;104783886225992_1241942044628968;data;data.*;fetched (200);2025-08-18 14:45:07.178452;Facebook:/<page-id>/posts;"🥳 ¡Feliz Cumpleaños, Jorge Gómez! 🎈🎊🎂🍰  En este día especial, extendemos un cálido y afectuoso saludo de cumpleaños a nuestro colega y amigo, Jorge Gómez, una de las voces más reconocidas y queridas de la radiodifusión en la Región de Magallanes. Su trayectoria y dedicación lo han consolidado como un pilar fundamental en el mundo de las comunicaciones patagónicas, ganándose el respeto y el cariño de auditores y colegas por igual.  Jorge ha dejado una huella imborrable en el dial magallánico. Desde sus inicios hasta su presente como la ""voz matinal elegida por los magallánicos"" en Pingüino Multimedia, su profesionalismo y pasión por la radio han sido una constante.  Quienes tenemos el placer de compartir el día a día con Jorge, no solo valoramos su indiscutible talento frente al micrófono, sino también su calidad humana, su compañerismo y su profundo amor por esta tierra y su gente. Es un verdadero maestro de la comunicación, capaz de informar, entretener y, sobre todo, acompañar a miles de hogares magallánicos que sintonizan El Pingüino para comenzar la jornada bien informados y con la mejor energía.  Jorge, en tu cumpleaños, te deseamos todo el éxito y la felicidad que mereces. Que este nuevo año de vida te traiga salud, alegría y la continuación de esa brillante carrera que tanto enorgullece a la Patagonia.  ¡Feliz cumpleaños, Jorge! Un fuerte abrazo de parte de todos tus compañeros.";2025-08-13T20:00:44+0000;2025-08-16T14:49:27+0000;
662;17;1;104783886225992_1241934301296409;data;data.*;fetched (200);2025-08-18 14:45:07.178452;Facebook:/<page-id>/posts;🔴Tercer Tribunal Ambiental valida proyecto de ensanchamiento del Canal Kirke🔴;2025-08-13T19:49:22+0000;2025-08-14T02:47:32+0000;
663;17;1;104783886225992_1241926457963860;data;data.*;fetched (200);2025-08-18 14:45:07.178452;Facebook:/<page-id>/posts;"En la segunda parada de su visita en Magallanes, el subsecretario de Obras Públicas, Danilo Núñez; inspeccionó el término de obras del Cuartel de la Primera Compañía de Bomberos de Punta Arenas.";2025-08-13T19:36:34+0000;2025-08-14T02:59:57+0000;
664;17;1;104783886225992_1241924541297385;data;data.*;fetched (200);2025-08-18 14:45:07.178452;Facebook:/<page-id>/posts;Inacap abrió sus puertas a estudiantes secundarios de especialidades técnicas: En el marco del mes de la educación técnico profesional. #puq #PuntaArenas #Magallanes;2025-08-13T19:34:07+0000;2025-08-13T19:34:07+0000;
665;17;1;104783886225992_1241914131298426;data;data.*;fetched (200);2025-08-18 14:45:07.178452;Facebook:/<page-id>/posts;;2025-08-13T19:20:57+0000;2025-08-13T19:32:28+0000;
666;17;1;104783886225992_2197316124097706;data;data.*;fetched (200);2025-08-18 14:45:07.178452;Facebook:/<page-id>/posts;🔴 AHORA I Accidente de tránsito.   Una mujer lesionada en colisión ocurrida en calle Mardones con 6 de Diciembre.    Bomberos, SAMU y Carabineros en el lugar.  NOTICIA EN DESARROLLO;2025-08-13T18:57:16+0000;2025-08-13T21:30:45+0000;
667;17;1;104783886225992_1241893637967142;data;data.*;fetched (200);2025-08-18 14:45:07.178452;Facebook:/<page-id>/posts;Subsecretario de Obras Públicas inspecciona avance de obras de nueva biblioteca y archivo regional;2025-08-13T18:51:01+0000;2025-08-14T02:54:26+0000;
668;17;1;104783886225992_1136092718575223;data;data.*;fetched (200);2025-08-18 14:45:07.178452;Facebook:/<page-id>/posts;TARDE LIBRE en Pinguino Multimedia 13-08-2025;2025-08-13T18:40:34+0000;2025-08-13T18:50:08+0000;
669;17;1;104783886225992_1241881494635023;data;data.*;fetched (200);2025-08-18 14:45:07.178452;Facebook:/<page-id>/posts;Fundación Fide XII anuncia cierre de la Casa del Samaritano por falta de recursos y apoyo del Estado;2025-08-13T18:35:17+0000;2025-08-17T10:41:40+0000;
670;17;1;104783886225992_1241877874635385;data;data.*;fetched (200);2025-08-18 14:45:07.178452;Facebook:/<page-id>/posts;;2025-08-13T18:30:28+0000;2025-08-13T19:03:58+0000;
671;17;1;104783886225992_1241875824635590;data;data.*;fetched (200);2025-08-18 14:45:07.178452;Facebook:/<page-id>/posts;Salud proyecta peak de virus sincicial para próximas semanas: Afecta a menores de 5 años y adultos mayores. #puq #PuntaArenas #Magallanes;2025-08-13T18:28:06+0000;2025-08-13T18:28:06+0000;
672;17;1;104783886225992_1241874807969025;data;data.*;fetched (200);2025-08-18 14:45:07.178452;Facebook:/<page-id>/posts;Lanzan 11 nuevos talleres gratuitos para mujeres: Municipalidad de Punta Arenas. #puq #PuntaArenas #Magallanes;2025-08-13T18:26:36+0000;2025-08-14T14:57:17+0000;
673;17;1;104783886225992_1241870377969468;data;data.*;fetched (200);2025-08-18 14:45:07.178452;Facebook:/<page-id>/posts;📝 En últimos 3 años.;2025-08-13T18:20:45+0000;2025-08-14T01:23:11+0000;
674;17;1;104783886225992_1241861797970326;data;data.*;fetched (200);2025-08-18 14:45:07.178452;Facebook:/<page-id>/posts;🧠 Proyecto Intersectorial “Actívate, Cuídate y Vive sin ACV–Promoción de la Salud”.;2025-08-13T18:12:08+0000;2025-08-13T18:12:44+0000;
675;17;1;104783886225992_1241848901304949;data;data.*;fetched (200);2025-08-18 14:45:07.178452;Facebook:/<page-id>/posts;🛄 Alcalde Radonich celebra aprobación de la iniciativa que exige a aerolíneas entregar datos de pasajeros.;2025-08-13T17:58:41+0000;2025-08-14T19:03:19+0000;
676;17;1;104783886225992_1241840371305802;data;data.*;fetched (200);2025-08-18 14:45:07.178452;Facebook:/<page-id>/posts;🟡 ¡Prepárate para vivir la emoción del Gran Premio de la Hermandad 2025! 🏎️  🏁 No te pierdas la cobertura especial del evento automovilístico más importante de la Patagonia chileno-argentina.  Sigue toda la acción junto a Televisión Pública Fueguina, Canal 4.2 de El Pingüino, 95.3 FM Pingüino Radio y Facebook: El Pingüino en Vivo, en colaboración con Patagonia Racing.  Aquí tienes el cronograma para que no te pierdas nada: 🔵 Viernes 15 de agosto - 20:00 hrs: Programa especial con los resultados del clasificatorio, información sobre el cierre de rutas y más. 🔵 Sábado 16 de agosto - 08:30 hrs: ¡LARGADA! Desde Río Grande (Argentina), con cobertura en el sector de Arcillosa y la llegada en Porvenir. 🔵 Domingo 17 de agosto - 08:30 hrs: ¡Segunda etapa! Largada desde Porvenir, información desde Arcillosa y llegada a Río Grande. 🔵 Domingo 17 de agosto - 21:00 hrs: Transmisión en directo de la premiación, con entrevistas a los protagonistas y ganadores.  ¡No te quedes fuera! Vívelo a través de Pingüino Multimedia: 📺 Canal 4.2 de El Pingüino (señal abierta) 📻 95.3 FM Pingüino Radio 💻 FB El Pingüino en Vivo 📱 Redes de Patagonia Racing  #GPH2025 #Automovilismo #Patagonia #Carreras #EnVivo #CoberturaEspecial #ElPingüino #PatagoniaRacing #RioGrande #Porvenir;2025-08-13T17:48:06+0000;2025-08-13T17:48:06+0000;
677;17;1;104783886225992_1241834927973013;data;data.*;fetched (200);2025-08-18 14:45:07.178452;Facebook:/<page-id>/posts;INJUV destacó a ocho jóvenes y una organización por su aporte a Magallanes;2025-08-13T17:39:52+0000;2025-08-13T17:40:23+0000;
678;17;1;104783886225992_1241831811306658;data;data.*;fetched (200);2025-08-18 14:45:07.178452;Facebook:/<page-id>/posts;Tribunal Ambiental rechazó reclamaciones en contra del Proyecto «Ensanchamiento Canal Kirke Última Esperanza”;2025-08-13T17:35:58+0000;2025-08-13T18:54:46+0000;
679;17;1;104783886225992_1241821671307672;data;data.*;fetched (200);2025-08-18 14:45:07.178452;Facebook:/<page-id>/posts;Conflicto en el maritorio Kawésqar: Juan Marcos Henríquez, Dr. en Ciencias Biológicas #puq #PuntaArenas #Magallanes;2025-08-13T17:23:34+0000;2025-08-13T18:20:05+0000;
680;17;1;104783886225992_1241775677978938;data;data.*;fetched (200);2025-08-18 14:45:07.178452;Facebook:/<page-id>/posts;La delincuencia azota Magallanes: Es hora de actuar: “La creciente delincuencia en Magallanes amenaza la tranquilidad que por décadas caracterizó a la región”. #puq #PuntaArenas #Magallanes;2025-08-13T16:22:06+0000;2025-08-13T18:34:06+0000;
681;17;1;104783886225992_1241775061312333;data;data.*;fetched (200);2025-08-18 14:45:07.178452;Facebook:/<page-id>/posts;Magallanes lanza Jornadas Ganaderas 2025: se desarrollan la próxima semana: El corazón de la ganadería en el extremo austral del mundo. #puq #PuntaArenas #Magallanes;2025-08-13T16:21:13+0000;2025-08-13T16:21:13+0000;
682;17;1;104783886225992_1241767447979761;data;data.*;fetched (200);2025-08-18 14:45:07.178452;Facebook:/<page-id>/posts;📸 I La nadadora magallánica y campeona de aguas abiertas Kyara Carpo estuvo en el programa “Pasión Deportiva”. 🏊‍♀️   Una de las figura del certamen vivido en el glaciar Perito Moreno, en El Calafate, Argentina, obtuvo 5 medallas, tres de oro y dos de plata.;2025-08-13T16:11:31+0000;2025-08-17T21:47:00+0000;
683;17;1;104783886225992_1484574119243623;data;data.*;fetched (200);2025-08-18 14:45:07.178452;Facebook:/<page-id>/posts;Noticias Edición Mediodia en Pinguino Multimedia 13-08-2025;2025-08-13T16:01:34+0000;2025-08-13T16:25:38+0000;
684;17;1;104783886225992_1241754897981016;data;data.*;fetched (200);2025-08-18 14:45:07.178452;Facebook:/<page-id>/posts;🔵 El Gimnasio Fiscal será escenario de una masiva celebración del Día del Niño, promoviendo el deporte como motor de bienestar para niñas, niños y sus familias.;2025-08-13T15:54:36+0000;2025-08-13T15:54:36+0000;
685;17;1;104783886225992_1241746511315188;data;data.*;fetched (200);2025-08-18 14:45:07.178452;Facebook:/<page-id>/posts;Con operativo nocturno  buscan prevenir consumo  de alcohol y drogas;2025-08-13T15:42:02+0000;2025-08-14T00:30:38+0000;
686;17;1;104783886225992_1241725451317294;data;data.*;fetched (200);2025-08-18 14:45:07.178452;Facebook:/<page-id>/posts;🔴 Las mujeres ingresaron al domicilio de la víctima, a quien le propinaron una golpiza y luego de ello la amenazaron con un cuchillo para arrebatarle el celular.;2025-08-13T15:31:03+0000;2025-08-15T16:47:28+0000;
687;17;1;pinguinomultimedia;offcut;;fetched (200);2025-08-18 14:45:07.178452;Facebook:/<page-id>/posts;;;;
18;None;0;laprensaaustral;seed;;;None;None;;;;
688;18;1;149704931763202_1071883941797955;data;data.*;fetched (200);2025-08-18 14:45:11.741281;Facebook:/<page-id>/posts;Portada sábado 16 de agosto de 2025;2025-08-16T13:25:45+0000;2025-08-17T01:45:31+0000;
689;18;1;149704931763202_1071118021874547;data;data.*;fetched (200);2025-08-18 14:45:11.741281;Facebook:/<page-id>/posts;Portada de hoy viernes 15 de agosto de 2025.;2025-08-15T14:35:19+0000;2025-08-16T22:44:06+0000;
690;18;1;149704931763202_1070210558631960;data;data.*;fetched (200);2025-08-18 14:45:11.741281;Facebook:/<page-id>/posts;Portada jueves 14 de agosto de 2025;2025-08-14T12:17:01+0000;2025-08-16T04:20:09+0000;
691;18;1;149704931763202_1068679882118361;data;data.*;fetched (200);2025-08-18 14:45:11.741281;Facebook:/<page-id>/posts;Portada martes 12 de agosto de 2025.;2025-08-12T12:31:01+0000;2025-08-13T06:56:39+0000;
692;18;1;149704931763202_1067996062186743;data;data.*;fetched (200);2025-08-18 14:45:11.741281;Facebook:/<page-id>/posts;A eso de las 12,15 horas de este domingo, un equipo del Samu llegaba hasta un domicilio de pasaje Cerro York, en la población Seno Almirantazgo, alertado por un grave ataque por arma blanca, cuya consecuencia inmediata era que la víctima había caído en un paro cardiorrespiratorio. https://laprensaaustral.cl/2025/08/11/mujer-asesina-de-certera-punalada-a-su-pareja/;2025-08-11T15:23:14+0000;2025-08-16T16:52:09+0000;
693;18;1;149704931763202_1067879782198371;data;data.*;fetched (200);2025-08-18 14:45:11.741281;Facebook:/<page-id>/posts;Portada lunes 11 de agosto de 2025.;2025-08-11T12:19:11+0000;2025-08-17T21:32:25+0000;
694;18;1;laprensaaustral;offcut;;fetched (200);2025-08-18 14:45:11.741281;Facebook:/<page-id>/posts;;;;
19;None;0;ITVPatagonia;seed;;;None;None;;;;
695;19;1;484380111608699_1202836625211030;data;data.*;fetched (200);2025-08-18 14:45:12.348724;Facebook:/<page-id>/posts;🔴La denuncia fue realizada por la propia víctima, quien solicitó ayuda a la policía tras sufrir la agresión. ⬇⬇⬇;2025-08-16T23:05:11+0000;2025-08-18T11:06:46+0000;
696;19;1;484380111608699_1202819295212763;data;data.*;fetched (200);2025-08-18 14:45:12.348724;Facebook:/<page-id>/posts;🔴En el patrullaje por el sector, los funcionarios encontraron dos armas blancas —un cuchillo y un machete— además de una pistola a fogueo no apta para el disparo.  ⬇⬇⬇;2025-08-16T22:26:33+0000;2025-08-17T00:17:57+0000;
697;19;1;484380111608699_1202774208550605;data;data.*;fetched (200);2025-08-18 14:45:12.348724;Facebook:/<page-id>/posts;➡Desde la organización señalaron que este hito marca una nueva etapa en su estrategia, orientada a integrar innovación, conservación ambiental y progreso social.  ⬇⬇⬇;2025-08-16T20:47:02+0000;2025-08-16T20:47:02+0000;
698;19;1;484380111608699_1202738625220830;data;data.*;fetched (200);2025-08-18 14:45:12.348724;Facebook:/<page-id>/posts;➡La nación más poblada del planeta atraviesa un período de crecimiento económico sostenido, consolidándose como un mercado de interés mundial.  ⬇⬇⬇;2025-08-16T19:35:02+0000;2025-08-16T23:38:39+0000;
699;19;1;484380111608699_1202714725223220;data;data.*;fetched (200);2025-08-18 14:45:12.348724;Facebook:/<page-id>/posts;➡El director de la Octava Compañía, Carlos Oyarzún, valoró la masiva convocatoria y el espíritu de camaradería vivido durante la jornada.  ⬇⬇⬇;2025-08-16T18:55:02+0000;2025-08-17T03:47:16+0000;
700;19;1;484380111608699_1202684881892871;data;data.*;fetched (200);2025-08-18 14:45:12.348724;Facebook:/<page-id>/posts;🔴El procedimiento se originó luego de un llamado a la central de comunicaciones que alertaba sobre movimientos sospechosos en el local comercial.  ⬇⬇⬇;2025-08-16T18:01:39+0000;2025-08-18T19:24:05+0000;
701;19;1;484380111608699_24306050819059105;data;data.*;fetched (200);2025-08-18 14:45:12.348724;Facebook:/<page-id>/posts;Nos Visitan del Instituto Patagónico de Estudios Culturales | #UnaMañanaEnFamilia EN VIVO🟡;2025-08-16T15:52:02+0000;2025-08-16T18:47:04+0000;
702;19;1;484380111608699_609050765383889;data;data.*;fetched (200);2025-08-18 14:45:12.348724;Facebook:/<page-id>/posts;Despacho desde GImnasio Sokol  | #UnaMañanaEnFamilia EN VIVO🟡;2025-08-16T15:22:15+0000;2025-08-16T15:22:15+0000;
703;19;1;484380111608699_1465876987868653;data;data.*;fetched (200);2025-08-18 14:45:12.348724;Facebook:/<page-id>/posts;Despacho desde Gimnasio Umag  | #UnaMañanaEnFamilia EN VIVO🟡;2025-08-16T14:40:18+0000;2025-08-17T14:31:40+0000;
704;19;1;484380111608699_2495035617538714;data;data.*;fetched (200);2025-08-18 14:45:12.348724;Facebook:/<page-id>/posts;Claudio Radonich - Alcalde de Punta Arenas  | #UnaMañanaEnFamilia EN VIVO🟡;2025-08-16T14:18:09+0000;2025-08-16T14:39:18+0000;
705;19;1;484380111608699_772717041783215;data;data.*;fetched (200);2025-08-18 14:45:12.348724;Facebook:/<page-id>/posts;Despacho desde Codimaga   | #UnaMañanaEnFamilia EN VIVO🟡;2025-08-16T13:40:20+0000;2025-08-16T13:40:20+0000;
706;19;1;484380111608699_4187344314881341;data;data.*;fetched (200);2025-08-18 14:45:12.348724;Facebook:/<page-id>/posts;Ricardo Gonsalvez - Tarotista  | #UnaMañanaEnFamilia EN VIVO🟡;2025-08-16T12:45:07+0000;2025-08-16T12:49:52+0000;
707;19;1;484380111608699_1202411758586850;data;data.*;fetched (200);2025-08-18 14:45:12.348724;Facebook:/<page-id>/posts;➡En estos 10 años más de 3.443 empresas han sido asesoradas en Magallanes, de las cuales 1.088 pertenecen a Puerto Natales.  ⬇⬇⬇;2025-08-16T11:30:05+0000;2025-08-16T11:30:05+0000;
708;19;1;484380111608699_1202057891955570;data;data.*;fetched (200);2025-08-18 14:45:12.348724;Facebook:/<page-id>/posts;➡La celebración tuvo un significado especial este 2025, ya que es la primera vez que el Papa León XIV preside esta festividad durante su pontificado.  ⬇⬇⬇;2025-08-16T01:12:17+0000;2025-08-16T01:12:17+0000;
709;19;1;484380111608699_1202050991956260;data;data.*;fetched (200);2025-08-18 14:45:12.348724;Facebook:/<page-id>/posts;➡La actividad se desarrollará en formato mixto, con jornadas presenciales y un espacio virtual de postulación a través de la Bolsa Nacional de Empleo (BNE).  ⬇⬇⬇;2025-08-16T01:02:19+0000;2025-08-18T15:57:35+0000;
710;19;1;484380111608699_1202042821957077;data;data.*;fetched (200);2025-08-18 14:45:12.348724;Facebook:/<page-id>/posts;➡Con las posiciones definidas, este sábado se dará inicio a la primera etapa de la tradicional carrera binacional.  ⬇⬇⬇;2025-08-16T00:50:38+0000;2025-08-16T00:50:38+0000;
711;19;1;484380111608699_1955589061937818;data;data.*;fetched (200);2025-08-18 14:45:12.348724;Facebook:/<page-id>/posts;ITV NOTICIAS CENTRAL 15 AGOSTO / LIVE 🔵;2025-08-16T00:26:00+0000;2025-08-16T00:26:00+0000;
712;19;1;484380111608699_1201989808629045;data;data.*;fetched (200);2025-08-18 14:45:12.348724;Facebook:/<page-id>/posts;➡Según informó la administración, los adultos mayores podrían ser trasladados a otros dispositivos financiados por el Ministerio de Desarrollo Social.  ⬇⬇⬇;2025-08-15T23:13:02+0000;2025-08-15T23:13:02+0000;
713;19;1;484380111608699_1201987001962659;data;data.*;fetched (200);2025-08-18 14:45:12.348724;Facebook:/<page-id>/posts;➡La iniciativa beneficiará a cerca de 24 mil vecinas y vecinos.  ⬇⬇⬇;2025-08-15T23:08:02+0000;2025-08-15T23:08:02+0000;
714;19;1;484380111608699_1201952348632791;data;data.*;fetched (200);2025-08-18 14:45:12.348724;Facebook:/<page-id>/posts;➡La visita estuvo enfocada en supervisar los avances en los mecanismos internos de aseguramiento de la calidad, gestión estratégica y procesos formativos.  ⬇⬇⬇;2025-08-15T21:56:01+0000;2025-08-15T21:56:01+0000;
715;19;1;484380111608699_1201925681968791;data;data.*;fetched (200);2025-08-18 14:45:12.348724;Facebook:/<page-id>/posts;➡La iniciativa busca proveer capacidades tecnológicas, infraestructura especializada y capital humano. ⬇⬇⬇;2025-08-15T20:56:02+0000;2025-08-15T20:56:02+0000;
716;19;1;484380111608699_1201905515304141;data;data.*;fetched (200);2025-08-18 14:45:12.348724;Facebook:/<page-id>/posts;➡Durante el operativo, fue detenido el chofer de un bus intercomunal que transitaba con pasajeros en estado de ebriedad.  ⬇⬇⬇;2025-08-15T20:16:13+0000;2025-08-18T12:36:08+0000;
717;19;1;484380111608699_1201877781973581;data;data.*;fetched (200);2025-08-18 14:45:12.348724;Facebook:/<page-id>/posts;🔴Ambos deberán cumplir, además, las accesorias legales de inhabilitación absoluta perpetua para ejercer cargos y oficios públicos.  ⬇⬇⬇;2025-08-15T19:25:03+0000;2025-08-15T19:50:41+0000;
718;19;1;484380111608699_1201860595308633;data;data.*;fetched (200);2025-08-18 14:45:12.348724;Facebook:/<page-id>/posts;➡La medida busca ampliar la investigación iniciada el 23 de mayo pasado sobre viajes al extranjero durante periodos de reposo médico.  ⬇⬇⬇;2025-08-15T18:56:03+0000;2025-08-15T18:56:03+0000;
719;19;1;484380111608699_1201842641977095;data;data.*;fetched (200);2025-08-18 14:45:12.348724;Facebook:/<page-id>/posts;🔴Si bien no sustrajeron especies, sí provocaron daños en la propiedad.  ⬇⬇⬇;2025-08-15T18:25:02+0000;2025-08-15T23:58:35+0000;
720;19;1;484380111608699_1201813578646668;data;data.*;fetched (200);2025-08-18 14:45:12.348724;Facebook:/<page-id>/posts;➡La inversión proyectada para la región supera los mil millones de pesos.  ⬇⬇⬇;2025-08-15T17:35:24+0000;2025-08-16T04:23:52+0000;
721;19;1;484380111608699_1201808865313806;data;data.*;fetched (200);2025-08-18 14:45:12.348724;Facebook:/<page-id>/posts;➡La víctima, identificada con las iniciales E.L.J., fue abordada por dos sujetos que lo amenazaron e intimidaron con lo que sería un arma de fuego. ⬇⬇⬇;2025-08-15T17:27:04+0000;2025-08-16T03:03:40+0000;
722;19;1;484380111608699_1076429234472960;data;data.*;fetched (200);2025-08-18 14:45:12.348724;Facebook:/<page-id>/posts;Nos Visitan de la Banda Aponkuyen | #UnaMañanaEnFamilia EN VIVO🟡;2025-08-15T15:13:55+0000;2025-08-15T16:50:46+0000;
723;19;1;484380111608699_771895778860827;data;data.*;fetched (200);2025-08-18 14:45:12.348724;Facebook:/<page-id>/posts;Despacho desde Jordan Vestuario  | #UnaMañanaEnFamilia EN VIVO🟡;2025-08-15T14:57:25+0000;2025-08-15T14:57:25+0000;
724;19;1;484380111608699_724965957034077;data;data.*;fetched (200);2025-08-18 14:45:12.348724;Facebook:/<page-id>/posts;La Banda Shuggar Realizará su Primera Gira Nacional  | #UnaMañanaEnFamilia EN VIVO🟡;2025-08-15T14:41:14+0000;2025-08-15T14:41:14+0000;
725;19;1;484380111608699_1088951089499753;data;data.*;fetched (200);2025-08-18 14:45:12.348724;Facebook:/<page-id>/posts;Jornadas por la Rehabilitación en Magallanes 2025 | #UnaMañanaEnFamilia EN VIVO🟡;2025-08-15T14:03:26+0000;2025-08-16T14:04:26+0000;
726;19;1;484380111608699_1424722018742537;data;data.*;fetched (200);2025-08-18 14:45:12.348724;Facebook:/<page-id>/posts;Despacho desde Zonaustral | #UnaMañanaEnFamilia EN VIVO🟡;2025-08-15T13:51:39+0000;2025-08-15T13:51:39+0000;
727;19;1;484380111608699_24130862446599079;data;data.*;fetched (200);2025-08-18 14:45:12.348724;Facebook:/<page-id>/posts;Nos Visitan de Dance Music Orquesta  | #UnaMañanaEnFamilia EN VIVO🟡;2025-08-15T13:36:10+0000;2025-08-15T13:51:14+0000;
728;19;1;484380111608699_1193815046098043;data;data.*;fetched (200);2025-08-18 14:45:12.348724;Facebook:/<page-id>/posts;Despacho desde outlet sánchez & sánchez  | #UnaMañanaEnFamilia EN VIVO🟡;2025-08-15T13:17:15+0000;2025-08-15T13:54:28+0000;
729;19;1;484380111608699_2269269993491497;data;data.*;fetched (200);2025-08-18 14:45:12.348724;Facebook:/<page-id>/posts;El Ministro de Energía Diego Pardow Conversó con ITV Noticias   | #UnaMañanaEnFamilia EN VIVO🟡;2025-08-15T12:49:43+0000;2025-08-15T13:00:58+0000;
730;19;1;484380111608699_1201595722001787;data;data.*;fetched (200);2025-08-18 14:45:12.348724;Facebook:/<page-id>/posts;➡En el marco de esta alianza, los alumnos desarrollan operativos de salud para los pasajeros.  ⬇⬇⬇;2025-08-15T12:30:05+0000;2025-08-15T12:30:05+0000;
731;19;1;484380111608699_1201557708672255;data;data.*;fetched (200);2025-08-18 14:45:12.348724;Facebook:/<page-id>/posts;➡La iniciativa forma parte del Plan Integral para el Bienestar de Niños, Niñas y Adolescentes.  ⬇⬇⬇;2025-08-15T11:30:03+0000;2025-08-15T11:30:03+0000;
732;19;1;484380111608699_2171390653358232;data;data.*;fetched (200);2025-08-18 14:45:12.348724;Facebook:/<page-id>/posts;ITV NOTICIAS CENTRAL 14 AGOSTO / LIVE 🔵;2025-08-15T00:25:38+0000;2025-08-15T00:25:38+0000;
733;19;1;484380111608699_1201115678716458;data;data.*;fetched (200);2025-08-18 14:45:12.348724;Facebook:/<page-id>/posts;➡Se trata de la restauración de la antigua Penitenciaría, construida en 1899, que se convertirá en el futuro Archivo y Biblioteca Regional.  ⬇⬇⬇;2025-08-14T22:27:24+0000;2025-08-14T22:46:34+0000;
734;19;1;484380111608699_1201100215384671;data;data.*;fetched (200);2025-08-18 14:45:12.348724;Facebook:/<page-id>/posts;➡En la última semana, las consultas de urgencia por causas respiratorias representaron el 33,1% del total, con mayor concentración en menores de 4 años y mayores de 65.  ⬇⬇⬇;2025-08-14T21:56:03+0000;2025-08-14T23:49:33+0000;
735;19;1;484380111608699_1201079315386761;data;data.*;fetched (200);2025-08-18 14:45:12.348724;Facebook:/<page-id>/posts;🔴Durante la audiencia de formalización se fijó un plazo de investigación de 70 días.  ⬇⬇⬇;2025-08-14T21:13:57+0000;2025-08-14T21:13:57+0000;
736;19;1;484380111608699_1201070262054333;data;data.*;fetched (200);2025-08-18 14:45:12.348724;Facebook:/<page-id>/posts;➡Gobierno prepara acuerdo con empresas de hidrógeno verde y detalla plan de incentivos tributarios para el sector.  ⬇⬇⬇;2025-08-14T20:56:07+0000;2025-08-14T20:56:07+0000;
737;19;1;484380111608699_1201049335389759;data;data.*;fetched (200);2025-08-18 14:45:12.348724;Facebook:/<page-id>/posts;➡La jornada tuvo lugar en la sala de uso múltiple del recinto y contó con la participación de 28 temas, de los cuales se eligieron 12 para la competencia final.  ⬇⬇⬇;2025-08-14T20:15:50+0000;2025-08-14T20:15:50+0000;
738;19;1;484380111608699_1201035855391107;data;data.*;fetched (200);2025-08-18 14:45:12.348724;Facebook:/<page-id>/posts;➡Esta iniciativa forma parte del Plan de Acción de Hidrógeno Verde 2023-2030.  ⬇⬇⬇;2025-08-14T19:50:04+0000;2025-08-14T19:50:04+0000;
739;19;1;484380111608699_1201023442059015;data;data.*;fetched (200);2025-08-18 14:45:12.348724;Facebook:/<page-id>/posts;➡Entre las situaciones observadas, la empresa advirtió la intervención en medidores de gas, lo que podría falsear el registro de consumos.  ⬇⬇⬇;2025-08-14T19:27:02+0000;2025-08-15T12:38:20+0000;
740;19;1;484380111608699_1201006158727410;data;data.*;fetched (200);2025-08-18 14:45:12.348724;Facebook:/<page-id>/posts;➡La Semana Salesiana continuará con diversas actividades recreativas y culturales, reafirmando el espíritu de unidad entre los colegios de la congregación.  ⬇⬇⬇;2025-08-14T18:58:02+0000;2025-08-14T18:58:02+0000;
741;19;1;484380111608699_1200972932064066;data;data.*;fetched (200);2025-08-18 14:45:12.348724;Facebook:/<page-id>/posts;➡La tradicional festividad religiosa, se inicia con la novena preparatoria, el próximo viernes 22 de agosto a las 20:00 horas.  ⬇⬇⬇;2025-08-14T18:07:02+0000;2025-08-14T22:31:28+0000;
742;19;1;484380111608699_1200865892074770;data;data.*;fetched (200);2025-08-18 14:45:12.348724;Facebook:/<page-id>/posts;➡La muestra incluye réplicas de bienes patrimoniales arqueológicos comúnmente extraídos de manera ilegal. ⬇⬇⬇ https://acortar.link/9ua2Jn;2025-08-14T15:30:04+0000;2025-08-14T15:30:04+0000;
743;19;1;484380111608699_1107039094904517;data;data.*;fetched (200);2025-08-18 14:45:12.348724;Facebook:/<page-id>/posts;Despacho desde Central de Carnes   | #UnaMañanaEnFamilia EN VIVO🟡;2025-08-14T15:23:54+0000;2025-08-14T15:23:54+0000;
744;19;1;484380111608699_1086305143648104;data;data.*;fetched (200);2025-08-18 14:45:12.348724;Facebook:/<page-id>/posts;Despacho desde El Rompehielos Viel   | #UnaMañanaEnFamilia EN VIVO🟡;2025-08-14T15:05:20+0000;2025-08-14T15:05:20+0000;
745;19;1;484380111608699_1408500423777948;data;data.*;fetched (200);2025-08-18 14:45:12.348724;Facebook:/<page-id>/posts;Nos Visitan de la Escuela Argentina  | #UnaMañanaEnFamilia EN VIVO🟡;2025-08-14T14:39:39+0000;2025-08-15T02:42:49+0000;
746;19;1;484380111608699_1200821702079189;data;data.*;fetched (200);2025-08-18 14:45:12.348724;Facebook:/<page-id>/posts;➡El circuito, organizado por el área de Deporte Escolar del CDUC, contempla fechas en distintos colegios, ciudades y regiones del país.  ⬇⬇⬇;2025-08-14T14:30:06+0000;2025-08-14T14:30:06+0000;
747;19;1;484380111608699_1140423134656950;data;data.*;fetched (200);2025-08-18 14:45:12.348724;Facebook:/<page-id>/posts;Ferias Laborales Sence | #UnaMañanaEnFamilia EN VIVO🟡;2025-08-14T13:36:29+0000;2025-08-14T13:49:00+0000;
748;19;1;484380111608699_1200772522084107;data;data.*;fetched (200);2025-08-18 14:45:12.348724;Facebook:/<page-id>/posts;➡La cita será a las 19:30 horas en el Teatro Municipal “José Bohr”, con entrada liberada desde las 19:10 y acceso por orden de llegada hasta completar aforo.  ⬇⬇⬇;2025-08-14T13:30:03+0000;2025-08-14T13:30:03+0000;
749;19;1;484380111608699_1200726732088686;data;data.*;fetched (200);2025-08-18 14:45:12.348724;Facebook:/<page-id>/posts;➡Durante el curso, los participantes revisaron cuadernos de observación y reportes obligatorios tras cada campaña. ⬇⬇⬇;2025-08-14T12:30:18+0000;2025-08-14T12:35:14+0000;
750;19;1;484380111608699_1200684502092909;data;data.*;fetched (200);2025-08-18 14:45:12.348724;Facebook:/<page-id>/posts;➡En sus últimas versiones, la Expo Feria ha ampliado cupos para garantizar mayor representatividad territorial y cultural. ⬇⬇⬇;2025-08-14T11:30:05+0000;2025-08-14T11:30:05+0000;
751;19;1;484380111608699_1200328108795215;data;data.*;fetched (200);2025-08-18 14:45:12.348724;Facebook:/<page-id>/posts;El rector agregó que también esperan la aprobación del Financiamiento de la Educación Superior, lo que permitiría entregar mayor estabilidad a la institución.;2025-08-14T00:36:30+0000;2025-08-14T00:36:30+0000;
752;19;1;484380111608699_1057047792857215;data;data.*;fetched (200);2025-08-18 14:45:12.348724;Facebook:/<page-id>/posts;ITV NOTICIAS CENTRAL 13 AGOSTO / LIVE 🔵;2025-08-14T00:26:29+0000;2025-08-14T01:39:20+0000;
753;19;1;484380111608699_1200285172132842;data;data.*;fetched (200);2025-08-18 14:45:12.348724;Facebook:/<page-id>/posts;🔴El tribunal también lo condenó por amenazas, daños y violación de morada, además de amenazas a un tercero realizadas de manera telefónica.  ⬇⬇⬇;2025-08-13T23:08:34+0000;2025-08-14T14:40:39+0000;
754;19;1;484380111608699_1200271988800827;data;data.*;fetched (200);2025-08-18 14:45:12.348724;Facebook:/<page-id>/posts;➡La iniciativa prioriza calles que nunca han sido pavimentadas, de acuerdo con las solicitudes de las propias comunidades. ⬇⬇⬇;2025-08-13T22:38:59+0000;2025-08-13T22:38:59+0000;
755;19;1;484380111608699_1200253638802662;data;data.*;fetched (200);2025-08-18 14:45:12.348724;Facebook:/<page-id>/posts;➡Las empresas que incumplan con la normativa, serán sancionadas de acuerdo con la regulación de la Ley General de Telecomunicaciones. ⬇⬇⬇;2025-08-13T21:58:12+0000;2025-08-13T21:58:12+0000;
756;19;1;484380111608699_1200245722136787;data;data.*;fetched (200);2025-08-18 14:45:12.348724;Facebook:/<page-id>/posts;🔴En junio de 2019, durante la operación “Santa Cruz”, detectives de la Brianco detuvieron al ciudadano dominicano junto a una mujer de nacionalidad boliviana.  ⬇⬇⬇;2025-08-13T21:42:02+0000;2025-08-14T13:46:25+0000;
757;19;1;484380111608699_1200239132137446;data;data.*;fetched (200);2025-08-18 14:45:12.348724;Facebook:/<page-id>/posts;➡Señalando que algunas de las alegaciones no eran congruentes con la información previamente conocida por la autoridad administrativa.  ⬇⬇⬇;2025-08-13T21:27:03+0000;2025-08-13T21:27:03+0000;
758;19;1;484380111608699_1200224748805551;data;data.*;fetched (200);2025-08-18 14:45:12.348724;Facebook:/<page-id>/posts;➡Las jornadas están a cargo del conferencista y actor Nicolás Alarcón, especialista en liderazgo juvenil y comunicación efectiva. ⬇⬇⬇;2025-08-13T20:56:14+0000;2025-08-13T20:56:14+0000;
759;19;1;484380111608699_1200209708807055;data;data.*;fetched (200);2025-08-18 14:45:12.348724;Facebook:/<page-id>/posts;➡Hasta la fecha, la encuesta ya se ha aplicado en más del 70 % de las empresas seleccionadas en las provincias de Magallanes y de Última Esperanza.  ⬇⬇⬇;2025-08-13T20:26:02+0000;2025-08-13T20:26:02+0000;
760;19;1;484380111608699_1200192862142073;data;data.*;fetched (200);2025-08-18 14:45:12.348724;Facebook:/<page-id>/posts;➡La concesión tendrá una vigencia de dos años, periodo en el que el Club Andino de Puerto Natales espera iniciar sus actividades en el terreno lo antes posible.  ⬇⬇⬇;2025-08-13T19:50:03+0000;2025-08-13T19:50:03+0000;
761;19;1;484380111608699_1200181485476544;data;data.*;fetched (200);2025-08-18 14:45:12.348724;Facebook:/<page-id>/posts;➡En Tierra del Fuego, asumió como coordinador Juan Ramón Castillo, ingeniero civil industrial con mención en informática y especializado en compras públicas. ⬇⬇⬇;2025-08-13T19:27:14+0000;2025-08-13T19:27:14+0000;
762;19;1;484380111608699_1200164968811529;data;data.*;fetched (200);2025-08-18 14:45:12.348724;Facebook:/<page-id>/posts;➡En su reciente participación en el Festival Folclórico en la Patagonia, Karukinkanto fue homenajeado por su aporte a la cultura y tradiciones de la región.  ⬇⬇⬇;2025-08-13T18:56:02+0000;2025-08-13T22:10:09+0000;
763;19;1;484380111608699_1200164225478270;data;data.*;fetched (200);2025-08-18 14:45:12.348724;Facebook:/<page-id>/posts;➡El cierre se hará efectivo en un plazo de 60 días.  ⬇⬇⬇;2025-08-13T18:54:52+0000;2025-08-16T02:47:48+0000;
764;19;1;484380111608699_1200141282147231;data;data.*;fetched (200);2025-08-18 14:45:12.348724;Facebook:/<page-id>/posts;🔴Según informó Carabineros, el propio conductor reconoció de manera libre y espontánea que consumía la droga.  ⬇⬇⬇;2025-08-13T18:14:03+0000;2025-08-13T19:10:22+0000;
765;19;1;484380111608699_1163002249207378;data;data.*;fetched (200);2025-08-18 14:45:12.348724;Facebook:/<page-id>/posts;Karukinkanto 30 años   | #UnaMañanaEnFamilia EN VIVO🟡;2025-08-13T15:16:06+0000;2025-08-13T15:16:06+0000;
766;19;1;484380111608699_3074253419403362;data;data.*;fetched (200);2025-08-18 14:45:12.348724;Facebook:/<page-id>/posts;Taller de Experimentos Sensoriales para Niños   | #UnaMañanaEnFamilia EN VIVO🟡;2025-08-13T15:04:36+0000;2025-08-13T15:04:36+0000;
767;19;1;484380111608699_772828175305040;data;data.*;fetched (200);2025-08-18 14:45:12.348724;Facebook:/<page-id>/posts;Despacho desde Crosur    | #UnaMañanaEnFamilia EN VIVO🟡;2025-08-13T14:40:22+0000;2025-08-13T15:11:59+0000;
768;19;1;484380111608699_1101497468838665;data;data.*;fetched (200);2025-08-18 14:45:12.348724;Facebook:/<page-id>/posts;Seminario de Movimiento: Marionetas y Máscaras   | #UnaMañanaEnFamilia EN VIVO🟡;2025-08-13T14:15:04+0000;2025-08-13T14:15:04+0000;
769;19;1;484380111608699_1199951788832847;data;data.*;fetched (200);2025-08-18 14:45:12.348724;Facebook:/<page-id>/posts;➡Asamblea General de Socios realizada el pasado viernes 8 de agosto en Santiago. ⬇⬇⬇;2025-08-13T13:30:03+0000;2025-08-13T13:30:03+0000;
770;19;1;484380111608699_931621419161995;data;data.*;fetched (200);2025-08-18 14:45:12.348724;Facebook:/<page-id>/posts;"Despacho desde el Jardín Infantil ""Caperucita Roja""   | #UnaMañanaEnFamilia EN VIVO🟡";2025-08-13T13:24:51+0000;2025-08-16T02:39:10+0000;
771;19;1;484380111608699_1386583123144056;data;data.*;fetched (200);2025-08-18 14:45:12.348724;Facebook:/<page-id>/posts;Luis Navarro - Seremi de las Culturas, Las Artes y el Patrimonio   | #UnaMañanaEnFamilia EN VIVO🟡;2025-08-13T13:07:23+0000;2025-08-13T13:07:23+0000;
772;19;1;484380111608699_621778107302079;data;data.*;fetched (200);2025-08-18 14:45:12.348724;Facebook:/<page-id>/posts;José Ruiz - Delegado Presidencial Regional  | #UnaMañanaEnFamilia EN VIVO🟡;2025-08-13T12:39:53+0000;2025-08-13T13:33:28+0000;
773;19;1;484380111608699_1199906868837339;data;data.*;fetched (200);2025-08-18 14:45:12.348724;Facebook:/<page-id>/posts;➡La Población Nelda Panicucci, se suma a los barrios Fitz Roy y Pedro Aguirre Cerda seleccionados por el Programa Quiero Mi Barrio en los últimos años.  ⬇⬇⬇;2025-08-13T12:30:15+0000;2025-08-13T16:24:38+0000;
774;19;1;484380111608699_1199870192174340;data;data.*;fetched (200);2025-08-18 14:45:12.348724;Facebook:/<page-id>/posts;➡Los escenarios elegidos van desde Gobernador Viel, Río de la Mano, La Explotadora y el Barrio Croata, hasta la 18, Fitz Roy y el Cerro de la Cruz.  ⬇⬇⬇;2025-08-13T11:30:04+0000;2025-08-13T11:30:04+0000;
775;19;1;484380111608699_1199602042201155;data;data.*;fetched (200);2025-08-18 14:45:12.348724;Facebook:/<page-id>/posts;➡Entre los premiados estuvo Karim Paredes, reconocida en la categoría Voluntariado por su labor en rescate animal y apoyo a personas en situación de vulnerabilidad.  ⬇⬇⬇;2025-08-13T02:49:30+0000;2025-08-15T05:38:47+0000;
776;19;1;484380111608699_1199593355535357;data;data.*;fetched (200);2025-08-18 14:45:12.348724;Facebook:/<page-id>/posts;➡La medida, que busca resguardar el estatus sanitario de Chile, ha generado preocupación entre comerciantes de Punta Arenas, especialmente en el rubro ovino.  ⬇⬇⬇;2025-08-13T02:34:38+0000;2025-08-13T02:34:38+0000;
777;19;1;484380111608699_2129121270930328;data;data.*;fetched (200);2025-08-18 14:45:12.348724;Facebook:/<page-id>/posts;ITV NOTICIAS CENTRAL 12 AGOSTO / LIVE 🔵;2025-08-13T00:25:40+0000;2025-08-13T14:53:03+0000;
778;19;1;484380111608699_1199490578878968;data;data.*;fetched (200);2025-08-18 14:45:12.348724;Facebook:/<page-id>/posts;➡Una jornada gratuita llena de juegos, deporte, cultura e inclusión para todas las edades.  ⬇⬇⬇;2025-08-12T23:18:02+0000;2025-08-12T23:18:02+0000;
779;19;1;484380111608699_1199477282213631;data;data.*;fetched (200);2025-08-18 14:45:12.348724;Facebook:/<page-id>/posts;🔴Las imputadas ingresaron sorpresivamente al domicilio, golpearon a una mujer frente a su hijo, la intimidaron con un arma cortopunzante y luego huyeron en dirección desconocida.  ⬇⬇⬇;2025-08-12T22:48:47+0000;2025-08-13T23:18:47+0000;
780;19;1;484380111608699_1199475802213779;data;data.*;fetched (200);2025-08-18 14:45:12.348724;Facebook:/<page-id>/posts;➡El nuevo local contará con una sala de ventas que ofrecerá aproximadamente 3.500 productos.  ⬇⬇⬇;2025-08-12T22:45:02+0000;2025-08-14T22:32:02+0000;
781;19;1;484380111608699_1199459785548714;data;data.*;fetched (200);2025-08-18 14:45:12.348724;Facebook:/<page-id>/posts;➡Esta iniciativa busca cerrar vacíos legales en el Código Aeronáutico y fortalecer la seguridad en aeropuertos.  ⬇⬇⬇;2025-08-12T22:08:03+0000;2025-08-13T13:47:07+0000;
782;19;1;484380111608699_1199443385550354;data;data.*;fetched (200);2025-08-18 14:45:12.348724;Facebook:/<page-id>/posts;🔴Enfrentó a delincuente que la intimidó con un cuchillo.  ⬇⬇⬇;2025-08-12T21:31:07+0000;2025-08-12T21:42:42+0000;
783;19;1;484380111608699_1199418812219478;data;data.*;fetched (200);2025-08-18 14:45:12.348724;Facebook:/<page-id>/posts;➡A través de una consulta, las personas señalan que los problemas principales que los afectan son la falta de respuesta ante los reclamos.  ⬇⬇⬇;2025-08-12T20:38:03+0000;2025-08-12T20:38:03+0000;
784;19;1;484380111608699_1199413015553391;data;data.*;fetched (200);2025-08-18 14:45:12.348724;Facebook:/<page-id>/posts;La actividad reunió a autoridades del sector educativo, de seguridad y de orden público. ⬇⬇⬇⬇ https://acortar.link/MDs5UD;2025-08-12T20:26:00+0000;2025-08-12T20:26:00+0000;
785;19;1;484380111608699_1199401475554545;data;data.*;fetched (200);2025-08-18 14:45:12.348724;Facebook:/<page-id>/posts;🔴La defensa anunció que tomará un rol activo en la investigación, presentando testigos que respalden la condición de víctima. ⬇⬇⬇;2025-08-12T20:03:52+0000;2025-08-17T00:19:17+0000;
786;19;1;484380111608699_1199397332221626;data;data.*;fetched (200);2025-08-18 14:45:12.348724;Facebook:/<page-id>/posts;➡La presidenta de Salmonicultores de Magallanes, Francisca Rojas, advirtió que el sector ya observa una disminución en los envíos hacia Estados Unidos.  ⬇⬇⬇;2025-08-12T19:56:02+0000;2025-08-13T20:40:54+0000;
787;19;1;484380111608699_1199365218891504;data;data.*;fetched (200);2025-08-18 14:45:12.348724;Facebook:/<page-id>/posts;➡La obra, que contempla una inversión cercana a los 8.600 millones de pesos, contará con casi 2.000 metros cuadrados construidos.  ⬇⬇⬇;2025-08-12T18:56:02+0000;2025-08-12T18:56:02+0000;
788;19;1;484380111608699_1199345785560114;data;data.*;fetched (200);2025-08-18 14:45:12.348724;Facebook:/<page-id>/posts;➡El seremi MOP detalló que varias de las solicitudes del gremio ya están incluidas en la planificación ministerial.  ⬇⬇⬇;2025-08-12T18:25:03+0000;2025-08-12T18:25:03+0000;
789;19;1;484380111608699_1293722115467624;data;data.*;fetched (200);2025-08-18 14:45:12.348724;Facebook:/<page-id>/posts;Nathalie Petit - Candidata de Dama Chilena 2025 | #UnaMañanaEnFamilia EN VIVO 🟡;2025-08-12T15:14:15+0000;2025-08-13T05:04:18+0000;
790;19;1;484380111608699_2041723819699182;data;data.*;fetched (200);2025-08-18 14:45:12.348724;Facebook:/<page-id>/posts;Nos Visitan del Club Aguas Abiertas Magallanes     | #UnaMañanaEnFamilia EN VIVO 🟡;2025-08-12T14:45:58+0000;2025-08-16T04:01:46+0000;
791;19;1;484380111608699_1324157172558120;data;data.*;fetched (200);2025-08-18 14:45:12.348724;Facebook:/<page-id>/posts;Despacho desde Dickies    | #UnaMañanaEnFamilia EN VIVO 🟡;2025-08-12T14:35:42+0000;2025-08-12T14:35:42+0000;
792;19;1;484380111608699_1778599063045320;data;data.*;fetched (200);2025-08-18 14:45:12.348724;Facebook:/<page-id>/posts;Katherin Legue Díaz - Terapeuta Integral    | #UnaMañanaEnFamilia EN VIVO 🟡;2025-08-12T14:03:40+0000;2025-08-12T14:18:10+0000;
793;19;1;484380111608699_1804760723758569;data;data.*;fetched (200);2025-08-18 14:45:12.348724;Facebook:/<page-id>/posts;Nos Visitan del Cesfam Mateo Bencur | #UnaMañanaEnFamilia EN VIVO 🟡;2025-08-12T13:35:59+0000;2025-08-15T15:17:15+0000;
794;19;1;484380111608699_1294512822056040;data;data.*;fetched (200);2025-08-18 14:45:12.348724;Facebook:/<page-id>/posts;Despacho desde Central de Carnes   | #UnaMañanaEnFamilia EN VIVO 🟡;2025-08-12T13:13:40+0000;2025-08-12T13:13:40+0000;
795;19;1;ITVPatagonia;offcut;;fetched (200);2025-08-18 14:45:12.348724;Facebook:/<page-id>/posts;;;;
20;None;0;soberaniaradio;seed;;;None;None;;;;
796;20;1;339950156036086_1450195493413112;data;data.*;fetched (200);2025-08-18 14:45:14.602534;Facebook:/<page-id>/posts;NACIONAL  Detienen en Colombia a presunto sicario del “Rey de Meiggs”;2025-08-16T23:20:59+0000;2025-08-18T03:30:34+0000;
797;20;1;339950156036086_1450151093417552;data;data.*;fetched (200);2025-08-18 14:45:14.602534;Facebook:/<page-id>/posts;TransAlerce aclara que chofer sorprendido en control no pertenece a la empresa: un conductor fue desvinculado semanas atrás;2025-08-16T21:45:36+0000;2025-08-18T02:46:13+0000;
798;20;1;339950156036086_1450145506751444;data;data.*;fetched (200);2025-08-18 14:45:14.602534;Facebook:/<page-id>/posts;Carabineros captura a dos sujetos tras amenazas de muerte y hallazgo de armas en Punta Arenas;2025-08-16T21:34:23+0000;2025-08-17T18:43:11+0000;
799;20;1;339950156036086_1450072926758702;data;data.*;fetched (200);2025-08-18 14:45:14.602534;Facebook:/<page-id>/posts;Consejos Regionales se rebelan contra el centralismo y compran sus propios helicópteros;2025-08-16T19:13:33+0000;2025-08-16T21:56:46+0000;
800;20;1;339950156036086_1449993733433288;data;data.*;fetched (200);2025-08-18 14:45:14.602534;Facebook:/<page-id>/posts;“Se les acabó el pan antes de meter las manos en la masa: Carabineros detuvo a dos adolescentes en panadería”;2025-08-16T17:12:10+0000;2025-08-18T19:27:08+0000;
801;20;1;339950156036086_1449883250111003;data;data.*;fetched (200);2025-08-18 14:45:14.602534;Facebook:/<page-id>/posts;A esta hora, pescadores y trabajadores de la acuicultura se manifiestan en el Cruce de la Muerte, en rechazo al plan de manejo de la Reserva Nacional Kawésqar.;2025-08-16T14:41:27+0000;2025-08-18T04:25:21+0000;
802;20;1;339950156036086_1449294276836567;data;data.*;fetched (200);2025-08-18 14:45:14.602534;Facebook:/<page-id>/posts;Hombre cae al lecho de un río en prolongación Capitán Guillermo y es rescatado por Bomberos Gentileza de Patagonia Austral;2025-08-15T23:19:49+0000;2025-08-18T13:00:14+0000;
803;20;1;339950156036086_1449168516849143;data;data.*;fetched (200);2025-08-18 14:45:14.602534;Facebook:/<page-id>/posts;FISCALIZACIÓN  Conductor de bus intercomunal detenido por manejar ebrio en pleno centro de Punta Arenas;2025-08-15T19:35:31+0000;2025-08-16T18:38:53+0000;
804;20;1;339950156036086_1448997206866274;data;data.*;fetched (200);2025-08-18 14:45:14.602534;Facebook:/<page-id>/posts;Un joven resultó gravemente herido tras recibir tres impactos de proyectil durante un violento asalto ocurrido en el sector de Playa Norte.;2025-08-15T15:31:08+0000;2025-08-16T17:29:54+0000;
805;20;1;339950156036086_1448993036866691;data;data.*;fetched (200);2025-08-18 14:45:14.602534;Facebook:/<page-id>/posts;🔴 Ola de inseguridad en Punta Arenas: detienen a uno de dos sujetos sorprendidos robando en vivienda del centro;2025-08-15T15:24:32+0000;2025-08-18T18:02:07+0000;
806;20;1;339950156036086_1448901900209138;data;data.*;fetched (200);2025-08-18 14:45:14.602534;Facebook:/<page-id>/posts;NACIONAL Falla grave en controles: Perú incauta 1,5 toneladas de cocaína que pasaron sin ser detectadas en el puerto de Arica;2025-08-15T13:21:56+0000;2025-08-18T05:43:08+0000;
807;20;1;339950156036086_1448850996880895;data;data.*;fetched (200);2025-08-18 14:45:14.602534;Facebook:/<page-id>/posts;Vecinas y vecinos de Río de la Mano valoran inicio de pavimentación en la calle Arauco;2025-08-15T12:29:28+0000;2025-08-16T00:26:18+0000;
808;20;1;339950156036086_1448845403548121;data;data.*;fetched (200);2025-08-18 14:45:14.602534;Facebook:/<page-id>/posts;Fiscal Regional de Magallanes advierte que el avión de Ethan Guo solo podría salir de la Antártica si es desarmado;2025-08-15T12:22:01+0000;2025-08-17T18:59:56+0000;
809;20;1;339950156036086_1448829713549690;data;data.*;fetched (200);2025-08-18 14:45:14.602534;Facebook:/<page-id>/posts;“Nos quedamos sin hogar”: cierre del Buen Samaritano en Punta Arenas deja en la incertidumbre a más de 20 adultos mayores mientras el Estado mira hacia otro lado;2025-08-15T12:01:02+0000;2025-08-17T19:18:39+0000;
810;20;1;339950156036086_1448243590274969;data;data.*;fetched (200);2025-08-18 14:45:14.602534;Facebook:/<page-id>/posts;PDI detiene en Porvenir a un sujeto por el delito abigeato;2025-08-14T22:13:40+0000;2025-08-16T20:21:40+0000;
811;20;1;339950156036086_1448176150281713;data;data.*;fetched (200);2025-08-18 14:45:14.602534;Facebook:/<page-id>/posts;Se apaga la Casa del Samaritano: 25 ancianos y 33 trabajadores quedan sin su hogar ni sustento en Punta Arenas;2025-08-14T20:10:33+0000;2025-08-18T03:46:07+0000;
812;20;1;339950156036086_1448083120291016;data;data.*;fetched (200);2025-08-18 14:45:14.602534;Facebook:/<page-id>/posts;Jeannette Jara incluirá a Punta Arenas en su gira presidencial: “Menos política, más calle”;2025-08-14T17:52:09+0000;2025-08-18T17:54:03+0000;
813;20;1;339950156036086_1448053156960679;data;data.*;fetched (200);2025-08-18 14:45:14.602534;Facebook:/<page-id>/posts;🚨 😱 Conductor de taxi colectivo sorprendido manejando con alcohol  llevaba pasajeros ..;2025-08-14T17:16:12+0000;2025-08-15T20:46:40+0000;
814;20;1;339950156036086_1154706156480174;data;data.*;fetched (200);2025-08-18 14:45:14.602534;Facebook:/<page-id>/posts;Siguenos Tambien en � 94.1 FM Punta Arenas � 93.7 FM Natales � 32 TvRed Punta Arenas � ClaroTV 44 � 71 TvRed Natales.;2025-08-14T15:38:31+0000;2025-08-14T16:05:36+0000;
815;20;1;339950156036086_1415181799597099;data;data.*;fetched (200);2025-08-18 14:45:14.602534;Facebook:/<page-id>/posts;Siguenos Tambien en � 94.1 FM Punta Arenas � 93.7 FM Natales � 32 TvRed Punta Arenas � ClaroTV 44 � 71 TvRed Natales.;2025-08-14T15:10:20+0000;2025-08-14T15:38:13+0000;
816;20;1;339950156036086_1972101803604885;data;data.*;fetched (200);2025-08-18 14:45:14.602534;Facebook:/<page-id>/posts;Siguenos Tambien en � 94.1 FM Punta Arenas � 93.7 FM Natales � 32 TvRed Punta Arenas � ClaroTV 44 � 71 TvRed Natales.;2025-08-14T14:36:21+0000;2025-08-14T14:58:40+0000;
817;20;1;339950156036086_1499529131494925;data;data.*;fetched (200);2025-08-18 14:45:14.602534;Facebook:/<page-id>/posts;Siguenos Tambien en � 94.1 FM Punta Arenas � 93.7 FM Natales � 32 TvRed Punta Arenas � ClaroTV 44 � 71 TvRed Natales.;2025-08-14T14:14:19+0000;2025-08-15T07:42:25+0000;
818;20;1;339950156036086_798116112882649;data;data.*;fetched (200);2025-08-18 14:45:14.602534;Facebook:/<page-id>/posts;Siguenos Tambien en � 94.1 FM Punta Arenas � 93.7 FM Natales � 32 TvRed Punta Arenas � ClaroTV 44 � 71 TvRed Natales.;2025-08-14T13:43:55+0000;2025-08-14T13:48:28+0000;
819;20;1;339950156036086_739844445484248;data;data.*;fetched (200);2025-08-18 14:45:14.602534;Facebook:/<page-id>/posts;Siguenos Tambien en � 94.1 FM Punta Arenas � 93.7 FM Natales � 32 TvRed Punta Arenas � ClaroTV 44 � 71 TvRed Natales.;2025-08-14T13:03:20+0000;2025-08-14T13:10:04+0000;
820;20;1;339950156036086_1447814366984558;data;data.*;fetched (200);2025-08-18 14:45:14.602534;Facebook:/<page-id>/posts;CARABINEROS REALIZA CHARLAS DE PREVENCIÓN EN ESTABLECIMIENTOS EDUCACIONALES Sobre ley de responsabilidad penal adolescente, bullying, ciberbullying, drogas, usos de redes sociales y convivencia escolar;2025-08-14T13:00:39+0000;2025-08-14T20:58:55+0000;
821;20;1;339950156036086_3278966968945012;data;data.*;fetched (200);2025-08-18 14:45:14.602534;Facebook:/<page-id>/posts;Siguenos Tambien en � 94.1 FM Punta Arenas � 93.7 FM Natales � 32 TvRed Punta Arenas � ClaroTV 44 � 71 TvRed Natales.;2025-08-14T12:07:27+0000;2025-08-14T12:14:43+0000;
822;20;1;339950156036086_2991180677720635;data;data.*;fetched (200);2025-08-18 14:45:14.602534;Facebook:/<page-id>/posts;Siguenos Tambien en � 94.1 FM Punta Arenas � 93.7 FM Natales � 32 TvRed Punta Arenas � ClaroTV 44 � 71 TvRed Natales.;2025-08-14T11:34:12+0000;2025-08-15T12:30:14+0000;
823;20;1;339950156036086_1447749056991089;data;data.*;fetched (200);2025-08-18 14:45:14.602534;Facebook:/<page-id>/posts;;2025-08-14T11:33:38+0000;2025-08-14T11:33:38+0000;
824;20;1;339950156036086_1580465696294078;data;data.*;fetched (200);2025-08-18 14:45:14.602534;Facebook:/<page-id>/posts;Siguenos Tambien en � 94.1 FM Punta Arenas � 93.7 FM Natales � 32 TvRed Punta Arenas � ClaroTV 44 � 71 TvRed Natales.;2025-08-14T11:05:55+0000;2025-08-14T20:07:29+0000;
825;20;1;339950156036086_1447722846993710;data;data.*;fetched (200);2025-08-18 14:45:14.602534;Facebook:/<page-id>/posts;Fiscalización de Contraloría provoca desplome histórico de licencias médicas;2025-08-14T11:00:30+0000;2025-08-16T22:27:31+0000;
826;20;1;339950156036086_1447700116995983;data;data.*;fetched (200);2025-08-18 14:45:14.602534;Facebook:/<page-id>/posts;🚨 Magallanes en alerta: llaman a suspender cumpleaños ante explosivo aumento de virus respiratorios;2025-08-14T10:29:13+0000;2025-08-18T14:08:05+0000;
827;20;1;339950156036086_1447696323663029;data;data.*;fetched (200);2025-08-18 14:45:14.602534;Facebook:/<page-id>/posts;Según el último informe de la Contraloría, 113 funcionarios del Servicio de Salud Magallanes asistieron a casinos mientras se encontraban con licencia médica.;2025-08-14T10:24:44+0000;2025-08-16T17:03:08+0000;
828;20;1;339950156036086_1447408573691804;data;data.*;fetched (200);2025-08-18 14:45:14.602534;Facebook:/<page-id>/posts;Antes del funeral de Diego Galindo, conversamos con su hermano Sergio, quien pidió justicia y la máxima condena contra la autora del crimen del fin de semana.;2025-08-14T02:31:07+0000;2025-08-15T14:51:16+0000;
829;20;1;339950156036086_1447291897036805;data;data.*;fetched (200);2025-08-18 14:45:14.602534;Facebook:/<page-id>/posts;🚨 EXPULSADO DE CHILE PDI Punta Arenas concretó la expulsión de un ciudadano dominicano (44) condenado por tráfico y microtráfico de drogas. Fue detenido en 2019 en la operación “Santa Cruz”, donde se incautó cocaína, dinero en efectivo y elementos para el ilícito. No podrá ingresar al país por 25 años.;2025-08-13T23:01:27+0000;2025-08-15T14:29:38+0000;
830;20;1;339950156036086_747397331332509;data;data.*;fetched (200);2025-08-18 14:45:14.602534;Facebook:/<page-id>/posts;Siguenos Tambien en � 94.1 FM Punta Arenas � 93.7 FM Natales � 32 TvRed Punta Arenas � ClaroTV 44 � 71 TvRed Natales.;2025-08-13T14:44:15+0000;2025-08-13T15:34:13+0000;
831;20;1;339950156036086_1446933490405979;data;data.*;fetched (200);2025-08-18 14:45:14.602534;Facebook:/<page-id>/posts;Autoridad Sanitaria de Magallanes confirma hallazgo de salmonela en pollo vendido en local de la Zona Franca;2025-08-13T14:43:25+0000;2025-08-18T08:23:27+0000;
832;20;1;339950156036086_1446915267074468;data;data.*;fetched (200);2025-08-18 14:45:14.602534;Facebook:/<page-id>/posts;;2025-08-13T14:18:22+0000;2025-08-13T14:18:22+0000;
833;20;1;339950156036086_2561408177544744;data;data.*;fetched (200);2025-08-18 14:45:14.602534;Facebook:/<page-id>/posts;Siguenos Tambien en � 94.1 FM Punta Arenas � 93.7 FM Natales � 32 TvRed Punta Arenas � ClaroTV 44 � 71 TvRed Natales.;2025-08-13T14:13:20+0000;2025-08-13T14:13:20+0000;
834;20;1;339950156036086_1446907593741902;data;data.*;fetched (200);2025-08-18 14:45:14.602534;Facebook:/<page-id>/posts;Carabineros decomisa más de un kilo de marihuana y detiene a dos Colombianos en Punta Arenas;2025-08-13T14:09:01+0000;2025-08-15T17:34:25+0000;
835;20;1;339950156036086_1446886597077335;data;data.*;fetched (200);2025-08-18 14:45:14.602534;Facebook:/<page-id>/posts;Ahora funerales de Diego Galindo;2025-08-13T13:42:08+0000;2025-08-13T13:42:08+0000;
836;20;1;339950156036086_1474109103713706;data;data.*;fetched (200);2025-08-18 14:45:14.602534;Facebook:/<page-id>/posts;Siguenos Tambien en � 94.1 FM Punta Arenas � 93.7 FM Natales � 32 TvRed Punta Arenas � ClaroTV 44 � 71 TvRed Natales.;2025-08-13T13:38:06+0000;2025-08-14T05:15:44+0000;
837;20;1;339950156036086_744439908504038;data;data.*;fetched (200);2025-08-18 14:45:14.602534;Facebook:/<page-id>/posts;Siguenos Tambien en � 94.1 FM Punta Arenas � 93.7 FM Natales � 32 TvRed Punta Arenas � ClaroTV 44 � 71 TvRed Natales.;2025-08-13T13:08:51+0000;2025-08-13T13:08:51+0000;
838;20;1;339950156036086_628501593640810;data;data.*;fetched (200);2025-08-18 14:45:14.602534;Facebook:/<page-id>/posts;Siguenos Tambien en � 94.1 FM Punta Arenas � 93.7 FM Natales � 32 TvRed Punta Arenas � ClaroTV 44 � 71 TvRed Natales.;2025-08-13T12:47:21+0000;2025-08-13T13:09:33+0000;
839;20;1;339950156036086_1306644181038645;data;data.*;fetched (200);2025-08-18 14:45:14.602534;Facebook:/<page-id>/posts;Siguenos Tambien en � 94.1 FM Punta Arenas � 93.7 FM Natales � 32 TvRed Punta Arenas � ClaroTV 44 � 71 TvRed Natales.;2025-08-13T12:09:32+0000;2025-08-13T12:09:32+0000;
840;20;1;339950156036086_543062945561557;data;data.*;fetched (200);2025-08-18 14:45:14.602534;Facebook:/<page-id>/posts;Siguenos Tambien en � 94.1 FM Punta Arenas � 93.7 FM Natales � 32 TvRed Punta Arenas � ClaroTV 44 � 71 TvRed Natales.;2025-08-13T11:35:13+0000;2025-08-13T11:52:31+0000;
841;20;1;339950156036086_1093840809377871;data;data.*;fetched (200);2025-08-18 14:45:14.602534;Facebook:/<page-id>/posts;Siguenos Tambien en � 94.1 FM Punta Arenas � 93.7 FM Natales � 32 TvRed Punta Arenas � ClaroTV 44 � 71 TvRed Natales.;2025-08-13T11:03:40+0000;2025-08-13T11:28:22+0000;
842;20;1;339950156036086_1446736913758970;data;data.*;fetched (200);2025-08-18 14:45:14.602534;Facebook:/<page-id>/posts;"Con arresto domiciliario total queda mujer acusada de parricidio; denunció amenazas de que le quemarían su casa";2025-08-13T10:21:48+0000;2025-08-15T15:53:17+0000;
843;20;1;339950156036086_1446386217127373;data;data.*;fetched (200);2025-08-18 14:45:14.602534;Facebook:/<page-id>/posts;PDI detiene a tres mujeres por robo con violencia  ocurrido el año pasado en una vivienda de Punta Arenas;2025-08-12T23:46:57+0000;2025-08-13T23:23:43+0000;
844;20;1;339950156036086_1446346807131314;data;data.*;fetched (200);2025-08-18 14:45:14.602534;Facebook:/<page-id>/posts;Fiscalía pide más de 18 años de cárcel para Daniel Jadue por caso Farmacias Populares;2025-08-12T22:27:18+0000;2025-08-13T21:27:49+0000;
845;20;1;339950156036086_1446216347144360;data;data.*;fetched (200);2025-08-18 14:45:14.602534;Facebook:/<page-id>/posts;"""Con sus propias manos: adulta mayor vence a ladrón armado y defiende su carnicería en Porvenir""";2025-08-12T18:53:01+0000;2025-08-14T10:17:30+0000;
846;20;1;339950156036086_1446198240479504;data;data.*;fetched (200);2025-08-18 14:45:14.602534;Facebook:/<page-id>/posts;Cámara aprobó proyecto impulsado por Carlos Bianchi que obliga a aerolíneas a informar identidad de pasajeros;2025-08-12T18:27:06+0000;2025-08-15T12:57:24+0000;
847;20;1;339950156036086_1446195093813152;data;data.*;fetched (200);2025-08-18 14:45:14.602534;Facebook:/<page-id>/posts;El MOP cumplió a la denuncia de un vecino por el mal estado del camino hacia Laguna Lynch.   Llegaron con sus maquinarias de vialidad y estabilizado para arreglar el camino.   Nos alegramos que todo se haya subsanado en tiempo récord.;2025-08-12T18:22:46+0000;2025-08-13T00:56:39+0000;
848;20;1;339950156036086_1446182067147788;data;data.*;fetched (200);2025-08-18 14:45:14.602534;Facebook:/<page-id>/posts;El choque sucedió en la tarde del lunes y dos autos resultaron con daños. No hubo heridos pero el tráfico vehicular estuvo controlado por Carabineros que llego a hacerse cargo del procedimiento.;2025-08-12T18:03:26+0000;2025-08-15T22:13:47+0000;
849;20;1;339950156036086_1446178897148105;data;data.*;fetched (200);2025-08-18 14:45:14.602534;Facebook:/<page-id>/posts;Este lunes, la Secretaría Regional Ministerial de Educación (SECREDUC) y el Servicio Local de Educación Pública (SLEP) Magallanes dieron inicio a un Plan Piloto de Convivencia y Mediación en la Escuela España de Punta Arenas, donde 16 estudiantes del establecimiento, de 5° a 8° básico, además de dos miembros del Centro de Alumnos, asumieron como mediadores escolares para promover el diálogo y la solución de los conflictos de manera pacífica en la comunidad educativa.  Esta iniciativa fue posible gracias a un Convenio de Colaboración entre la SECREDUC y el SLEP Magallanes, donde estamparon su firma el seremi de Educación, Valentín Aguilera Gómez, el director(s) del SLEP, Jorge Valdés Oróstica, y la directora de la escuela, Bernardita Hurtado Díaz.  “Hemos venido desarrollando un trabajo sistemático junto al SLEP en la implementación de proyectos de Convivencia y Mediación Educativa en los establecimientos públicos de la Región de Magallanes y de la Antártica Chilena, teniendo presente los últimos acontecimientos que han ocurrido en la comuna de Punta Arenas, lo que nos demanda aunar esfuerzos para prevenir estos hechos”, señaló el seremi de Educación, Valentín Aguilera Gómez.  Agregando que la Secretaría Regional Ministerial de Educación, en el marco del fortalecimiento de la Educación Pública, se compromete a gestionar el desarrollo de actividades de formación y difusión en materia de Convivencia Educativa, para el logro de la formación integral de niños, niñas y adolescentes. “Es por ello que nos llena de satisfacción que este plan piloto pueda comenzar hoy en la Escuela España, deseándoles a las y los jóvenes que sea una gran experiencia, colaborando en la construcción de una sana convivencia al interior de las aulas”, indicó la autoridad educativa.  Por su parte, el SLEP Magallanes ha desplegado un acompañamiento técnico-pedagógico continuo, trabajando junto a los equipos directivos y comunitarios de los establecimientos para identificar necesidades, mejorar prácticas docentes y fortalecer la gestión educativa, con herramientas como el Diagnóstico Integral de Aprendizajes.  “La misión del Servicio Local es garantizar una educación pública de calidad, inclusiv;2025-08-12T17:58:59+0000;2025-08-12T17:58:59+0000;
850;20;1;339950156036086_1446176060481722;data;data.*;fetched (200);2025-08-18 14:45:14.602534;Facebook:/<page-id>/posts;Mara Bedacarratz fue formalizada por parricidio, pero por ser un caso de género, fue llevada a su casa donde cumplirá arresto domiciliario total.   Ella en audiencia exploto en llanto cuando escucho la resolución judicial y donde la fiscalia deberá establecer si la imputada fue víctima de violencia en los últimos 3 años por su pareja, Diego Galindo, quien murió a raíz de una puñalada en el corazón.   La mujer mostró pruebas a la fiscalia de las agresiones sufridas y donde declaró ayer en la tarde.  Ahora deberá analizarse si fue la víctima quien la agredió como ella expresó en audiencia por intermedio de una declaración voluntaria y donde se supo que no denunciaba por temor a perder apoyo económico.   Esta medida podría cambiarse si la familia de Diego, recurre a la justicia con alguna querella.   Se estableció 120 días para el cierre de la causa.;2025-08-12T17:54:46+0000;2025-08-16T22:19:32+0000;
851;20;1;339950156036086_1446160150483313;data;data.*;fetched (200);2025-08-18 14:45:14.602534;Facebook:/<page-id>/posts;Vecinos del sector de Laguna Lynch, informaron que se sienten olvidados por la autoridad m, ya que los caminos estaban en malas condiciones y que nadie va a arreglar los terrenos.   Es así que el MOP se comunico con Soberanía y se comprometio a solucionar el problema de barro y hoyos en la calle.;2025-08-12T17:30:33+0000;2025-08-12T22:20:34+0000;
852;20;1;339950156036086_1445992047166790;data;data.*;fetched (200);2025-08-18 14:45:14.602534;Facebook:/<page-id>/posts;;2025-08-12T13:49:00+0000;2025-08-12T13:49:00+0000;
853;20;1;339950156036086_1445991910500137;data;data.*;fetched (200);2025-08-18 14:45:14.602534;Facebook:/<page-id>/posts;Formalización por Parricidio;2025-08-12T13:48:52+0000;2025-08-12T13:48:52+0000;
854;20;1;339950156036086_1120935096560950;data;data.*;fetched (200);2025-08-18 14:45:14.602534;Facebook:/<page-id>/posts;Siguenos Tambien en � 94.1 FM Punta Arenas � 93.7 FM Natales � 32 TvRed Punta Arenas � ClaroTV 44 � 71 TvRed Natales.;2025-08-12T13:42:35+0000;2025-08-12T20:07:52+0000;
855;20;1;339950156036086_1441298897113689;data;data.*;fetched (200);2025-08-18 14:45:14.602534;Facebook:/<page-id>/posts;Siguenos Tambien en � 94.1 FM Punta Arenas � 93.7 FM Natales � 32 TvRed Punta Arenas � ClaroTV 44 � 71 TvRed Natales.;2025-08-12T13:02:05+0000;2025-08-13T01:29:57+0000;
856;20;1;339950156036086_2596481357378004;data;data.*;fetched (200);2025-08-18 14:45:14.602534;Facebook:/<page-id>/posts;Siguenos Tambien en � 94.1 FM Punta Arenas � 93.7 FM Natales � 32 TvRed Punta Arenas � ClaroTV 44 � 71 TvRed Natales.;2025-08-12T12:45:02+0000;2025-08-12T18:43:39+0000;
857;20;1;339950156036086_751792757598098;data;data.*;fetched (200);2025-08-18 14:45:14.602534;Facebook:/<page-id>/posts;Siguenos Tambien en � 94.1 FM Punta Arenas � 93.7 FM Natales � 32 TvRed Punta Arenas � ClaroTV 44 � 71 TvRed Natales.;2025-08-12T12:05:54+0000;2025-08-12T12:05:54+0000;
858;20;1;339950156036086_1264925781940044;data;data.*;fetched (200);2025-08-18 14:45:14.602534;Facebook:/<page-id>/posts;Siguenos Tambien en � 94.1 FM Punta Arenas � 93.7 FM Natales � 32 TvRed Punta Arenas � ClaroTV 44 � 71 TvRed Natales.;2025-08-12T11:36:09+0000;2025-08-15T03:59:23+0000;
859;20;1;339950156036086_1510648436775342;data;data.*;fetched (200);2025-08-18 14:45:14.602534;Facebook:/<page-id>/posts;Siguenos Tambien en � 94.1 FM Punta Arenas � 93.7 FM Natales � 32 TvRed Punta Arenas � ClaroTV 44 � 71 TvRed Natales.;2025-08-12T11:08:45+0000;2025-08-12T11:29:18+0000;
860;20;1;339950156036086_1445860493846612;data;data.*;fetched (200);2025-08-18 14:45:14.602534;Facebook:/<page-id>/posts;Punta Arenas inicia fase de estudios  para definir su desarrollo urbano con tres propuestas de estructuración de la ciudad con participación ciudadana.;2025-08-12T10:49:23+0000;2025-08-13T11:45:02+0000;
861;20;1;339950156036086_1445502477215747;data;data.*;fetched (200);2025-08-18 14:45:14.602534;Facebook:/<page-id>/posts;Expertos califican de “populista” propuesta de autopréstamo de fondos AFP que diputados buscan reactivar;2025-08-12T00:26:47+0000;2025-08-15T19:42:33+0000;
862;20;1;339950156036086_1445469820552346;data;data.*;fetched (200);2025-08-18 14:45:14.602534;Facebook:/<page-id>/posts;Los 4 colegios salesianos participaron del tradicional desfile dominical. En su mes de actividades se desarrollarán varios eventos internos y externos, donde se recuerda la obra de Juan Bosco.   Fundó la Congregación Salesiana, la Asociación de María Auxiliadora (ADMA), la Asociación de Salesianos Cooperadores, el Boletín Salesiano, el Oratorio Salesiano y el Instituto de las Hijas de María Auxiliadora. Promovió la Asociación de Exalumnos Salesianos, el desarrollo de un sistema pedagógico moderno conocido como sistema preventivo para la formación de los niños y jóvenes, y la construcción de obras educativas al servicio de la juventud.;2025-08-11T23:19:50+0000;2025-08-12T09:43:59+0000;
863;20;1;339950156036086_1445459180553410;data;data.*;fetched (200);2025-08-18 14:45:14.602534;Facebook:/<page-id>/posts;Este martes se realizará la formalización de cargos contra Mara Bedacarratz, detenida por matar a su pareja y padre de su hijo, identificado como Diego Alexis Galindo Soto de 34 años. Ella denunció ser víctima de VIF. Podría ser formalizada por Parricidio, pero no ir a la cárcel.  No sé descarta dejarla con arresto domiciliario. Ella quería hablar pero lo hará mañana.;2025-08-11T22:58:08+0000;2025-08-15T07:04:14+0000;
864;20;1;339950156036086_1445457040553624;data;data.*;fetched (200);2025-08-18 14:45:14.602534;Facebook:/<page-id>/posts;Se termino el caso contra joven influencer que llego a la Antártica en un avión y sin permiso. Deberá pagar un donativo de 30 mil dólares y no regresar a Chile por 3 años.;2025-08-11T22:54:29+0000;2025-08-11T22:54:29+0000;
865;20;1;339950156036086_1445346830564645;data;data.*;fetched (200);2025-08-18 14:45:14.602534;Facebook:/<page-id>/posts;La PDI detuvo a un sujeto de 61 años por el delito flagrante de acoso sexual en lugares públicos. Los antecedentes fueron remitidos a la Fiscalía.;2025-08-11T20:43:57+0000;2025-08-13T11:15:24+0000;
866;20;1;339950156036086_2546493949064904;data;data.*;fetched (200);2025-08-18 14:45:14.602534;Facebook:/<page-id>/posts;Siguenos Tambien en � 94.1 FM Punta Arenas � 93.7 FM Natales � 32 TvRed Punta Arenas � ClaroTV 44 � 71 TvRed Natales.;2025-08-11T20:34:35+0000;2025-08-11T20:56:14+0000;
867;20;1;339950156036086_769693025422131;data;data.*;fetched (200);2025-08-18 14:45:14.602534;Facebook:/<page-id>/posts;Siguenos Tambien en � 94.1 FM Punta Arenas � 93.7 FM Natales � 32 TvRed Punta Arenas � ClaroTV 44 � 71 TvRed Natales.;2025-08-11T20:02:32+0000;2025-08-13T23:47:17+0000;
868;20;1;339950156036086_1445313727234622;data;data.*;fetched (200);2025-08-18 14:45:14.602534;Facebook:/<page-id>/posts;UMAG podría concretar un préstamo con aval del Estado que permita dar estabilidad financiera a la casa de estudios por $20 mil millones de pesos.;2025-08-11T19:48:02+0000;2025-08-12T05:06:46+0000;
869;20;1;339950156036086_1445255217240473;data;data.*;fetched (200);2025-08-18 14:45:14.602534;Facebook:/<page-id>/posts;Alcalde de Punta Arenas Claudio Radonich señaló que se inician sumarios contra 9 Funcionarios municipales y 30 de la CORMUPA, que fueron a Casinos  de Juegos estando con Licencia Médica;2025-08-11T18:11:29+0000;2025-08-14T11:58:25+0000;
870;20;1;339950156036086_749926547967417;data;data.*;fetched (200);2025-08-18 14:45:14.602534;Facebook:/<page-id>/posts;Siguenos Tambien en � 94.1 FM Punta Arenas � 93.7 FM Natales � 32 TvRed Punta Arenas � ClaroTV 44 � 71 TvRed Natales.;2025-08-11T14:33:45+0000;2025-08-11T15:01:17+0000;
871;20;1;339950156036086_758796079895408;data;data.*;fetched (200);2025-08-18 14:45:14.602534;Facebook:/<page-id>/posts;Siguenos Tambien en � 94.1 FM Punta Arenas � 93.7 FM Natales � 32 TvRed Punta Arenas � ClaroTV 44 � 71 TvRed Natales.;2025-08-11T14:17:35+0000;2025-08-11T14:25:54+0000;
872;20;1;339950156036086_730884583263974;data;data.*;fetched (200);2025-08-18 14:45:14.602534;Facebook:/<page-id>/posts;Siguenos Tambien en � 94.1 FM Punta Arenas � 93.7 FM Natales � 32 TvRed Punta Arenas � ClaroTV 44 � 71 TvRed Natales.;2025-08-11T13:48:14+0000;2025-08-11T13:48:14+0000;
873;20;1;339950156036086_1838222940426313;data;data.*;fetched (200);2025-08-18 14:45:14.602534;Facebook:/<page-id>/posts;Siguenos Tambien en � 94.1 FM Punta Arenas � 93.7 FM Natales � 32 TvRed Punta Arenas � ClaroTV 44 � 71 TvRed Natales.;2025-08-11T12:54:59+0000;2025-08-11T13:22:40+0000;
874;20;1;339950156036086_1444997603932901;data;data.*;fetched (200);2025-08-18 14:45:14.602534;Facebook:/<page-id>/posts;SALIDA ALTERNATIVA   Piloto Estadounidense Ethan Guo deberá hacer donación a la Fundación Nuestros Hijos  $30 mil dolares y restricción de ingreso a Chile;2025-08-11T12:16:43+0000;2025-08-12T11:43:39+0000;
875;20;1;339950156036086_733025486180558;data;data.*;fetched (200);2025-08-18 14:45:14.602534;Facebook:/<page-id>/posts;Siguenos Tambien en � 94.1 FM Punta Arenas � 93.7 FM Natales � 32 TvRed Punta Arenas � ClaroTV 44 � 71 TvRed Natales.;2025-08-11T12:07:24+0000;2025-08-11T12:13:56+0000;
876;20;1;339950156036086_1097494248510144;data;data.*;fetched (200);2025-08-18 14:45:14.602534;Facebook:/<page-id>/posts;Siguenos Tambien en � 94.1 FM Punta Arenas � 93.7 FM Natales � 32 TvRed Punta Arenas � ClaroTV 44 � 71 TvRed Natales.;2025-08-11T11:33:26+0000;2025-08-11T11:53:37+0000;
877;20;1;339950156036086_1895838258005317;data;data.*;fetched (200);2025-08-18 14:45:14.602534;Facebook:/<page-id>/posts;Siguenos Tambien en � 94.1 FM Punta Arenas � 93.7 FM Natales � 32 TvRed Punta Arenas � ClaroTV 44 � 71 TvRed Natales.;2025-08-11T11:07:09+0000;2025-08-11T11:19:52+0000;
878;20;1;339950156036086_1444924873940174;data;data.*;fetched (200);2025-08-18 14:45:14.602534;Facebook:/<page-id>/posts;Mujer detenida por muerte de su pareja en Punta Arenas asegura que actuó en defensa propia;2025-08-11T10:31:20+0000;2025-08-15T23:52:41+0000;
879;20;1;339950156036086_1444921183940543;data;data.*;fetched (200);2025-08-18 14:45:14.602534;Facebook:/<page-id>/posts;🚨 Arraigo regional y firma quincenal para conductor ebrio que causó accidente en Punta Arenas 🚨;2025-08-11T10:24:50+0000;2025-08-17T13:14:41+0000;
880;20;1;soberaniaradio;offcut;;fetched (200);2025-08-18 14:45:14.602534;Facebook:/<page-id>/posts;;;;
21;None;0;ConfeDeMagallanicos;seed;;;None;None;;;;
881;21;1;804695036532762_1210555117757657;data;data.*;fetched (200);2025-08-18 14:45:17.068589;Facebook:/<page-id>/posts;▪️ Hoy día, la Garra Blanca y la Universidad Católica, hicieron llorar a la leyenda viviente, 🇨🇱 Arturo Vidal. 😭 💔 🥺;2025-08-16T21:02:39+0000;2025-08-17T04:30:27+0000;
882;21;1;804695036532762_1210535314426304;data;data.*;fetched (200);2025-08-18 14:45:17.068589;Facebook:/<page-id>/posts;🖤🤍🖤🤦🏻‍♂️🖤🤍🖤;2025-08-16T20:22:39+0000;2025-08-17T04:17:22+0000;
883;21;1;804695036532762_1210529644426871;data;data.*;fetched (200);2025-08-18 14:45:17.068589;Facebook:/<page-id>/posts;¡ENTRÓ CON TUTO! 😨  Goles más rápidos en primer y segundo tiempo 🤦🏻‍♂️  A los 23 segundos se rompió el 0-0 y y el 4 a 1 en l segundo tiempo 🤦🏻‍♂️ en el Monumental. Error de Fernando de Paul que Cuevas pudo aprovechar para marcar el primero de la tarde y el cuarto gol🤦🏻‍♂️.;2025-08-16T20:11:34+0000;2025-08-17T00:14:10+0000;
884;21;1;804695036532762_1210519857761183;data;data.*;fetched (200);2025-08-18 14:45:17.068589;Facebook:/<page-id>/posts;🖤🤍🖤🤦🏻‍♂️🖤🤍🖤;2025-08-16T19:52:24+0000;2025-08-17T01:15:50+0000;
885;21;1;804695036532762_1210515664428269;data;data.*;fetched (200);2025-08-18 14:45:17.068589;Facebook:/<page-id>/posts;Están dando una película de cine para adultos en el TNT Sports  💙🤍💙🤦🏻‍♂️🖤🤍🖤;2025-08-16T19:44:46+0000;2025-08-18T16:27:48+0000;
886;21;1;804695036532762_1210483737764795;data;data.*;fetched (200);2025-08-18 14:45:17.068589;Facebook:/<page-id>/posts;❤️ Confesión anónima ❤️  Estuve leyendo un post referente a las suegras, sé que no todas son pencas obviamente, a mi, me tocó una penca penca mala y todo lo que se venga a la mente.  Cuando comencé con mi esposo todo bien, ningún problema, pero cuando nació mi primer hijo lo odio ! Pero de verdad, ella le enseñó que le dijera su nombre y jamás abuela( mi esposo tiene una hija de su anterior relación) ella es el mundo de la mamá de mi esposo y sólo ella le dice abuela. A ella le daba todo todo, a todo esto tiene 3 nietos más que no quiere misma historia, lo más doloroso que hizo, fue cuando a la nieta en un di del niño de aquellos años le regalo un MP4 último modelo, a mi hijo de 3 años le regalo un 1+1 y unas papas porque no tenía más plata, nosotros sabíamos que no era cierto y no nos importa lo material, si no el hecho de la diferencias hubiese preferido que no le regalara nada. A sus otros nietos un capri ( chocolate) de hay en adelante siempre fue igual, ella decía que quería más a su nieta por no estar con su papá, pero eso no es culpa de nadie menos de los niños, en cuanto al cariño, cero!!! No los llama no pregunta por ellos no le importan en lo absoluto, un día mi esposo fue a verla ( porque yo dejé de ir ya que no aguanto que sea así con mis hijos) y le dijo que mi hijo estaba enfermito tenía otitis, ella le contestó, no me interesa uds no se preocupan por mi, porque no la llamamos, ella es una personas que llama la atención siempre, se enferma hasta inventa dolores, después de todo el show que he estado en varias ocaciones porque soy una estúpida.   La he acompañado en varias ocaciones, eso cuando era más chica, pero hoy más vieja ya no siento ni lástima, nació mi segundo retoño, fue un poco distinto pero tampoco lo quiere lo pesca mucho más que al primero pero no hay cariños, me pone tan mal, porque si bien mi esposo no está de acuerdo con eso y le duele, él jamás la dejará sola( yo a veces quiero eso pero está en mi mente no más, no se lo digo porque se al final es su mamá ) y es lo que le queda pues su papá falleció, ojo que no reclamó parte económica si no los hechos y el nulo cariño que puede haber.  Pd: Como sé que ella no quiere a sus otros 5 nietos? Ella misma lo ha dicho y se lo decía a quien hablara con ella.   Han pasado 20 años, siempre tuve esperanza que cambiara, ya no cambio .  Cabe destacar mi esposo tiene una linda relación con su hija.  En fin, al final no nos hace falta... jajaa pero duele, gracias por leer...;2025-08-16T18:45:30+0000;2025-08-17T00:56:45+0000;
887;21;1;804695036532762_1210472251099277;data;data.*;fetched (200);2025-08-18 14:45:17.068589;Facebook:/<page-id>/posts;👮🏻‍♂️Asi no mas;2025-08-16T18:24:37+0000;2025-08-16T18:52:54+0000;
888;21;1;804695036532762_1210329611113541;data;data.*;fetched (200);2025-08-18 14:45:17.068589;Facebook:/<page-id>/posts;Conozco a varios con el mismo caracho, y se juran facheros con el corte de pelo…;2025-08-16T15:19:10+0000;2025-08-16T16:22:22+0000;
889;21;1;804695036532762_1209495234530312;data;data.*;fetched (200);2025-08-18 14:45:17.068589;Facebook:/<page-id>/posts;🚨TRES INTERNOS SE FUGAN DESDE CARCEL DE VALPARAISO.  En horas de la madrugada de este viernes, tres internos lograron fugarse desde el Centro Penitenciario de Valparaíso, en un hecho que ha encendido las alarmas en Gendarmería y las policías de la región.  Los evadidos fueron identificados como:  📌Juan Israel González Quezada (RUT 19.778.090-8), condenado a presidio perpetuo calificado, privado de libertad desde el 17 de junio de 2022.  📌Jairo Adonis González Miranda (RUT 20.396.878-7), condenado a presidio perpetuo calificado más multa, recluido desde el 12 de febrero de 2020.  📌Claudio Alexander Fornes Vicuña (RUT 17.804.740-K), condenado a 5 años y 1 día de presidio, ingresado al penal en agosto de 2023.  Según información preliminar, la fuga se habría producido entre la noche del jueves y la madrugada del viernes, aprovechando un descuido en los protocolos de seguridad.  Gendarmería no ha entregado mayores detalles sobre el método de escape, pero sí confirmó que se activó un operativo conjunto con Carabineros y la Policía de Investigaciones para dar con el paradero de los reclusos.  Fuentes internas señalan que se desplegaron controles carreteros en accesos y salidas de Valparaíso, además de un rastreo en sectores rurales y urbanos cercanos. La institución llamó a la ciudadanía a no intentar detener a los fugados por sus propios medios y a reportar cualquier avistamiento al 133 de Carabineros o al 134 de la PDI.  El Ministerio de Justicia anunció que se abrirá una investigación administrativa para esclarecer responsabilidades y determinar cómo fue posible que tres condenados de alta peligrosidad escaparan de un recinto de alta seguridad.  Este hecho se suma a una serie de incidentes recientes que han puesto en tela de juicio las condiciones de seguridad en las cárceles del país, reavivando el debate sobre la infraestructura penitenciaria y el control de internos peligrosos.;2025-08-15T16:43:03+0000;2025-08-16T14:39:33+0000;
890;21;1;804695036532762_1209382241208278;data;data.*;fetched (200);2025-08-18 14:45:17.068589;Facebook:/<page-id>/posts;Hoy día vine a hacer trámites a la municipalidad y está cerrado!! Hasta cuando con la flojera, renuncia Radonich 😡  Y más lo que me cuesta levantarme temprano…;2025-08-15T14:08:35+0000;2025-08-18T18:44:48+0000;
891;21;1;804695036532762_1209198627893306;data;data.*;fetched (200);2025-08-18 14:45:17.068589;Facebook:/<page-id>/posts;🤔🤔 Cambio de gabinete 🤔🤔;2025-08-15T09:42:04+0000;2025-08-16T14:58:50+0000;
892;21;1;804695036532762_1208848654594970;data;data.*;fetched (200);2025-08-18 14:45:17.068589;Facebook:/<page-id>/posts;❤️ Confesión anónima ❤️  Ahora que se viene septiembre y los famosos bailes tipicos de Chile...  Ahora ya no tan Chile por que últimamente estan siendo multiculturales. En el colegio de mi hijo ya le asignaron un baile y pa rematar es de otro país, como estan las cosas en el pais y con esa gente a nadie le parecio y una apoderada reclamo diciendo que son fiestas patrias de Chile, no de los otros paises y se supone que ellos deben aprender nuestras costumbres y bailes y agregan otros paises. La profe solo atino decir que el colegio tienen inmigrantes y que era multicultural, yo no dije nada... dentro de mi pense, no dejo la caga por que tolero ciertas cosas y arruinarle la ilusión a esos niños inocentes, no saben nada de los conflictos sociales.  Que opinan ustedes? No busco hate ni mala onda, solo una opinion.;2025-08-14T23:40:35+0000;2025-08-16T12:48:12+0000;
893;21;1;804695036532762_1208694014610434;data;data.*;fetched (200);2025-08-18 14:45:17.068589;Facebook:/<page-id>/posts;👀 Candidata Jeannette Jara anuncia que vendrá a la región de Magallanes en su gira por el país a fines de agosto.;2025-08-14T18:33:11+0000;2025-08-16T23:45:12+0000;
894;21;1;804695036532762_1208646997948469;data;data.*;fetched (200);2025-08-18 14:45:17.068589;Facebook:/<page-id>/posts;¿Fiestas Patrias XL?: Proponen que 17 de septiembre sea feriado... 🇨🇱🎊🎉🇨🇱🎊🎉🇨🇱🎊🎉;2025-08-14T17:27:47+0000;2025-08-15T13:16:27+0000;
895;21;1;804695036532762_1208638711282631;data;data.*;fetched (200);2025-08-18 14:45:17.068589;Facebook:/<page-id>/posts;❤️ Confesión anónima ❤️  El tiene 33 yo tengo 45, tengo muy buen estado fisico, pero he sufrido muchas decepciones, a mi ya no me venden la pomada, pero el es distinto, es cómo si hablara con alguien de mi edad, mi problema es que el quiere tener hijos y yo ya no puedo.   Por eso aún no le he dicho nada, ya son 2 años de conocerlo, el vive con su abuela y rescata mascotas, ya varias veces lo he acompañado a sus maratones de adopción y tambien a rescatar.   Ni cuando tenia 15 estaba tan embobada con alguien.  Algún consejo?;2025-08-14T17:14:40+0000;2025-08-15T00:50:31+0000;
896;21;1;804695036532762_1208098154670020;data;data.*;fetched (200);2025-08-18 14:45:17.068589;Facebook:/<page-id>/posts;🇨🇱 LA IDA SE QUEDÓ EN CHILE  🔝U. de Chile le ganó 1-0 a Independiente por los Octavos de final de la CONMEBOL #Sudamericana  ⚽ Lucas Assadi marcó el gol  🟥 Matías Abaldo fue expulsado en el Rojo  🔜 La serie se definirá el próximo miércoles en Avellaneda.;2025-08-14T02:31:33+0000;2025-08-15T12:39:29+0000;
897;21;1;804695036532762_1208061344673701;data;data.*;fetched (200);2025-08-18 14:45:17.068589;Facebook:/<page-id>/posts;💙❤️💙¡VENTAJA DE LA U!💙❤️💙  En 35 del primer tiempo, el equipo chileno se adelanta, 1 a 0 sobre Independiente. #CopaSudamericana;2025-08-14T01:27:49+0000;2025-08-14T12:47:01+0000;
898;21;1;804695036532762_1208000871346415;data;data.*;fetched (200);2025-08-18 14:45:17.068589;Facebook:/<page-id>/posts;Los kawésqar: Navegantes ancestrales de los canales australes  En las aguas frías y remotas de la Patagonia chilena, los kawésqar surcaban los canales con destreza en sus canoas de corteza. Eran cazadores-recolectores nómadas que dominaban el arte de la supervivencia en uno de los entornos más hostiles del planeta.  Conocían los secretos de las mareas, los ritmos de la fauna marina y las rutas seguras entre los fiordos. Su vida giraba en torno al mar, fuente de alimento y sustento.  Hoy, su lengua y tradiciones resisten contra el olvido. Recordarlos es honrar la memoria de un pueblo que navegó libremente por los confines del mundo. #ancestral #chile #PueblosOriginarios #cultura;2025-08-13T23:27:29+0000;2025-08-14T03:24:45+0000;
899;21;1;804695036532762_1207863501360152;data;data.*;fetched (200);2025-08-18 14:45:17.068589;Facebook:/<page-id>/posts;😏;2025-08-13T19:23:40+0000;2025-08-14T11:50:32+0000;
900;21;1;804695036532762_1207806004699235;data;data.*;fetched (200);2025-08-18 14:45:17.068589;Facebook:/<page-id>/posts;Según el INE, el promedio de sueldo en Magallanes es de $1.056.000 pesos Alguien me puede decir si es cierto? 🤑;2025-08-13T17:51:55+0000;2025-08-15T21:52:49+0000;
901;21;1;804695036532762_1207788451367657;data;data.*;fetched (200);2025-08-18 14:45:17.068589;Facebook:/<page-id>/posts;❤️ Confesión y rifa ♥️    Razón:  ya completé 5 meses sin poder trabajar, mi caso se fue a comisión médica después de luchar casi 4 años con el tema de el COVID que ya todos saben, nunca logré rehabilitarme al 100% como se esperaba, sí, logré caminar de nuevo y todo los avances que pudieron ver en mis redes, pero no fue suficiente, de un punto hasta hoy lo que había logrado recuperar, hoy nuevamente estoy en retroceso.  Y estoy con un 84% de invalidez definitiva.  A la espera de que acepten mi situación y me puedan pagar una pensión de invalidez, y bueno aquí les dejo mi rifa.  Premios: 🗣️Primer premio 50.000💃 🗣️Segundo premio 30.000 🗣️Tercer premio 20.000 🗣️Un premio sorpresa  🗣️Una canasta borracha que cuenta con más de 15 litros de cervezas.💃 🗣️Torta salada ❤️  Números de el 1 al 300 $2.000 cada número. Me hablan por interno.    Una vez más cuento con su ayuda;2025-08-13T17:29:47+0000;2025-08-13T17:37:33+0000;
902;21;1;804695036532762_1207775864702249;data;data.*;fetched (200);2025-08-18 14:45:17.068589;Facebook:/<page-id>/posts;"❤️ Confesión anónima ❤️  Confieso que denante veia las noticias con mi abuelita el canal pingüino y salieron las del barrio fino  Las influencers las tres joyitas super finas Una con la copa siempre medio llena (de vino) rebalsando y patas cruzadas llamemosla SOFI  otra con la mano con belcro entrenada para los pasillos del super llamemosla JESS  y la tercera que cree que entrar a casas ajenas es deporte OLiMPICO a esta llamemosla CHANCHANELLA🐷  Hace poco asaltaron la casa de Una chica super linda tan linda que les da envidia… porque una perdió a su marido en la guerra del “quién se lo quedó primero” 😂  Spoiler: por su pelea de piko no gano! todas perdieron la  dignidad Y ahora están con arresto domiciliario 😂  Tienen más denuncias que neuronas  más hijos q la perra abandona de la POBLA  y más antecedentes que planes de vida Y lo peor la justicia las dejo libres… pero encerradas en su casita si con su buen arresto por delincuentes Si viven acosando a mujeres hermosas Y para que vean este post tambien porque al parecer la cárcel tiene límites y ni ahí quieren a las acosadoras😂 Nadie las soporta! imaginate q una de ellas, el maridito pongamosle el ""Muñoz"" vive escribiendome q su tan presiada jess lo tiene enfermo 🫩🤮   Yo solo espero que la proxima vez se dediquen a algo más productivo…estas cumas acosadoras hasta  armar un circo sería más productivo q andar delinquiendo Total, ya tienen la cara de  payasas, drama y el olor a mierdal si ayer dejaron pasado a raja y a rollos de guatona en la parte de pdi tuvieron que desinfectar toda la area donde pasaron ellas jajajajajajaajjaj🤡";2025-08-13T17:09:12+0000;2025-08-13T23:14:23+0000;
903;21;1;804695036532762_1207655498047619;data;data.*;fetched (200);2025-08-18 14:45:17.068589;Facebook:/<page-id>/posts;Efemerides de nuestra región: a 30 años del Terremoto Blanco. Recuerdas este triste acontecimineto? donde estabas cuando sucedió este fuerte temporal de nieve?;2025-08-13T14:25:47+0000;2025-08-13T22:32:54+0000;
904;21;1;804695036532762_1207550704724765;data;data.*;fetched (200);2025-08-18 14:45:17.068589;Facebook:/<page-id>/posts;🔺️ Bueno, para los que aún no se han enterado, hay algo que podría cambiarlo todo… según científicos de harvard y de la estación espacial internacional, un objeto enorme —del tamaño de manhattan— llegará a nuestro sistema solar en noviembre de este 2025.  ¿Y qué es exactamente? Pues aquí viene lo inquietante: los científicos aseguran que no se trata de un asteroide ni de ningún cuerpo celeste natural. al parecer, es un objeto que se mueve de forma inteligente, como si tuviera un rumbo y un propósito. sí, lo que estás pensando: podría ser una nave extraterrestre gigante, posiblemente cargada con una civilización completa que habría huido de su planeta por alguna razón.  Lo más escalofriante es que algunos investigadores no descartan la posibilidad de que esta civilización sea hostil… y que nuestro planeta les interese más de lo que quisiéramos y aunque mucha gente se burla o no lo toma en serio, hay que recordar que esta información viene de científicos que sí tienen acceso a datos que el resto del mundo no conoce, usando instrumentos avanzadísimos. no son teorías sacadas de la nada. incluso algunos medios de comunicación ya están hablando de ello y hay quienes comienzan a preocuparse en serio.  Por cierto… ya se preguntaron para qué existe una fuerza militar espacial en estados unidos? tal vez no es tan “ciencia ficción” como pensábamos. 🤷🏻‍♂️ Si esto llega a ser real, deberíamos prepararnos como si viniera un huracán categoría 5… o algo peor.;2025-08-13T11:54:39+0000;2025-08-14T18:21:20+0000;
905;21;1;804695036532762_1207167391429763;data;data.*;fetched (200);2025-08-18 14:45:17.068589;Facebook:/<page-id>/posts;❤️ Confesión anónima ❤️  hola.. queria saber si la persona que prende su calentador a leña en general del canto con calle callado ... se da cuenta que llena las casas vecinas de humo.. yo por desgrasia estoy afectada ya que mi casa se pasa a humo 🥹 aun teniendo todo cerrado..;2025-08-13T00:01:36+0000;2025-08-15T19:14:04+0000;
906;21;1;804695036532762_1207132174766618;data;data.*;fetched (200);2025-08-18 14:45:17.068589;Facebook:/<page-id>/posts;❤️ Confesión anónima ❤️  Hola mamáhuevos , estoy viviendo si no el peor momento de mi vida, si uno de ellos.  Tengo una niña de 2 años el lunes fue su cumpleaños 🎈 me he separado de su papá infinidad de veces, el ya con una hija antes de 7 años, me enamore de él porque parecía una buena persona y siempre se portó bien con su primera hija, pero jamás desde que me embaracé pudimos estar bien, por peleas tontas de convivencia en casa, caracteres y otras situaciones, siempre se presentó como una persona suuuper leal y toda su vida se la pasó diciendo que su primera mujer no fue una buena y no es una buena persona.  Hace 3 meses me separé de él, empecé a ir a terapia, empecé a actuar yo también de manera más gentil hacía él todo esto con el fin de que me hija estuviera feliz con sus papás.  Pero, sinceramente todos los días pensaba que más hacer para que si en un punto regresáramos yo fuera mejor persona y no perder a mi familia, he amado a este hombre como nunca a nadie más.  Resulta que el lunes que fue cumpleaños de mi hija nos acompañó pasamos el día juntos los 3 y me beso, inclusive tuvimos intimidad, yo volada, enamorada, emocionada, para mi no había nada más hermoso que tener mi familia de 3.  Pero el gusto solo me duró unos días, pues estúpidamente revisé su celular y vi mensajes con la mamá de su otra hija, cortejandola, saliendo con ellos (la mamá, su hija y el otro hijo que tuvo la chica) él le decía que si salían en plan de novios, que pasaba por ella, que qué bonita etc.  Amigas saben todos los días que yo esperaba un comentario así, una salida con el, mi vida se enfoco en trabajar y que mi familia estuviera bien en todos los sentidos!!  Lo enfrente le reclame y me lo negó hasta que le dije que había visto su celular y solo fue un por que revisas mis cosas 🥹 ni una disculpa ni un lo siento, ni un perdón, me quede en casa con las manos vacías, una hija y un corazón roto 💔  Ayer sábado le festejé a mi hija sus dos años, y no saben lo difícil que fue darle un día extraordinario con la cabeza y el corazón hechos pedazos.  Subí fotos y se burló, se burló de mi y de mis sentimientos.  No quiero existir, no quiero respirar, me duele y me quema, no quiero abrir los ojos, quiero que esta pesadilla sea un mal momento porque no puedo creer cómo fue capaz de ilusionarme a mí y mi hija, teniendo estos momentos de 3.  Y como pudo ilusionar a su otra hija con la idea de ver a sus papás juntos de igual manera. 😞;2025-08-12T22:44:26+0000;2025-08-16T05:12:32+0000;
907;21;1;804695036532762_1207123971434105;data;data.*;fetched (200);2025-08-18 14:45:17.068589;Facebook:/<page-id>/posts;❤️ Confesión anónima ❤️  Trabajo en un supermercado en Punta Arenas. Siempre pasaba un caballero mayor con muletas. No hablaba mucho, solo sonreía y saludaba. En invierno dejaba de venir por el frío.  Un agosto, cuando volvió, me dijo: �Pensé que no me ibas a recordar�. Yo le respondí que claro que sí, que siempre esperaba verlo entrar. Me contó que después de cada ida al supermercado se quedaba en la plaza mirando las gaviotas, y que ese era �su momento de felicidad del día�. A veces uno no sabe que dos palabras pueden cambiarle la vida a alguien... y la tuya también.;2025-08-12T22:25:22+0000;2025-08-13T23:45:53+0000;
908;21;1;804695036532762_1207090798104089;data;data.*;fetched (200);2025-08-18 14:45:17.068589;Facebook:/<page-id>/posts;No entendía eso de mi viejo que decía “Kast  anda pelando cables…” hasta ahora…;2025-08-12T21:18:58+0000;2025-08-13T03:32:20+0000;
909;21;1;804695036532762_1207083051438197;data;data.*;fetched (200);2025-08-18 14:45:17.068589;Facebook:/<page-id>/posts;Miénteme como Jeannette Jara en los debates presidenciales 😜;2025-08-12T21:02:55+0000;2025-08-16T16:46:04+0000;
910;21;1;804695036532762_1207050961441406;data;data.*;fetched (200);2025-08-18 14:45:17.068589;Facebook:/<page-id>/posts;;2025-08-12T19:59:15+0000;2025-08-14T21:42:03+0000;
911;21;1;804695036532762_1206744794805356;data;data.*;fetched (200);2025-08-18 14:45:17.068589;Facebook:/<page-id>/posts;❤️ Confesión anónima ❤️  Los wnes de la aerolínea sky son unos verdaderos sinvergüenzas y sin respetos con sus clientes, mira que esperar 20,30 y hasta 50 minutos un retraso del avión. Está empresa debería salir de esta ciudad.  Mal y pesimo servicio;2025-08-12T12:46:32+0000;2025-08-12T19:53:11+0000;
912;21;1;804695036532762_1206725694807266;data;data.*;fetched (200);2025-08-18 14:45:17.068589;Facebook:/<page-id>/posts;🚨 Detectives de la Brigada Investigadora de Delitos Sexuales (Brisex) de la PDI en Punta Arenas realizaron una serie de diligencias tras recibir la denuncia de una adolescente que fue víctima de acoso sexual en plena vía pública. La rápida acción policial culminó con la detención de un hombre de 61 años con antecedentes por delitos de similares características.  Los hechos, según lo detallado por la comisaria Paola Pacheco, de la Brisex, ocurrieron cuando la adolescente se dirigía a su colegio. “Según los hechos relatados por la víctima, el sujeto la abordó cuando ella se bajó del colectivo y se dirigía hacia el colegio”, explicó la comisaria. El hombre la siguió por aproximadamente dos a tres cuadras, durante las cuales le realizó “preguntas incómodas con relación a su sexualidad y vida privada”.  La situación se tornó aún más preocupante cuando la víctima reveló a los detectives que no era la primera vez que esto sucedía. La adolescente relató que “en mayo le había ocurrido un hecho similar con el mismo sujeto”, lo que evidenció un patrón de conducta por parte del imputado.  Tras la denuncia, los detectives lograron identificar y detener al hombre de 61 años en el centro de la ciudad. El sujeto, que tiene antecedentes policiales por delitos como ofensa al pudor y grooming, fue detenido por el delito flagrante de acoso sexual en lugares públicos.  Los antecedentes del caso fueron puestos a disposición del Ministerio Público. El imputado quedó apercibido del artículo 26 del Código Procesal Penal y ahora está a la espera de ser citado por la Fiscalía para continuar con el proceso judicial.;2025-08-12T12:24:50+0000;2025-08-12T23:38:25+0000;
913;21;1;804695036532762_1206431131503389;data;data.*;fetched (200);2025-08-18 14:45:17.068589;Facebook:/<page-id>/posts;❤️ Confesión anónima ❤️  Me llamo (Ale) y soy de puerto natales. Tenía 17 años cuando descubrí que mi mamá estaba involucrada con nuestro vecino. Lo vi, no me lo contaron. Lo irónico es que mi papá tampoco era inocente: lo había visto engañarla varias veces. Su matrimonio parecía más costumbre que amor. Con el vecino, todo se volvió evidente: él la visitaba, la llevaba en su auto, la acompañaba a todos lados. Hasta que un día mi papá llegó temprano y los encontró juntos. No hubo gritos, solo silencio… pero él nunca la perdonó, aunque ella lo hizo muchas veces.   ¿Ustedes creen que fue justo?;2025-08-12T03:38:01+0000;2025-08-12T12:51:43+0000;
914;21;1;804695036532762_1206423301504172;data;data.*;fetched (200);2025-08-18 14:45:17.068589;Facebook:/<page-id>/posts;🔴 Confesión Anónima ❤️  No sé como explicar lo que esta sucediendo en mi hogar, mi mujer es la parte dominante de la relación, tenemos 11 años de casados y 2 bellos hijos los cuales amamos.   Hay úna etapa dificil que la principal carencia fue el sx, dejamos de tener relaciones durante casi 2 años... no nos dimos cuenta y los dos nos entendimos con personas afuera del matrimonio, yo con una compañera de la oficina y ella con un vecino. cuando decidimos hablar sobre nosotros, ella me dijo que tiene una persona fija y uno ocasional, que si la acepto así ella luchará por nuestro matrimonio, pero si no, que ella firmará el divorcio y yo me quedo con los niños.   La amo y no sé que hacer, es complicado saber que tu propia esposa esta en brazos de otro y que llega casi al amanecer que te abraza con mucho cariño pero no como a su hombre...   estoy muy confundido...;2025-08-12T03:22:55+0000;2025-08-15T20:34:32+0000;
915;21;1;804695036532762_1206415554838280;data;data.*;fetched (200);2025-08-18 14:45:17.068589;Facebook:/<page-id>/posts;❤️ Confesión anónima ❤️  Quiero confesar de forma anónima mi historia.Tengo una relación de 5 años con mi señora ,ella tiene una nena que no es mía de 8 años,resulta que hace unas semanas mi hijastra me comentó que su papi venía a veces a hablar con su mami y yo le pregunté que si ella escuchaba sobre lo que hablaban y ella me dijo que no porque a ella le decían que mirara tele en el living mientras ellos hablaban en la pieza, cuando le pregunté a mi señora ella lo negó por completo ya que dijo que la única vez que él ha estado ahi fue en la fiesta y ahora tengo algunas dudas pero tampoco tengo pruebas para acusarla de nada ya que jamás he notado nada raro en su comportamiento. Consejos?;2025-08-12T03:10:24+0000;2025-08-13T21:39:13+0000;
916;21;1;804695036532762_1206399588173210;data;data.*;fetched (200);2025-08-18 14:45:17.068589;Facebook:/<page-id>/posts;🔴Durante los últimos 5 años se ha registrado un gasto de $2.221 millones en bebidas alcohólicas, por parte de las Fuerzas Armadas y Carabineros.  👉De ese monto, el Ejército lidera el gasto con $1.484 millones, seguido por la Fuerza Aérea con $356 millones, Carabineros con $334 millones y la Armada con $46 millones.  🥃Entre los rubros de compra, se encuentra un ítem exclusivo dedicado a la adquisición de bebidas alcohólicas, incorporado en el presupuesto de “Alimentos, bebidas y tabaco” que cada una de las instituciones debe rendir cada año a través de Mercado Público.  🔞Según una investigación realizada por El Mostrador, los destilados son la categoría de bebidas alcohólicas con mayor gasto, con $220 millones, seguidos por cervezas, vinos, cócteles y espumantes.   👉En 2025, hasta agosto, ya se habían gastado $389 millones en alcohol, sin considerar festividades típicas como Fiestas Patrias.  📈Además, se refleja un incremento considerable en el gasto de bebidas alcohólicas, cuadruplicándose desde el año 2021 a 2024.  🍷Según el mismo medio, la Fuerza Aérea cuenta con más gastos en vino que en cerveza, mientras que Carabineros no registra gastos en cerveza y espumantes, concentrándose en destilados y vinos.  👉En tanto, la Armada registra el gasto más bajo en bebidas alcohólicas en comparación con otras instituciones de orden y seguridad.;2025-08-12T02:42:53+0000;2025-08-13T20:02:48+0000;
917;21;1;804695036532762_1206384858174683;data;data.*;fetched (200);2025-08-18 14:45:17.068589;Facebook:/<page-id>/posts;🇺🇬🇨🇱 Nansana kids 🇺🇬🇨🇱  🎙️ Américo;2025-08-12T02:25:14+0000;2025-08-12T02:25:14+0000;
918;21;1;804695036532762_1206356154844220;data;data.*;fetched (200);2025-08-18 14:45:17.068589;Facebook:/<page-id>/posts;🫴🏻 😲 🫴🏻;2025-08-12T01:30:51+0000;2025-08-13T20:56:17+0000;
919;21;1;804695036532762_1206347768178392;data;data.*;fetched (200);2025-08-18 14:45:17.068589;Facebook:/<page-id>/posts;❤️ Confesión anónima ❤️  Me gustaría solicitar información a la comunidad y sobretodo a la justicia para que den novedades del atropello y muerte de la Sra. Del unimarc. Todos podemos aportar con información para q se haga justicia.;2025-08-12T01:14:21+0000;2025-08-12T03:51:23+0000;
920;21;1;804695036532762_1206343364845499;data;data.*;fetched (200);2025-08-18 14:45:17.068589;Facebook:/<page-id>/posts;🇨🇱 Vote por su candidato 🇨🇱 Primera vuelta 🇨🇱;2025-08-12T01:05:55+0000;2025-08-14T13:07:25+0000;
921;21;1;804695036532762_1206297584850077;data;data.*;fetched (200);2025-08-18 14:45:17.068589;Facebook:/<page-id>/posts;❤️ Confesión anónima ❤️   Una consulta. Cuánto se le debería  pagar por día a una persona que va a la casa dos veces a la semana a realizar aseo y cocinar.  El trabajo sería en dpto para una familia compuesta por un matrimonio y dos hijos adolescentes que son bastante ordenados y cuidadosos con la limpieza. Los leo y de antemano muchas gracias por sus comentarios.;2025-08-11T23:26:44+0000;2025-08-13T00:32:27+0000;
922;21;1;804695036532762_1206211084858727;data;data.*;fetched (200);2025-08-18 14:45:17.068589;Facebook:/<page-id>/posts;Perdonada 🛐;2025-08-11T20:32:25+0000;2025-08-12T12:47:02+0000;
923;21;1;804695036532762_1206163644863471;data;data.*;fetched (200);2025-08-18 14:45:17.068589;Facebook:/<page-id>/posts;❤️ Confesión anónima ❤️  Quiero decirle al guatón de ojos claros (Miel) moreno que anda en un auto sedan . que le echó la choria una chica que paro a dejar en el paso de cebra a alguien. y le tocó la bocina y le dijo que eso no se podía hacer que estudie las leyes del tránsito. le quiero decir que estudie el ....un auto se puede detener en cualquier lugar con luces intermitentes momentáneamente. así que que se informe antes de hablar tonteras para que no quede como ignorante.;2025-08-11T18:56:50+0000;2025-08-13T15:07:28+0000;
924;21;1;804695036532762_1206145261531976;data;data.*;fetched (200);2025-08-18 14:45:17.068589;Facebook:/<page-id>/posts;❤️ Confesión anónima ❤️  Tengo  4 hijos , porque me enamoré y fueron naciendo nuestros niños.. He pasado mil cosas horribles en el lado económico, pero siempre he tratado de salir adelante, me las ingenio y no sé si tengo un angélito o que, pero siempre siempre lo logró.  Así como esos angelitos, un día vi una publicación en face, sobre un comité social y que el proyecto ya está andado súper bien, me dije �le hablaré a este caballero� le hablé le comenté que yo necesitaba mucho,  un lugar estable para mis hijos, y me citó al día siguiente en su oficina, fui y un señor muy amable me atiende, le expliqué mi situación y me agregó al comité, me dijo que le llevara ciertos documentos y que ya estaba lista, no sé qué cara puse.   No se cómo estaban mis ojos, pero me emocioné, y el caballero creo que lo sintió, lo transmite, porque le di tanto las gracias, que él me dijo que no necesitaba darlas, que mis ojos ya lo hacían. Tal vez para muchos un depa social no es mucho, pero para mí si lo es, he arrendado por muchos años enontces esto es como empezar a soñar. Me costó salir adelante pero siempre con mis cabros felices, los llene de amor, aunque me pospuse por muchos años, pero hoy estudio Psicología y lo amo.   Mi problema, me piden 35uf de ahorro, he pensado y pensado cómo conseguirlas, cosa que para mí es imposible porque no tengo empleo estable por ende no puedo conseguir un crédito, pensaba y si hago una campaña por face, una luka por mi casita� tengo fotos, documentos, cosas que avalan que es verdad, pensaba incluso en el trabajo más antiguo del mundo, solo para conseguir ese dinero, pero soy pava, no sé ni cómo hacerlo, no soy fea, tampoco minaza, pero no es mi mundo entonces no sé ni cómo empezar, pero es una desesperación que tengo, porque consegui mi cupo, pronto construirán, y me falta ese ahorro...  Chiquillos con toda la buena onda, les pido consejos, que hago? Ya vengo cositas en la U pero no me alcanza para lograr esas UF de ahorro. Me quedan solo días para ese ahorro y pucha quién sabe lo que hablo, sabrá que la angustia ya no me deja ni dormir bien.. Ah por siaca porque sé que algunos juzgarán, mis niños si tienen papá, pero lamentablemente le dio algo al cerebro, por ende no puedo ni siquera pensar en que él puede ayudarme, no tiene cómo.;2025-08-11T18:26:43+0000;2025-08-13T05:13:22+0000;
925;21;1;804695036532762_1206127351533767;data;data.*;fetched (200);2025-08-18 14:45:17.068589;Facebook:/<page-id>/posts;Después del video del día del niño, cuál crees tú que fue la mejor performance de las bailarinas?;2025-08-11T18:00:54+0000;2025-08-11T19:44:32+0000;
926;21;1;804695036532762_1206126098200559;data;data.*;fetched (200);2025-08-18 14:45:17.068589;Facebook:/<page-id>/posts;🚨 Municipio de Punta Arenas inicia sumario contra 39 Funcionarios municipales y de la Cormupa  que fueron a Casinos  de Juegos estando con Licencia Médica;2025-08-11T17:58:32+0000;2025-08-11T22:08:17+0000;
927;21;1;804695036532762_1206103718202797;data;data.*;fetched (200);2025-08-18 14:45:17.068589;Facebook:/<page-id>/posts;Juguemos a Ciudad de Chile donde me iría a vivir: Yo? La Serena Quien sigue??;2025-08-11T17:22:23+0000;2025-08-15T01:50:03+0000;
928;21;1;804695036532762_1205863258226843;data;data.*;fetched (200);2025-08-18 14:45:17.068589;Facebook:/<page-id>/posts;Hola! Debo hacer un delivery de un desayuno-cumpleaños a la Panicucci, debo ir con la puñalada puesta o me tajean allá? Pregunta seria. Gracias;2025-08-11T11:32:35+0000;2025-08-11T20:08:41+0000;
929;21;1;804695036532762_1205590831587419;data;data.*;fetched (200);2025-08-18 14:45:17.068589;Facebook:/<page-id>/posts;🚨 Población Nelda Panicuchi: Sujetos jugando con armas blancas en la vía pública, afuera del mismo domicilio donde hace un tiempo atrás se vivió un hecho de sangre. La falta de rondas preventivas en las poblaciones sigue siendo un tema para cuestionarse. Video compartido en grupos de WhatsApp   👇🏻👇🏻 Video primer comentario 👇🏻👇🏻  #puqdatos #puntaarenas #puq #puntaarenaschile #puntaarenascity #magallanesylaantárticachilena #magallaneschile #magallanes #magallanesyantárticachilena;2025-08-11T03:08:18+0000;2025-08-12T11:32:48+0000;
930;21;1;ConfeDeMagallanicos;offcut;;fetched (200);2025-08-18 14:45:17.068589;Facebook:/<page-id>/posts;;;;
22;None;0;SOSMagallanes;seed;;;None;None;;;;
931;22;1;158723804828093_1351163553685303;data;data.*;fetched (200);2025-08-18 14:45:18.364385;Facebook:/<page-id>/posts;FISCALÍA DE CHILE CONFIRMA DETENCIÓN EN COLOMBIA DE IMPUTADO VINCULADO AL ASESINATO DEL DENOMINADO “REY DE MEIGGS”;2025-08-16T23:59:30+0000;2025-08-16T23:59:35+0000;
932;22;1;158723804828093_1351157827019209;data;data.*;fetched (200);2025-08-18 14:45:18.364385;Facebook:/<page-id>/posts;IMPLICADO EN MUERTE DEL REY DEL MEIGGS Y QUE FUE LIBERADO ERRÓNEAMENTE, FUE DETENIDO EN POR LA POLICÍA EN COLOMBIA;2025-08-16T23:47:57+0000;2025-08-16T23:48:03+0000;
933;22;1;158723804828093_1351119420356383;data;data.*;fetched (200);2025-08-18 14:45:18.364385;Facebook:/<page-id>/posts;DOS MENORES DETENIDO TRAS ROBO FRUSTRADO EN PANADERIA MINTE;2025-08-16T22:37:49+0000;2025-08-16T22:37:54+0000;
934;22;1;158723804828093_1351104300357895;data;data.*;fetched (200);2025-08-18 14:45:18.364385;Facebook:/<page-id>/posts;#TierraDelFuego Comunicado oficial sobre cancelación GPH 2025.;2025-08-16T22:13:37+0000;2025-08-16T22:13:44+0000;
935;22;1;158723804828093_1351101067024885;data;data.*;fetched (200);2025-08-18 14:45:18.364385;Facebook:/<page-id>/posts;#Noticia Portal Español Infodefensa destaca reportaje y documental en torno al accionar de la Armada de Chile en el Terremoto Blanco de 1995  ;2025-08-16T22:07:54+0000;2025-08-16T22:08:01+0000;
936;22;1;158723804828093_1350984510369874;data;data.*;fetched (200);2025-08-18 14:45:18.364385;Facebook:/<page-id>/posts;#TierraDelFuego Llegada de la primera etapa tramo Río Grande - Porvenir Gran Premio de la Hermandad Chilena Argentina 🏁los primeros autos que ya llegan a Porvenir;2025-08-16T18:48:26+0000;2025-08-16T18:48:33+0000;
937;22;1;158723804828093_1350983263703332;data;data.*;fetched (200);2025-08-18 14:45:18.364385;Facebook:/<page-id>/posts;#PuertoWilliams Jardín Infantil “Pequeños Colonos” recibió sello antártico educacional de manos del profesor y explorador antártico Alfredo Soto;2025-08-16T18:47:17+0000;2025-08-17T12:25:16+0000;
938;22;1;158723804828093_1287332193060118;data;data.*;fetched (200);2025-08-18 14:45:18.364385;Facebook:/<page-id>/posts;A esta hora Iglesia Pentecostal de Chile (IPECHI)Punta Arenas con jóvenes de comunidades de chile, recorren las calles del Barrio Archipiélago de Chiloé.  Evangelización en Punta Arenas, hoy en Avenida Colon con Carlos Bories a las 15:00 Hrs.   Toda la comunidad invitada!!!;2025-08-16T15:23:25+0000;2025-08-17T14:17:41+0000;
939;22;1;158723804828093_1350757543725904;data;data.*;fetched (200);2025-08-18 14:45:18.364385;Facebook:/<page-id>/posts;#PuntaArenas segunda jornada del IV Campeonato Municipal de Gimnasia Artística en Gimnasio Umag;2025-08-16T13:30:30+0000;2025-08-16T13:30:37+0000;
940;22;1;158723804828093_1350707430397582;data;data.*;fetched (200);2025-08-18 14:45:18.364385;Facebook:/<page-id>/posts;#PuntaArenas ya se inicia la segunda jornada del IV Campeonato Municipal de Gimnasia Artística en Gimnasio Umag;2025-08-16T12:20:27+0000;2025-08-16T12:20:32+0000;
941;22;1;158723804828093_1350665367068455;data;data.*;fetched (200);2025-08-18 14:45:18.364385;Facebook:/<page-id>/posts;Trabajo conjunto entre SernamEG y CADI UMAG Egresan primeras facilitadoras en Derechos Sexuales y Reproductivos en Magallanes;2025-08-16T11:16:54+0000;2025-08-17T06:23:12+0000;
942;22;1;158723804828093_1350660637068928;data;data.*;fetched (200);2025-08-18 14:45:18.364385;Facebook:/<page-id>/posts;Consulta SERNAC:LOS CONSUMIDORES INDICAN QUE EL SERNAC DEBERÍA PRIORIZAR SUS ACCIONES FISCALIZADORAS EN LAS GRANDES TIENDAS Y SERVICIOS BÁSICOS;2025-08-16T11:08:58+0000;2025-08-16T11:09:08+0000;
943;22;1;158723804828093_1294850225339161;data;data.*;fetched (200);2025-08-18 14:45:18.364385;Facebook:/<page-id>/posts;;2025-08-16T01:43:40+0000;2025-08-16T04:50:40+0000;
944;22;1;158723804828093_1350222833779375;data;data.*;fetched (200);2025-08-18 14:45:18.364385;Facebook:/<page-id>/posts;#PUNTA_ARENAS  BOMBEROS CONCURRE A LLAMADO DE RESCATE DE EMERGENCIA SIMPLE A CALLE CAPITAN JUAN GUILLERMOS CON AVENIDA CIRCUNVALACIÓN RAMÓN CAÑAS MONTALVA. UNIDAD QR-4 EN TRÁNSITO.  EN EL LUGAR RESCATE DE PERSONA EN RÍO.  PREINFORME   SE TRATA DE PERSONA SEXO FEMENINO EN LECHO DE EN RIO   SE PROCEDE A SU EXTRACCIÓN.  SE SOLICITA PERSONAL SAMU AL LUGAR.  PACIENTE ENTREGADA A PERSONAL SAMU.  SOS Magallanes;2025-08-15T22:45:32+0000;2025-08-15T23:30:14+0000;
945;22;1;158723804828093_1350220667112925;data;data.*;fetched (200);2025-08-18 14:45:18.364385;Facebook:/<page-id>/posts;#PuntaArenas con la presencia del Alcalde de Punta Arenas, Claudio Radonich, se da inicio al IV Campeonato Municipal de Gimnasia Artística;2025-08-15T22:40:31+0000;2025-08-15T22:40:38+0000;
946;22;1;158723804828093_1350157997119192;data;data.*;fetched (200);2025-08-18 14:45:18.364385;Facebook:/<page-id>/posts;;2025-08-15T20:38:13+0000;2025-08-15T22:47:54+0000;
947;22;1;158723804828093_1350155397119452;data;data.*;fetched (200);2025-08-18 14:45:18.364385;Facebook:/<page-id>/posts;CONDUCTOR DE TRANSPORTE INTERURBANO DETENIDO POR CONDUCCIÓN EN ESTADO DE EBRIEDAD;2025-08-15T20:33:57+0000;2025-08-15T22:59:37+0000;
948;22;1;158723804828093_1350104383791220;data;data.*;fetched (200);2025-08-18 14:45:18.364385;Facebook:/<page-id>/posts;Hijo de Abogado Arcos, habría sido ubicado sin problemas de salud.  https://m.facebook.com/story.php?story_fbid=1350087457126246&id=100063750140094;2025-08-15T19:14:57+0000;2025-08-15T19:15:37+0000;
949;22;1;158723804828093_1350087457126246;data;data.*;fetched (200);2025-08-18 14:45:18.364385;Facebook:/<page-id>/posts;#URGENTE #AHORA #PUNTA_ARENAS  Se requiere con suma urgencia, cualquier información sobre el paradero o si alguien a visto a este joven, hijo del Abogado Juan José Srdanovic Arcos.  El cual se encuentra sin ubicación desde las 13:30 horas, el joven anda en un vehículo, color blanco, marca Chevrolet, modelo Sail, placa patente única: TDZD-47  Cualquier información hacerla llegar a:  Carabineros: 133 ó al  Celular: +56996398877;2025-08-15T18:48:51+0000;2025-08-15T19:14:55+0000;
950;22;1;158723804828093_1350039193797739;data;data.*;fetched (200);2025-08-18 14:45:18.364385;Facebook:/<page-id>/posts;#Efeméride El 15 de agosto falleció heroicamente el Marinero Mario Fuentealba Recabarren, quien tiene un significado especial para la Armada de Chile, ya que es el único miembro de la Armada y de las demás ramas de las Fuerzas Armadas, que ha recibido dos Distinciones al Valor, lo que demuestra su temple y espíritu de héroe. Hoy un buque lleva su nombre proyectando su legado.;2025-08-15T17:29:26+0000;2025-08-16T23:42:06+0000;
951;22;1;158723804828093_1350018970466428;data;data.*;fetched (200);2025-08-18 14:45:18.364385;Facebook:/<page-id>/posts;#Efeméride Te invitamos a conocer el legado del Marinero Mario Fuentealba en las aguas australes #ArmadaEnMagallanes;2025-08-15T17:02:13+0000;2025-08-15T17:02:13+0000;
952;22;1;158723804828093_1349891770479148;data;data.*;fetched (200);2025-08-18 14:45:18.364385;Facebook:/<page-id>/posts;El conjunto folclórico Sonia Miranda Comunica la partida a la casa del señor. de nuestro integrante,  fundador Don Ramón Carrion Q.E.P.D. Sus restos serán velados en la Sede social de Junta de Gobierno 0498. Sus funerales serán avisados oportunamente.  Don Ramón Carrion. Destacado dirigente vecinal del Barrio 18 de Septiembre. durante años se ubicó en el sector con un almacén y panadería la cuál atendía junto a su familia. Siempre apoyando a sus vecinos y al Barrio Comercial.;2025-08-15T14:24:10+0000;2025-08-16T21:20:31+0000;
953;22;1;158723804828093_1349872967147695;data;data.*;fetched (200);2025-08-18 14:45:18.364385;Facebook:/<page-id>/posts;Municipio invita a segundo ciclo de participación ciudadana del Plan Regulador.;2025-08-15T13:59:42+0000;2025-08-15T13:59:53+0000;
954;22;1;158723804828093_1349755607159431;data;data.*;fetched (200);2025-08-18 14:45:18.364385;Facebook:/<page-id>/posts;¡Feliz aniversario 133 familia wanderina! Simplemente #HistoriaViva;2025-08-15T11:14:29+0000;2025-08-15T11:14:37+0000;
955;22;1;158723804828093_1349418623859796;data;data.*;fetched (200);2025-08-18 14:45:18.364385;Facebook:/<page-id>/posts;#AHORA #PUNTA_ARENAS  Personal del Sistema de Atención Medica de Urgencias (SAMU), en conjunto con Carabineros se dirigen con suma urgencia hasta Calle Jorge Montt con Calle José de Los Santos Mardones, por persona lesionada aparentemente por un arma de fuego en una de sus extremidades inferiores.  Informacion hasta el momento en desarrollo...;2025-08-15T02:43:20+0000;2025-08-15T02:43:20+0000;
956;22;1;158723804828093_1349238270544498;data;data.*;fetched (200);2025-08-18 14:45:18.364385;Facebook:/<page-id>/posts;Festival de Boxeo Internacional Amateur. A realizarse el día Sábado 23 de Agosto desde las 19:30 hrs. Gimnasio de la confederación deportiva de Magallanes. O`'higgins 0110 Punta Arenas. Organiza la Asociación de Boxeo de Magallanes.;2025-08-14T21:28:02+0000;2025-08-14T21:28:15+0000;
957;22;1;158723804828093_1348780323923626;data;data.*;fetched (200);2025-08-18 14:45:18.364385;Facebook:/<page-id>/posts;GOBIERNO AVANZA EN SOLUCIONES PARA MEJORAR LA CIRCULACIÓN DE CAMIONES Y EL ESTADO DE LAS RUTAS EN PUERTO NATALES.;2025-08-14T11:27:06+0000;2025-08-14T11:27:15+0000;
958;22;1;158723804828093_1348772810591044;data;data.*;fetched (200);2025-08-18 14:45:18.364385;Facebook:/<page-id>/posts;#PuertoWilliams Programa Embajadores Antárticos entrega emblemas en jardín Pequeños Colonos;2025-08-14T11:14:56+0000;2025-08-14T11:15:04+0000;
959;22;1;158723804828093_1348718740596451;data;data.*;fetched (200);2025-08-18 14:45:18.364385;Facebook:/<page-id>/posts;REVISTA SALUD & BUENA VIDA VIDA CUMPLE 10 AÑOS EN CIRCULACIÓN.;2025-08-14T09:50:37+0000;2025-08-14T09:50:46+0000;
960;22;1;158723804828093_1348384980629827;data;data.*;fetched (200);2025-08-18 14:45:18.364385;Facebook:/<page-id>/posts;"#PuertoNatales ceremonia en el retén de Carabineros de Villa Dorotea, En la ocasión se rindieron honores al mártir Cabo 1° Eliacer Medina Sandoval (QEPD), quien en servicio a la institución de orden y seguridad falleció durante el ""Terremoto Blanco"" de 1995.";2025-08-14T00:15:59+0000;2025-08-14T04:11:58+0000;
961;22;1;158723804828093_1467814154360732;data;data.*;fetched (200);2025-08-18 14:45:18.364385;Facebook:/<page-id>/posts;#PUNTA_ARENAS  Personal de SAMU y Bomberos concurrieron, rescate vehicular en calles Mardones con Pasaje 6 de Noviembre.;2025-08-13T18:53:54+0000;2025-08-13T21:49:25+0000;
962;22;1;158723804828093_1347908277344164;data;data.*;fetched (200);2025-08-18 14:45:18.364385;Facebook:/<page-id>/posts;-#PuertoWilliams Conferencia del explorador y profesor Alfredo Soto en el Centro Internacional Cabo de Hornos en la tarde del 12 de agosto. Contó con la participación de guías turísticos de la comuna de Cabo de Hornos.;2025-08-13T11:47:40+0000;2025-08-13T11:47:47+0000;
963;22;1;158723804828093_1347900870678238;data;data.*;fetched (200);2025-08-18 14:45:18.364385;Facebook:/<page-id>/posts;#Deportes Club deportivo aguas abiertas Magallanes brilla en mundial de aguas abiertas   ;2025-08-13T11:37:32+0000;2025-08-13T11:37:38+0000;
964;22;1;158723804828093_1347886127346379;data;data.*;fetched (200);2025-08-18 14:45:18.364385;Facebook:/<page-id>/posts;ATENCIÓN!!!  Se viene Septiembre, mes de los circos y el Payaso Chispita, bien lo sabe.  Es por ello te invita para este 19 y 20 de Septiembre a Avenida Cristóbal Colón #1950, a las 16:00 y 19:00hrs. al Gran Circo de Chispita.  Habrán grandes sorpresas y lo mejor grandes invitados:  - Desde Santiago, los espectaculares Hermanos Escalas.  Además de:  - Malabaristas - Contorsionistas - Saltadores de Trampolín y Cama Elástica. - Divertidos Payasos y mucho más.  Ventas de entradas a través de:  www.toliv.cl  Produce:  - RS Producciones  - Chispita Producciones  TE ESPERAMOS!!;2025-08-13T11:15:06+0000;2025-08-13T11:15:06+0000;
965;22;1;158723804828093_1347843560683969;data;data.*;fetched (200);2025-08-18 14:45:18.364385;Facebook:/<page-id>/posts;Club Deportivo Aguas Abiertas Magallanes brilla en el Campeonato Mundial de Aguas Gélidas en el Glaciar Perito Moreno;2025-08-13T10:10:18+0000;2025-08-13T10:10:23+0000;
966;22;1;158723804828093_1347608444040814;data;data.*;fetched (200);2025-08-18 14:45:18.364385;Facebook:/<page-id>/posts;LLAMAN A VÍCTIMAS A DENUNCIAR MALTRATOS BAJO CUSTODIA DEL ESTADO ANTE COMISIÓN VERDAD Y NIÑEZ;2025-08-13T03:05:22+0000;2025-08-13T03:05:39+0000;
967;22;1;158723804828093_1347499424051716;data;data.*;fetched (200);2025-08-18 14:45:18.364385;Facebook:/<page-id>/posts;DÍA DE LA NIÑEZ SE CELEBRÓ CON UNA EXITOSA JORNADA DE GOBIERNO EN TERRENO EN PUERTO NATALES;2025-08-12T23:38:33+0000;2025-08-12T23:38:38+0000;
968;22;1;158723804828093_1346962794105379;data;data.*;fetched (200);2025-08-18 14:45:18.364385;Facebook:/<page-id>/posts;HOY MARTES SERÁ FORMALIZADA MUJER QUE HABRIA ASESINADO A SU PAREJA EN POBLACIÓN ALMIRANTAZGO.;2025-08-12T11:27:38+0000;2025-08-15T00:49:16+0000;
969;22;1;158723804828093_1346950777439914;data;data.*;fetched (200);2025-08-18 14:45:18.364385;Facebook:/<page-id>/posts;Seremi de Agricultura anuncia apertura de la Convocatoria FIA 2025 para impulsar la innovación en el agro.;2025-08-12T11:09:22+0000;2025-08-12T11:09:30+0000;
970;22;1;158723804828093_1346914537443538;data;data.*;fetched (200);2025-08-18 14:45:18.364385;Facebook:/<page-id>/posts;#PuertoWilliams “Conversatorio con Alfredo Soto” charla abierta a la comunidad en el Centro Internacional Cabo de Horno, 12 de agosto  a las 18:00 horas;2025-08-12T10:13:00+0000;2025-08-12T10:13:09+0000;
971;22;1;158723804828093_1346544807480511;data;data.*;fetched (200);2025-08-18 14:45:18.364385;Facebook:/<page-id>/posts;#Efeméride A 30 años del Terremoto Blanco, Magallanes demostró ser una Región con fuerza para volverse a levantar. Agradecemos a la Armada de Chile por esta impresionante selección fotográfica  Reportaje —-> https://www.sosmagallanes.cl/la-armada-de-chile-a-30-anos-del-terremoto-blanco/;2025-08-11T23:43:33+0000;2025-08-14T01:13:34+0000;
972;22;1;158723804828093_1346080934193565;data;data.*;fetched (200);2025-08-18 14:45:18.364385;Facebook:/<page-id>/posts;#China colisión entre buques chinos en ejercicio;2025-08-11T11:48:33+0000;2025-08-13T18:44:33+0000;
973;22;1;158723804828093_1345744904227168;data;data.*;fetched (200);2025-08-18 14:45:18.364385;Facebook:/<page-id>/posts;MUJER DE 23 AÑOS HABRÍA ASESINADO A SU PAREJA EN POBLACIÓN ALMIRANTAZGO.;2025-08-11T02:24:49+0000;2025-08-11T02:25:00+0000;
974;22;1;SOSMagallanes;offcut;;fetched (200);2025-08-18 14:45:18.364385;Facebook:/<page-id>/posts;;;;
23;None;0;MagallanesConectado;seed;;;None;None;;;;
975;23;1;109109837419175_760788863355689;data;data.*;fetched (200);2025-08-18 14:45:20.338050;Facebook:/<page-id>/posts;LIGA NACIONAL DE HOCKEY  16/08/2025 PM;2025-08-16T18:33:21+0000;2025-08-16T18:33:21+0000;
976;23;1;109109837419175_4145300715727546;data;data.*;fetched (200);2025-08-18 14:45:20.338050;Facebook:/<page-id>/posts;LIGA NACIONAL DE HOCKEY EN LINEA 16/08/2025 AM;2025-08-16T12:21:00+0000;2025-08-16T12:21:00+0000;
977;23;1;109109837419175_1101040918632791;data;data.*;fetched (200);2025-08-18 14:45:20.338050;Facebook:/<page-id>/posts;LIGA NACIONAL DE HOCKEY EN LINEA 15/08/2025 PM;2025-08-15T18:45:01+0000;2025-08-15T18:45:01+0000;
978;23;1;109109837419175_2143528746155458;data;data.*;fetched (200);2025-08-18 14:45:20.338050;Facebook:/<page-id>/posts;Liga Nacional de Hockey en Linea 15/08/2025 (am);2025-08-15T12:42:52+0000;2025-08-15T12:42:52+0000;
979;23;1;109109837419175_1321706886236232;data;data.*;fetched (200);2025-08-18 14:45:20.338050;Facebook:/<page-id>/posts;Liga Nacional de Hockey en Linea agosto 15/08/2025 (am);2025-08-15T12:16:00+0000;2025-08-15T12:16:00+0000;
980;23;1;MagallanesConectado;offcut;;fetched (200);2025-08-18 14:45:20.338050;Facebook:/<page-id>/posts;;;;
24;None;0;redfueguinatv;seed;;;None;None;;;;
981;24;1;986842871379117_1095676395374350;data;data.*;fetched (200);2025-08-18 14:45:21.442872;Facebook:/<page-id>/posts;#Porvenir Reunión informativa a pilotos por parte del Adelfa Fueguina Porvenir referente a la cancelación del Gran Premio de la Hermandad.;2025-08-16T22:04:08+0000;2025-08-18T19:23:29+0000;
982;24;1;986842871379117_1176727857816092;data;data.*;fetched (200);2025-08-18 14:45:21.442872;Facebook:/<page-id>/posts;Comunicado de Adelfa y ACRG, se cancela la segunda etapa  del Gran Premio de la Hermandad en su  edición 50.;2025-08-16T21:37:14+0000;2025-08-16T21:37:14+0000;
983;24;1;986842871379117_740262625510291;data;data.*;fetched (200);2025-08-18 14:45:21.442872;Facebook:/<page-id>/posts;#Porvenir Primera etapa GPH2025;2025-08-16T19:18:51+0000;2025-08-17T21:16:59+0000;
984;24;1;986842871379117_1176581314497413;data;data.*;fetched (200);2025-08-18 14:45:21.442872;Facebook:/<page-id>/posts;;2025-08-16T17:09:10+0000;2025-08-16T17:09:10+0000;
985;24;1;986842871379117_1176581111164100;data;data.*;fetched (200);2025-08-18 14:45:21.442872;Facebook:/<page-id>/posts;;2025-08-16T17:08:49+0000;2025-08-16T17:08:49+0000;
986;24;1;986842871379117_1176580824497462;data;data.*;fetched (200);2025-08-18 14:45:21.442872;Facebook:/<page-id>/posts;;2025-08-16T17:08:23+0000;2025-08-16T17:08:23+0000;
987;24;1;986842871379117_24405031715792330;data;data.*;fetched (200);2025-08-18 14:45:21.442872;Facebook:/<page-id>/posts;Primera etapa 50 edición Gran Premio de la Hermandad Rio Grande Argentina - Porvenir Chile   � ¿Nuevo en la transmisión o buscando mejorar? ¡Consulta StreamYard y obtén un descuento de $10! �;2025-08-16T13:36:09+0000;2025-08-16T15:33:30+0000;
988;24;1;986842871379117_2175882936239434;data;data.*;fetched (200);2025-08-18 14:45:21.442872;Facebook:/<page-id>/posts;Primera etapa 50 edición Gran Premio de la Hermandad Rio Grande ( Argentina) - Porvenir (Chile) Isla Grande de Tierra del Fuego .  � ¿Nuevo en la transmisión o buscando mejorar? ¡Consulta StreamYard y obtén un descuento de $10! �;2025-08-16T12:59:53+0000;2025-08-16T13:09:00+0000;
989;24;1;986842871379117_1175899641232247;data;data.*;fetched (200);2025-08-18 14:45:21.442872;Facebook:/<page-id>/posts;;2025-08-15T21:58:17+0000;2025-08-15T21:58:17+0000;
990;24;1;986842871379117_1175103917978486;data;data.*;fetched (200);2025-08-18 14:45:21.442872;Facebook:/<page-id>/posts;#Porvenir #tierradelfuego #Chile #Belleza Flamenco juvenil desde la bahía de Porvenir, Tierra del Fuego. Video : Claudio Díaz.;2025-08-15T00:48:35+0000;2025-08-15T00:48:35+0000;
991;24;1;986842871379117_1173264378162440;data;data.*;fetched (200);2025-08-18 14:45:21.442872;Facebook:/<page-id>/posts;#Porvenir #tierradelfuego #Chile #Belleza Flamenco juvenil desde la bahía de Porvenir, Tierra del Fuego. Video : Claudio Díaz.;2025-08-12T21:51:26+0000;2025-08-12T21:51:26+0000;
992;24;1;986842871379117_1173257961496415;data;data.*;fetched (200);2025-08-18 14:45:21.442872;Facebook:/<page-id>/posts;#AutosLocosPorvenir #CorreConLocura #FiestaFamiliar #Porvenir2025 🚗💨 CARRERA DE AUTOS LOCOS EN PORVENIR 2025 🚧  🔥🎉 ¡PORVENIR SE VUELVE LOCO! 🎉🔥  ¡Participa anímate y construye tu auto más disparatado y prepárate para reír, correr y disfrutar en grande!  🗓️ Fecha: 14 de septiembre.  🕑 Hora: 14:00 hrs.  Se viene la competencia más divertida y desquiciada del año…  👨‍👩‍👧‍👦 Evento familiar para todas las edades.  🎁 Premios al más veloz, al más creativo ¡y al más loco!  🍿 Música, comida, sorpresas y MUCHA diversión  📩 ¿Te animas a participar?  Solicita las bases o haz tus consultas: 📧 cdiaz@muniporvenir.cl  📱 +56 9 6809 1978  💥 ¡Corre, construye, participa!;2025-08-12T21:36:58+0000;2025-08-12T21:36:58+0000;
993;24;1;986842871379117_1171720914983453;data;data.*;fetched (200);2025-08-18 14:45:21.442872;Facebook:/<page-id>/posts;#Porvenir #TierraDelFuego #Chile #Historia Nuestro tristemente abandonado avión de la emblemática empresa Tama, en la imagen el mitico grupo Quilapayún en viaje a conocer y presentase en el cine España en Porvenir, tenemos una gran deuda con lo que queda de dicho avión.Republicado desde el año 2021.;2025-08-11T02:12:53+0000;2025-08-11T23:05:38+0000;
994;24;1;986842871379117_1171715001650711;data;data.*;fetched (200);2025-08-18 14:45:21.442872;Facebook:/<page-id>/posts;Municipalidad de Porvenir rinde homenaje en el Día del Minero a Jorge “Toto” Gesell Díaz Conmemoración nacional en honor a San Lorenzo En todo Chile, cada 10 de agosto se conmemora el Día del Minero, fecha que rinde homenaje a San Lorenzo, patrono de los mineros. Esta celebración reconoce la valentía, perseverancia y dedicación de quienes han dedicado su vida a la minería, un oficio que ha marcado profundamente la historia y el desarrollo del país.  El legado minero en el Cordón Baquedano En la región de Magallanes y de la Antártica Chilena, el Cordón Baquedano, ubicado en la comuna de Porvenir, fue escenario de una intensa actividad minera a fines del siglo XIX y principios del siglo XX. Durante ese período, la zona vivió un verdadero auge del oro, atrayendo a cientos de trabajadores chilenos y extranjeros que buscaban prosperar en las lejanas tierras fueguinas. Este legado convirtió a la minería en un elemento esencial de la identidad local, dejando huellas que todavía perduran en la memoria colectiva.;2025-08-11T02:02:57+0000;2025-08-11T02:02:57+0000;
995;24;1;redfueguinatv;offcut;;fetched (200);2025-08-18 14:45:21.442872;Facebook:/<page-id>/posts;;;;
25;None;0;radiomagallanescd70;seed;;;None;None;;;;
996;25;1;1975498102704133_25178296005091201;data;data.*;fetched (200);2025-08-18 14:45:22.946199;Facebook:/<page-id>/posts;Gph 2025 Primera Etapa Rio Grande a Porvenir 15/08/2025 1;2025-08-16T17:02:11+0000;2025-08-16T21:18:43+0000;
997;25;1;1975498102704133_1124681266200275;data;data.*;fetched (200);2025-08-18 14:45:22.946199;Facebook:/<page-id>/posts;GPH 2025 Primera Etapa Rio Grande a Porvenir 16/08/2025;2025-08-16T09:12:58+0000;2025-08-16T16:55:04+0000;
998;25;1;1975498102704133_1631497401267249;data;data.*;fetched (200);2025-08-18 14:45:22.946199;Facebook:/<page-id>/posts;Habla Eduardo Bahamondez Capitán ,4ta Cia sobre el Rescate convencional .;2025-08-15T23:28:08+0000;2025-08-16T01:58:18+0000;
999;25;1;1975498102704133_1631496917933964;data;data.*;fetched (200);2025-08-18 14:45:22.946199;Facebook:/<page-id>/posts;A esta hora hombre cae al río el en Avenida Circunvalación y Capitán Guillermos es Rescatado por Bomberos de la 4ta Cia,y entregado a personal del Samu.;2025-08-15T23:27:27+0000;2025-08-16T16:08:50+0000;
1000;25;1;1975498102704133_1186120143543899;data;data.*;fetched (200);2025-08-18 14:45:22.946199;Facebook:/<page-id>/posts;Clasificatoria GPH 50 Años de la Hermandad 15/08/2025;2025-08-15T11:46:07+0000;2025-08-16T02:39:14+0000;
1001;25;1;1975498102704133_2214056089019338;data;data.*;fetched (200);2025-08-18 14:45:22.946199;Facebook:/<page-id>/posts;En Vivo Estudios 14/08/2025;2025-08-15T00:28:21+0000;2025-08-15T01:59:35+0000;
1002;25;1;1975498102704133_1971816393582769;data;data.*;fetched (200);2025-08-18 14:45:22.946199;Facebook:/<page-id>/posts;Conduce:Maria Jose Leuquen Castillo 14/08/2025 Medio Dia;2025-08-14T15:29:34+0000;2025-08-14T15:29:34+0000;
1003;25;1;1975498102704133_1142022051309896;data;data.*;fetched (200);2025-08-18 14:45:22.946199;Facebook:/<page-id>/posts;Desde Casa del Samaritano Movil Recasur Juan Carlos Paredes;2025-08-14T15:00:11+0000;2025-08-15T20:47:13+0000;
1004;25;1;1975498102704133_1520608628923696;data;data.*;fetched (200);2025-08-18 14:45:22.946199;Facebook:/<page-id>/posts;Entrevista:Solange hernandez delgado Sol y luna panadería 14/08/2025;2025-08-14T14:07:29+0000;2025-08-14T14:07:29+0000;
1005;25;1;1975498102704133_1298734231780948;data;data.*;fetched (200);2025-08-18 14:45:22.946199;Facebook:/<page-id>/posts;Entrevista:Pdta Union Comunal de Junta de Vecinos Raquel Alvarez;2025-08-14T13:37:37+0000;2025-08-14T13:37:37+0000;
1006;25;1;1975498102704133_721632587413166;data;data.*;fetched (200);2025-08-18 14:45:22.946199;Facebook:/<page-id>/posts;Subsecretario de Obras Públicas, danilo nuñez Seremi de Obras Publicas Jose Luis Hernandez;2025-08-14T12:17:12+0000;2025-08-14T12:17:12+0000;
1007;25;1;1975498102704133_1203957551503155;data;data.*;fetched (200);2025-08-18 14:45:22.946199;Facebook:/<page-id>/posts;;2025-08-13T18:53:03+0000;2025-08-13T20:20:26+0000;
1008;25;1;1975498102704133_1629292278154428;data;data.*;fetched (200);2025-08-18 14:45:22.946199;Facebook:/<page-id>/posts;Durante la tarde de este martes 12 de agosto pasadas las 17:30 horas Carabineros de la Sección Centauro de la Prefectura Magallanes se encontraban realizando patrullajes preventivos, momentos en que fiscalizan un vehículo en la intersección de Covadonga con General Juan Salvo, al detenerse se percatan que el conductor se encontraba fumando, indicando libre y espontáneamente que se trataba de Marihuana. Al comenzar la inspección del vehículo, al momento de abrir la puerta del copiloto, este huye por las calles, arrojando un gorro hacia una casa aledaña, siendo detenido minutos más tarde y recuperando la especie, la cual contenía 6 envoltorios con marihuana dosificada. Al inspeccionar el vehículo en su totalidad, finalmente se encuentra una bolsa nylon negra con Marihuana elaborada, que tras el pesaje y peritaje por parte de la sección especializada OS7 arrojó un pesaje de 1 kilo 185 gramos, además se encontró la suma 471.000 pesos en dinero en efectivo.  A raíz de este procedimiento se detiene a dos ciudadanos colombianos identificados como J.J.J.C. y J.C.P.H. los cuales no cuentan con antecedentes penales, con situacion migratoria regular, los cuales pasan a control de detención este día miércoles 13 de agosto por infracción a la Ley 20.000   Se hace presente que además el conductor arrojó positivo en la prueba toxicologica por conducción bajo la influencia de drogas y estupefacientes;2025-08-13T14:12:55+0000;2025-08-15T16:37:15+0000;
1009;25;1;1975498102704133_1629279774822345;data;data.*;fetched (200);2025-08-18 14:45:22.946199;Facebook:/<page-id>/posts;Imaguenes de la caravana de la Junji..;2025-08-13T13:55:50+0000;2025-08-13T17:42:55+0000;
1010;25;1;1975498102704133_1629277628155893;data;data.*;fetched (200);2025-08-18 14:45:22.946199;Facebook:/<page-id>/posts;;2025-08-13T13:52:46+0000;2025-08-13T13:52:46+0000;
1011;25;1;1975498102704133_1929782471199619;data;data.*;fetched (200);2025-08-18 14:45:22.946199;Facebook:/<page-id>/posts;entrevista Cantante Nacional Douglas;2025-08-13T13:47:53+0000;2025-08-13T13:47:53+0000;
1012;25;1;1975498102704133_1629261631490826;data;data.*;fetched (200);2025-08-18 14:45:22.946199;Facebook:/<page-id>/posts;Imágenes de la caravana ..;2025-08-13T13:29:53+0000;2025-08-13T13:29:53+0000;
1013;25;1;1975498102704133_1629260561490933;data;data.*;fetched (200);2025-08-18 14:45:22.946199;Facebook:/<page-id>/posts;Con caravana que partió desde jardín infantil Caperucita Roja la Junji celebra sus 50 años de existencia .;2025-08-13T13:29:31+0000;2025-08-17T01:15:31+0000;
1014;25;1;1975498102704133_1948858529195400;data;data.*;fetched (200);2025-08-18 14:45:22.946199;Facebook:/<page-id>/posts;Unidad de Cuidados Paliativos Universales la psicóloga Katherine Romero y la Enfermera Universitaria Francisca Reyes.del HCM 13/08/2025;2025-08-13T12:17:15+0000;2025-08-13T22:35:38+0000;
1015;25;1;1975498102704133_1310346014048458;data;data.*;fetched (200);2025-08-18 14:45:22.946199;Facebook:/<page-id>/posts;Conduce:Pedro Gallardo Aguila 13/08/2025 Matinal;2025-08-13T11:02:55+0000;2025-08-13T11:45:28+0000;
1016;25;1;1975498102704133_1116657413863934;data;data.*;fetched (200);2025-08-18 14:45:22.946199;Facebook:/<page-id>/posts;Conduce:Maria Jose Leuquen Castillo Medio Dia 12/08/2025;2025-08-12T15:32:41+0000;2025-08-12T16:21:56+0000;
1017;25;1;1975498102704133_4187375928150910;data;data.*;fetched (200);2025-08-18 14:45:22.946199;Facebook:/<page-id>/posts;Entrevista 30 Años de Grupo Regional Karukinkanto Jorge Risco 12/08/2025;2025-08-12T13:37:05+0000;2025-08-12T13:37:05+0000;
1018;25;1;1975498102704133_740395252136853;data;data.*;fetched (200);2025-08-18 14:45:22.946199;Facebook:/<page-id>/posts;Alejandro Donatti Otarola, Jefe de la Corporacion de Asistencia Judicial 12/08/2025;2025-08-12T12:11:32+0000;2025-08-12T12:11:32+0000;
1019;25;1;1975498102704133_1463811778189244;data;data.*;fetched (200);2025-08-18 14:45:22.946199;Facebook:/<page-id>/posts;En La Ruta del Gph 11/08/2025;2025-08-11T20:57:18+0000;2025-08-11T21:32:09+0000;
1020;25;1;1975498102704133_1106323171456554;data;data.*;fetched (200);2025-08-18 14:45:22.946199;Facebook:/<page-id>/posts;Conduce:Maria Jose Leuquen Castillo 11/08/2025 Medio Dia;2025-08-11T15:30:55+0000;2025-08-11T15:30:55+0000;
1021;25;1;1975498102704133_1627534728330183;data;data.*;fetched (200);2025-08-18 14:45:22.946199;Facebook:/<page-id>/posts;👉🏻Piloto que aterrizó sin autorización en la Antártica Chilena, entregando un plan de vuelo falso, deberá abandonar el país y pagar 30 mil dólares a fundación nacional que trabaja por el cáncer Infantil.  📌Hoy, en el Tribunal de Garantía de Punta Arenas, aprobó la suspensión condicional  del procedimiento, en la causa seguida en contra  del piloto Ethan Guo, por el plazo de 3 años.   📌En ella se acordó que el imputado deberá efectuar una donación a la fundación “Nuestros Hijos” por la suma de US$ 30.000 dólares, al valor del cambio en la fecha de la donación, la cual deberá realizarse en un lapso de 72 horas contadas desde que el piloto arribe a continente.   📌Luego de acreditar el pago, deberá hacer abandono del país y no podrá regresar durante 3 años.  📌Cabe recordar que el influencer norteamericano fue formalizado como autor de los delitos dispuestos y sancionados en el artículo 194 y 197 del Código Aeronáutico, luego de despegar desde el aeropuerto Carlos Ibáñez del Campo de Punta Arenas, como único pasajero y tripulante, a bordo de la aeronave CESSNA 182Q, registro N182WT, informando  al momento del despegue un plan de vuelo falso que correspondía únicamente a un sobrevuelo en las cercanías de Punta Arenas. Sin embargo, continuó su vuelo sin autorización, dirigiéndose a la Antártica, poniendo en riesgo la seguridad en el tráfico aéreo, incluso  reportándose como “aeronave extraviada”,  infringiendo a la vez lo dispuesto en la Norma Aeronáutica “Operaciones Aéreas hacia y desde el Territorio Antártico”.  ‎;2025-08-11T15:00:16+0000;2025-08-12T09:40:10+0000;
1022;25;1;radiomagallanescd70;offcut;;fetched (200);2025-08-18 14:45:22.946199;Facebook:/<page-id>/posts;;;;
26;None;0;elrancaguino;seed;;;None;None;;;;
1023;26;1;1565429877054814_1405740267742746;data;data.*;fetched (200);2025-08-18 14:45:23.922059;Facebook:/<page-id>/posts;¡¡Comenzó en San Fernando ⚽️!! Sigue la narración en directo del partido entre celestes y mineros desde el estadio Jorge Silva Valenzuela en nuestra web.;2025-08-16T22:34:18+0000;2025-08-16T22:34:18+0000;
1024;26;1;1565429877054814_1405739244409515;data;data.*;fetched (200);2025-08-18 14:45:23.922059;Facebook:/<page-id>/posts;Por la fecha 20, O’Higgins recibirá a Cobresal;2025-08-16T22:32:31+0000;2025-08-16T22:32:31+0000;
1025;26;1;1565429877054814_1405730274410412;data;data.*;fetched (200);2025-08-18 14:45:23.922059;Facebook:/<page-id>/posts;Fieles de Guacarhue y Rancagua peregrinan a templos jubilares;2025-08-16T22:14:19+0000;2025-08-16T22:14:19+0000;
1026;26;1;1565429877054814_1405724631077643;data;data.*;fetched (200);2025-08-18 14:45:23.922059;Facebook:/<page-id>/posts;Tras persecución, Carabineros detiene a dos sujetos que robaron con intimidación un vehículo en Peumo;2025-08-16T22:02:52+0000;2025-08-16T22:02:52+0000;
1027;26;1;1565429877054814_1405724124411027;data;data.*;fetched (200);2025-08-18 14:45:23.922059;Facebook:/<page-id>/posts;La fotografía, el arte que evoluciona a la par que la tecnología;2025-08-16T22:01:49+0000;2025-08-16T22:01:49+0000;
1028;26;1;1565429877054814_1405716087745164;data;data.*;fetched (200);2025-08-18 14:45:23.922059;Facebook:/<page-id>/posts;Abierta se encuentra la  exposición de pintura “Los Días son Rounds 2025”;2025-08-16T21:44:47+0000;2025-08-16T21:44:47+0000;
1029;26;1;1565429877054814_1405709081079198;data;data.*;fetched (200);2025-08-18 14:45:23.922059;Facebook:/<page-id>/posts;D. Copiapó necesita los tres puntos para ser puntero  (Artículo redactado mediante inteligencia artificial ✍🏻🤖);2025-08-16T21:31:33+0000;2025-08-16T21:31:33+0000;
1030;26;1;1565429877054814_1405697621080344;data;data.*;fetched (200);2025-08-18 14:45:23.922059;Facebook:/<page-id>/posts;Prisión preventiva para imputado acusado de homicidio en 2022;2025-08-16T21:08:40+0000;2025-08-16T21:08:40+0000;
1031;26;1;1565429877054814_1405520514431388;data;data.*;fetched (200);2025-08-18 14:45:23.922059;Facebook:/<page-id>/posts;🔴 Cerca del mediodía de este sábado se produjo un fatal accidente en la comuna de Pichilemu. Personal del SAMU llegó hasta la intersección de las calles Washington Saldías y alcalde Ross debido a la caída de un paracaidista, quien producto del impacto falleció en el lugar.  🔴 De forma inmediata se suspendió el tránsito vehicular para el trabajo de los equipos de emergencia, mientras que personal de la Brigada de Homicidios se dirigía hasta el balneario para esclarecer las circunstancias en que ocurrieron los hechos.  📸 Gentileza La Tribuna de Colchagua.  📌 Revisa más detalles en los comentarios. 💬👇;2025-08-16T16:53:27+0000;2025-08-16T17:57:57+0000;
1032;26;1;1565429877054814_1405514707765302;data;data.*;fetched (200);2025-08-18 14:45:23.922059;Facebook:/<page-id>/posts;El operativo se encuentra en desarrollo. Bomberos, Carabineros y personal de seguridad municipal en el lugar.;2025-08-16T16:44:45+0000;2025-08-16T16:44:45+0000;
1033;26;1;1565429877054814_1404878964495543;data;data.*;fetched (200);2025-08-18 14:45:23.922059;Facebook:/<page-id>/posts;🔸 Este viernes 15 de agosto, y como es tradicional, las puertas de nuestro medio de comunicación se abrieron para todos quienes nos quisieron venir a saludar en nuestros 110 años de historia, compartir una conversación y ayudarnos a cantar el cumpleaños feliz junto a un trozo de torta.  🔸 En la ocasión, se destacó el medio multiplataforma que es hoy Diario El Rancagüino, el que cubre noticias regionales en el papel, con audio y video, así como con una gran cantidad de visitas y visualizaciones en nuestras diferentes plataformas digitales, lo que ha puesto al medio como uno de los diarios más importantes de nuestro país.  📌 Revisa más detalles en el link de nuestras historias. 📲;2025-08-16T00:25:09+0000;2025-08-16T16:25:37+0000;
1034;26;1;1565429877054814_1404835017833271;data;data.*;fetched (200);2025-08-18 14:45:23.922059;Facebook:/<page-id>/posts;La historia de El Rancagüino contada por su gente Más que un diario, El Rancagüino es una comunidad, una escuela de vida y una familia para quienes han formado parte de su historia. A lo largo de 110 años, ha narrado los cambios de una región y del país entero, desde la tinta y el plomo hasta la era digital, con un compromiso inquebrantable con la verdad, la cercanía y la identidad regional.;2025-08-15T23:22:10+0000;2025-08-18T14:55:20+0000;
1035;26;1;1565429877054814_1404703907846382;data;data.*;fetched (200);2025-08-18 14:45:23.922059;Facebook:/<page-id>/posts;La historia de El Rancagüino contada por su gente;2025-08-15T19:39:03+0000;2025-08-15T19:39:03+0000;
1036;26;1;1565429877054814_1404681254515314;data;data.*;fetched (200);2025-08-18 14:45:23.922059;Facebook:/<page-id>/posts;Santiago Morning vs Deportes Santa Cruz EN VIVO, Primera B 2025 fecha 21: relato MINUTO A MINUTO;2025-08-15T19:03:19+0000;2025-08-15T19:03:19+0000;
1037;26;1;1565429877054814_1404654361184670;data;data.*;fetched (200);2025-08-18 14:45:23.922059;Facebook:/<page-id>/posts;;2025-08-15T18:19:38+0000;2025-08-15T20:28:26+0000;
1038;26;1;1565429877054814_1404622554521184;data;data.*;fetched (200);2025-08-18 14:45:23.922059;Facebook:/<page-id>/posts;;2025-08-15T17:29:27+0000;2025-08-15T17:29:27+0000;
1039;26;1;1565429877054814_2673240639546461;data;data.*;fetched (200);2025-08-18 14:45:23.922059;Facebook:/<page-id>/posts;;2025-08-15T16:07:55+0000;2025-08-15T16:07:55+0000;
1040;26;1;1565429877054814_1404510247865748;data;data.*;fetched (200);2025-08-18 14:45:23.922059;Facebook:/<page-id>/posts;🔸 Este 2025, en Diario El Rancagüino nos preparamos con meses de anticipación para celebrar un nuevo aniversario. Este viernes 15 de agosto cumpliremos 110 años de vida y como ya es tradición, a las 11:45 horas comenzaremos con la ceremonia oficial en nuestras oficinas de calle O’Carrol esquina Campos, pleno centro de Rancagua.  🔸 Fiel a una costumbre que se remonta a más de un siglo, esta celebración será sencilla e informal, pero cargada de historia y simbolismo. Las puertas de la casa periodística se abrirán de par en par para recibir a todos los que deseen compartir un trozo de torta, un brindis y un momento de conversación. Esta singular tradición nació al cumplir un año de vida, cuando un grupo de amigos llegó espontáneamente con champaña para brindar por el primer año del diario de Miguel González Navarro, sin invitaciones formales. Desde entonces, quien se sienta amigo de El Rancagüino es siempre bienvenido. Más que una simple fecha, este día se ha transformado en un verdadero ritual para reafirmar el compromiso con los ideales plasmados por su fundador en 1915: el amor por la ciudad, la provincia, la región y la patria.  📌 Revisa más detalles en el link de nuestras historias. 📲;2025-08-15T14:49:59+0000;2025-08-16T01:05:50+0000;
1041;26;1;1565429877054814_1404482411201865;data;data.*;fetched (200);2025-08-18 14:45:23.922059;Facebook:/<page-id>/posts;Ñublense se enfrentará ante Palestino por la fecha 20;2025-08-15T14:11:03+0000;2025-08-15T14:11:03+0000;
1042;26;1;1565429877054814_1404481437868629;data;data.*;fetched (200);2025-08-18 14:45:23.922059;Facebook:/<page-id>/posts;Deportes Limache se enfrentará a Huachipato por la fecha 20;2025-08-15T14:09:35+0000;2025-08-15T14:09:35+0000;
1043;26;1;1565429877054814_1404480344535405;data;data.*;fetched (200);2025-08-18 14:45:23.922059;Facebook:/<page-id>/posts;Cinco detenidos deja operativo “Tolerancia Cero” en Paredones;2025-08-15T14:08:07+0000;2025-08-15T14:08:07+0000;
1044;26;1;1565429877054814_1404468837869889;data;data.*;fetched (200);2025-08-18 14:45:23.922059;Facebook:/<page-id>/posts;Una casa afectada y cuatro personas damnificadas deja incendio en Rancagua;2025-08-15T13:51:32+0000;2025-08-16T15:26:49+0000;
1045;26;1;1565429877054814_1404445124538927;data;data.*;fetched (200);2025-08-18 14:45:23.922059;Facebook:/<page-id>/posts;🎉1️⃣1️⃣0️⃣🥳 Hoy estamos de cumpleaños.   🔸 “La Semana” fue el primer nombre con que se conoció el Diario El Rancagüino, que fue fundado el 15 de agosto de 1915 por Miguel González Navarro. En sus comienzos este medio de comunicación fue un semanario que comenzó a tomar volumen en sus páginas y ediciones, por lo que en 1938 ya es todo un diario llamado ahora “El Rancagüino”.  🔸 Y no lo olvides, hoy viernes 15 de agosto, desde el mediodía, abriremos nuestras puertas en O’Carrol esquina Campos para celebrar juntos más de un siglo informando a la Región de O’Higgins. Como dicta nuestra tradición desde 1916, no hay invitaciones formales: todo amigo de El Rancagüino es bienvenido a compartir un pedazo de torta, un brindis y una buena conversación.;2025-08-15T13:17:48+0000;2025-08-16T01:37:50+0000;
1046;26;1;1565429877054814_1404429211207185;data;data.*;fetched (200);2025-08-18 14:45:23.922059;Facebook:/<page-id>/posts;Cobreloa busca subir a la cima del torneo  (Artículo redactado mediante inteligencia artificial ✍🏻🤖);2025-08-15T12:57:04+0000;2025-08-15T12:57:04+0000;
1047;26;1;1565429877054814_1404428491207257;data;data.*;fetched (200);2025-08-18 14:45:23.922059;Facebook:/<page-id>/posts;Santiago Morning enfrenta a Dep. Santa Cruz buscando salir del fondo  (Artículo redactado mediante inteligencia artificial ✍🏻🤖);2025-08-15T12:56:03+0000;2025-08-15T12:56:03+0000;
1048;26;1;1565429877054814_1404427244540715;data;data.*;fetched (200);2025-08-18 14:45:23.922059;Facebook:/<page-id>/posts;San Luis visita a U. San Felipe por la fecha 21  (Artículo redactado mediante inteligencia artificial ✍🏻🤖);2025-08-15T12:54:17+0000;2025-08-15T12:54:17+0000;
1049;26;1;1565429877054814_1404426437874129;data;data.*;fetched (200);2025-08-18 14:45:23.922059;Facebook:/<page-id>/posts;Santiago Wanderers busca derrotar a Deportes Temuco para subirse al liderato  (Artículo redactado mediante inteligencia artificial ✍🏻🤖);2025-08-15T12:53:18+0000;2025-08-15T12:53:18+0000;
1050;26;1;1565429877054814_1404425524540887;data;data.*;fetched (200);2025-08-18 14:45:23.922059;Facebook:/<page-id>/posts;San Marcos necesita los 3 puntos para escalar en la tabla de posiciones y llegar a la cima  (Artículo redactado mediante inteligencia artificial ✍🏻🤖);2025-08-15T12:52:03+0000;2025-08-15T12:52:03+0000;
1051;26;1;1565429877054814_1404424377874335;data;data.*;fetched (200);2025-08-18 14:45:23.922059;Facebook:/<page-id>/posts;Recoleta va en busca de un triunfo ante D. Antofagasta para trepar a la punta  (Artículo redactado mediante inteligencia artificial ✍🏻🤖);2025-08-15T12:50:21+0000;2025-08-15T12:50:21+0000;
1052;26;1;1565429877054814_1404423601207746;data;data.*;fetched (200);2025-08-18 14:45:23.922059;Facebook:/<page-id>/posts;D. Copiapó, con la misión de ganar para seguir en la cima  (Artículo redactado mediante inteligencia artificial ✍🏻🤖);2025-08-15T12:49:18+0000;2025-08-15T12:49:18+0000;
1053;26;1;1565429877054814_1404422444541195;data;data.*;fetched (200);2025-08-18 14:45:23.922059;Facebook:/<page-id>/posts;Curicó Unido y Rangers se encuentran en la fecha 21  (Artículo redactado mediante inteligencia artificial ✍🏻🤖);2025-08-15T12:47:47+0000;2025-08-15T12:55:08+0000;
1054;26;1;1565429877054814_1404414577875315;data;data.*;fetched (200);2025-08-18 14:45:23.922059;Facebook:/<page-id>/posts;Algunas portadas de 110 años de historia.;2025-08-15T12:36:03+0000;2025-08-15T12:36:03+0000;
1055;26;1;1565429877054814_1404362507880522;data;data.*;fetched (200);2025-08-18 14:45:23.922059;Facebook:/<page-id>/posts;EDITORIAL: En el día de nuestro cumpleaños;2025-08-15T11:17:03+0000;2025-08-15T11:17:03+0000;
1056;26;1;1565429877054814_1404351777881595;data;data.*;fetched (200);2025-08-18 14:45:23.922059;Facebook:/<page-id>/posts;🔸 Compartimos la portada de Diario El Rancagüino para este viernes 15 de agosto, edición número 27.311.  📌 Para más detalles, accede a www.elrancaguino.cl/diario-digital/  📰 El Rancagüino, 110 años contando nuestra historia y construyendo futuro.;2025-08-15T11:00:02+0000;2025-08-15T13:52:22+0000;
1057;26;1;1565429877054814_1404229517893821;data;data.*;fetched (200);2025-08-18 14:45:23.922059;Facebook:/<page-id>/posts;HORÓSCOPO DEL VIERNES 15 DE AGOSTO.;2025-08-15T07:39:03+0000;2025-08-15T07:39:03+0000;
1058;26;1;1565429877054814_1404039091246197;data;data.*;fetched (200);2025-08-18 14:45:23.922059;Facebook:/<page-id>/posts;Se hicieron pasar por pasajeros para robar vehículo a conductor de Uber;2025-08-15T02:59:03+0000;2025-08-15T02:59:03+0000;
1059;26;1;1565429877054814_1403985751251531;data;data.*;fetched (200);2025-08-18 14:45:23.922059;Facebook:/<page-id>/posts;Temporada 2025-2026 del rodeo chileno comienza este viernes;2025-08-15T01:35:04+0000;2025-08-15T18:10:18+0000;
1060;26;1;1565429877054814_1403938254589614;data;data.*;fetched (200);2025-08-18 14:45:23.922059;Facebook:/<page-id>/posts;Deportes Rengo se jugará más que tres puntos frente a uno de los líderes;2025-08-15T00:13:03+0000;2025-08-15T00:13:03+0000;
1061;26;1;1565429877054814_1403885217928251;data;data.*;fetched (200);2025-08-18 14:45:23.922059;Facebook:/<page-id>/posts;Diáconos y sus familias tuvieron celebración jubilar;2025-08-14T22:21:32+0000;2025-08-14T22:21:32+0000;
1062;26;1;1565429877054814_1403874247929348;data;data.*;fetched (200);2025-08-18 14:45:23.922059;Facebook:/<page-id>/posts;Certifican a usuarios del Centros de Apoyo para la Integración Social de Rancagua en curso de Grúa Horquilla;2025-08-14T22:04:03+0000;2025-08-14T22:04:03+0000;
1063;26;1;1565429877054814_1403869601263146;data;data.*;fetched (200);2025-08-18 14:45:23.922059;Facebook:/<page-id>/posts;El salón de la fama que revoluciona la belleza en Rancagua (Contenido patrocinado);2025-08-14T21:53:47+0000;2025-08-14T21:53:47+0000;
1064;26;1;1565429877054814_1403857414597698;data;data.*;fetched (200);2025-08-18 14:45:23.922059;Facebook:/<page-id>/posts;El Teniente solicita autorización para el ingreso de personal critico a los sectores paralizados de la mina;2025-08-14T21:31:18+0000;2025-08-14T21:31:18+0000;
1065;26;1;1565429877054814_1403838614599578;data;data.*;fetched (200);2025-08-18 14:45:23.922059;Facebook:/<page-id>/posts;Requínoa despidió a su histórico alcalde, Rubén Cavieres;2025-08-14T20:51:47+0000;2025-08-14T20:51:47+0000;
1066;26;1;1565429877054814_1403822414601198;data;data.*;fetched (200);2025-08-18 14:45:23.922059;Facebook:/<page-id>/posts;¿Tu auto vibra al manejar?: Expertos advierten que puede ser señal de un problema mayor;2025-08-14T20:20:10+0000;2025-08-14T20:20:10+0000;
1067;26;1;1565429877054814_1403820941268012;data;data.*;fetched (200);2025-08-18 14:45:23.922059;Facebook:/<page-id>/posts;🔸 La Corporación de la Cultura y las Artes de Rancagua expresó su rechazo categórico a un comentario realizado por Natalia Valdebenito durante un reciente show de stand-up, donde aludió a la tragedia en la mina El Teniente —ocurrida el 31 de julio— que dejó seis trabajadores fallecidos.  🔸 En medio de su rutina, la comediante afirmó: “Puedo decir que fui la única persona contenta de que pasara lo de los mineros”, frase que fue grabada por asistentes y viralizada en redes sociales, generando amplias críticas.  🔸 En un comunicado, la corporación —administradora del Teatro Regional Lucho Gatica— sostuvo que hechos de tal magnitud “no deben ser objeto de humor ni trivialización” y que, aunque defienden la libertad de expresión, repudian sus dichos. Además, aclararon que el espectáculo de Valdebenito programado para el 4 de septiembre en el teatro es organizado por una productora externa, a la que solicitaron exigir disculpas públicas a la artista en respeto a las víctimas, sus familias y la comunidad rancagüina.;2025-08-14T20:17:39+0000;2025-08-15T20:21:34+0000;
1068;26;1;1565429877054814_1403812934602146;data;data.*;fetched (200);2025-08-18 14:45:23.922059;Facebook:/<page-id>/posts;O’Higgins se prepara para un crucial «Clásico del Cobre» con el foco en la regularidad y la concentración;2025-08-14T20:05:05+0000;2025-08-14T22:56:02+0000;
1069;26;1;1565429877054814_1403812041268902;data;data.*;fetched (200);2025-08-18 14:45:23.922059;Facebook:/<page-id>/posts;HORÓSCOPO DEL JUEVES 14 DE AGOSTO.;2025-08-14T20:03:23+0000;2025-08-14T20:03:23+0000;
1070;26;1;1565429877054814_1403802121269894;data;data.*;fetched (200);2025-08-18 14:45:23.922059;Facebook:/<page-id>/posts;EDITORIAL: Mañana estamos de cumpleaños.;2025-08-14T19:45:15+0000;2025-08-14T19:45:15+0000;
1071;26;1;1565429877054814_1403793504604089;data;data.*;fetched (200);2025-08-18 14:45:23.922059;Facebook:/<page-id>/posts;Nutriendo un mundo sostenible, desde Chile;2025-08-14T19:30:29+0000;2025-08-14T19:30:29+0000;
1072;26;1;1565429877054814_1403780711272035;data;data.*;fetched (200);2025-08-18 14:45:23.922059;Facebook:/<page-id>/posts;Estudiantes de Rengo crean el libro digital, “Mis derechos, mi historia”;2025-08-14T19:08:03+0000;2025-08-14T19:08:03+0000;
1073;26;1;1565429877054814_1403780284605411;data;data.*;fetched (200);2025-08-18 14:45:23.922059;Facebook:/<page-id>/posts;Realizan allanamientos masivos por investigación de millonario fraude al fisco;2025-08-14T19:07:32+0000;2025-08-14T19:07:32+0000;
1074;26;1;1565429877054814_1403777627939010;data;data.*;fetched (200);2025-08-18 14:45:23.922059;Facebook:/<page-id>/posts;Adulta mayor fallece tras incendio estructural ocurrido en San Fernando;2025-08-14T19:03:38+0000;2025-08-16T19:41:55+0000;
1075;26;1;1565429877054814_1403765067940266;data;data.*;fetched (200);2025-08-18 14:45:23.922059;Facebook:/<page-id>/posts;Vuelven a Rancagua los “American Days” en ASTARA Retail;2025-08-14T18:45:10+0000;2025-08-14T18:45:10+0000;
1076;26;1;1565429877054814_1403756464607793;data;data.*;fetched (200);2025-08-18 14:45:23.922059;Facebook:/<page-id>/posts;Dos detenidos luego de estafar a su víctima con 33 millones de pesos;2025-08-14T18:30:24+0000;2025-08-14T18:30:24+0000;
1077;26;1;1565429877054814_1403746264608813;data;data.*;fetched (200);2025-08-18 14:45:23.922059;Facebook:/<page-id>/posts;Renguino sigue brillando en el patinaje de velocidad ;2025-08-14T18:15:18+0000;2025-08-15T14:18:32+0000;
1078;26;1;1565429877054814_1403740194609420;data;data.*;fetched (200);2025-08-18 14:45:23.922059;Facebook:/<page-id>/posts;Porsche lanza segunda etapa del Corredor Verde O’Higgins con beneficios exclusivos para clientes;2025-08-14T18:05:26+0000;2025-08-14T18:05:26+0000;
1079;26;1;1565429877054814_1403430684640371;data;data.*;fetched (200);2025-08-18 14:45:23.922059;Facebook:/<page-id>/posts;"🔸 En busca de ordenar el transporte público en la ciudad de Rancagua, este lunes se hizo oficial la entrada en vigencia del Perímetro de Exclusión, el cual permitirá ordenar el transporte público, reforzar la fiscalización y mejorar la conectividad; así como también el lanzamiento de la aplicación móvil del transporte mayor en la capital regional.  🔸 La presencia del subsecretario de Transporte y Telecomunicaciones, Jorge Daza fue clave para el lanzamiento de esta herramienta de gestión; donde además estuvo presente, el delegado Presidencial, Fabio López; el alcalde de Rancagua, Raimundo Agliati; la Seremi de Transporte; Flavia González; el Seremi de Gobierno, Carlos Carrasco; el senador Juan Luis Castro y representantes de empresas de transporte de la ciudad.  🔸 El subsecretario, indicó que esta regulación al sistema de transporte incorpora un subsidio de más de 2.800 millones de pesos al año, el cual permitirá regular frecuencia, horarios, recorridos, el cual se hará a través del control del GPS, conocer la ubicación de las unidades de transporte y así prestarle un mejor servicio a la ciudadanía.  📌 Revisa más detalles en los comentarios. 💬👇";2025-08-14T11:05:05+0000;2025-08-16T18:53:57+0000;
1080;26;1;1565429877054814_1403392797977493;data;data.*;fetched (200);2025-08-18 14:45:23.922059;Facebook:/<page-id>/posts;Compartimos la portada de Diario El Rancagüino para este jueves 14 de agosto, edición número 27.310. Para más accede a elrancaguino.cl/diario-digital/ El Rancagüino, 110 años contando nuestra historia y construyendo futuro.;2025-08-14T10:02:14+0000;2025-08-14T10:02:14+0000;
1081;26;1;1565429877054814_1402979901352116;data;data.*;fetched (200);2025-08-18 14:45:23.922059;Facebook:/<page-id>/posts;Fundación de la Prensa y Asociación Nacional de la Prensa lanzan VeriDatos, nuevo Fact Check de Chile;2025-08-13T22:19:06+0000;2025-08-13T22:19:06+0000;
1082;26;1;1565429877054814_1402968584686581;data;data.*;fetched (200);2025-08-18 14:45:23.922059;Facebook:/<page-id>/posts;Cuenta Pública MINEDUC 2025: Los avances de la Reactivación Educativa;2025-08-13T21:54:47+0000;2025-08-13T21:54:47+0000;
1083;26;1;1565429877054814_122146788998770439;data;data.*;fetched (200);2025-08-18 14:45:23.922059;Facebook:/<page-id>/posts;🥇 Un trabajo de un mes de intensa preparación se vio reflejado en una medalla de oro panamericana. Anotando la décima medalla de oro para Chile en los Juegos Paramericanos Junior (ASU2025), la ciclista de Doñihue, Martina Rojas, festejó su primer puesto en esta competencia junto a sus compañeras de equipo: Javiera Garrido, Marlen Rojas y Maite Ibarra.  🔸 En una emocionante final de la persecución por equipos, la cuarteta hizo historia para vencer a Colombia y alzarse como las mejores en esta disciplina.  📌 Revisa más detalles en los comentarios. 💬👇;2025-08-13T21:22:31+0000;2025-08-15T16:44:21+0000;
1084;26;1;1565429877054814_1402942258022547;data;data.*;fetched (200);2025-08-18 14:45:23.922059;Facebook:/<page-id>/posts;En Machalí realizarán el primer festival de escuelas de hockey patín;2025-08-13T21:05:06+0000;2025-08-15T00:13:10+0000;
1085;26;1;1565429877054814_1402879921362114;data;data.*;fetched (200);2025-08-18 14:45:23.922059;Facebook:/<page-id>/posts;FELICIDADES A LOS GANADORES DE ESTA SEMANA;2025-08-13T19:19:40+0000;2025-08-13T19:19:40+0000;
1086;26;1;1565429877054814_1402870884696351;data;data.*;fetched (200);2025-08-18 14:45:23.922059;Facebook:/<page-id>/posts;Deportes Santa Cruz en alerta máxima: La preocupación por el descenso y la imperiosa necesidad de ganar ante Santiago Morning;2025-08-13T19:05:04+0000;2025-08-13T19:05:04+0000;
1087;26;1;1565429877054814_1402813038035469;data;data.*;fetched (200);2025-08-18 14:45:23.922059;Facebook:/<page-id>/posts;ANJUFF expone en el Senado propuestas para proyecto de ley que separa la ANFP de la Federación y dar autonomía al fútbol femenino;2025-08-13T17:35:04+0000;2025-08-13T17:35:04+0000;
1088;26;1;1565429877054814_1402766041373502;data;data.*;fetched (200);2025-08-18 14:45:23.922059;Facebook:/<page-id>/posts;🔸 Codelco anunció que el ingeniero de minas australiano, Mark Cutifani, presidirá la Evaluación Internacional de Expertos que realizará la investigación independiente comprometida tras el accidente en la División El Teniente. La decisión fue aprobada por la unanimidad del directorio en una sesión extraordinaria realizada el domingo recién pasado, proceso en el que la estatal contó con el apoyo del International Council on Mining and Metals (ICMM), así como para la definición de los términos de referencia del mandato.  🔸 “Recibo este encargo con la máxima responsabilidad, plenamente consciente del profundo impacto que ha tenido el accidente del 31 de julio y de la urgente necesidad de identificar con claridad sus causas. Este trabajo será clave para la minería subterránea y para fortalecer la seguridad de todos quienes trabajan en ella”, afirmó Cutifani al aceptar el rol.  📌 Revisa más detalles en los comentarios. 💬👇;2025-08-13T16:32:38+0000;2025-08-14T11:22:45+0000;
1089;26;1;1565429877054814_1715882052431948;data;data.*;fetched (200);2025-08-18 14:45:23.922059;Facebook:/<page-id>/posts;La jefa de cartera de Salud visita la región de O'Higgins. Estuvo en Coltauco en el marco del plan integral de Modernización y Salud Digital del Sistema Nacional de Servicio de Salud;2025-08-13T16:30:56+0000;2025-08-13T16:32:47+0000;
1090;26;1;1565429877054814_1402754194708020;data;data.*;fetched (200);2025-08-18 14:45:23.922059;Facebook:/<page-id>/posts;Dos detenidos tras incautar diferentes tipos de armas cortantes en barbería de Santa Cruz;2025-08-13T16:15:06+0000;2025-08-15T12:53:02+0000;
1091;26;1;1565429877054814_2185712371930374;data;data.*;fetched (200);2025-08-18 14:45:23.922059;Facebook:/<page-id>/posts;Conversamos en exclusiva con el representante de esta empresa automotriz que representa a diversas marcas, con sucursales en Rancagua y Machalí. En esta ocasión expone el desarrollo en las ventas del sector y lo que ofrecen a sus clientes, el futuro que promete la entrada de la electromovilidad, como asimismo comenta sobre sus proyecciones y actividades programadas para el público de la región.;2025-08-13T15:49:06+0000;2025-08-13T15:49:06+0000;
1092;26;1;1565429877054814_1402709154712524;data;data.*;fetched (200);2025-08-18 14:45:23.922059;Facebook:/<page-id>/posts;Destrucción total de vivienda deja incendio en Chimbarongo;2025-08-13T15:09:13+0000;2025-08-13T15:09:13+0000;
1093;26;1;1565429877054814_1402695691380537;data;data.*;fetched (200);2025-08-18 14:45:23.922059;Facebook:/<page-id>/posts;Centro de Apoyo para la Integración Social de Rengo inaugura nuevo salón auditorio para fortalecer la reinserción social;2025-08-13T14:49:03+0000;2025-08-13T14:49:03+0000;
1094;26;1;1565429877054814_1402683931381713;data;data.*;fetched (200);2025-08-18 14:45:23.922059;Facebook:/<page-id>/posts;Condenan a 15 y 13 años de presidio efectivo a autores de secuestro extorsivo agravado;2025-08-13T14:35:04+0000;2025-08-13T14:35:04+0000;
1095;26;1;1565429877054814_1402637264719713;data;data.*;fetched (200);2025-08-18 14:45:23.922059;Facebook:/<page-id>/posts;Ciclista de Doñihue consigue el oro por equipos en el ciclismo de ASU2025;2025-08-13T13:31:05+0000;2025-08-18T00:50:16+0000;
1096;26;1;1565429877054814_1402597088057064;data;data.*;fetched (200);2025-08-18 14:45:23.922059;Facebook:/<page-id>/posts;Unión Española y Deportes Iquique se encuentran en la fecha 20;2025-08-13T12:30:51+0000;2025-08-13T12:30:51+0000;
1097;26;1;1565429877054814_1402596368057136;data;data.*;fetched (200);2025-08-18 14:45:23.922059;Facebook:/<page-id>/posts;O’Higgins vs Cobresal: previa, horario y cómo llegan para la fecha 20 de la Primera División;2025-08-13T12:29:47+0000;2025-08-13T12:29:47+0000;
1098;26;1;1565429877054814_1402595421390564;data;data.*;fetched (200);2025-08-18 14:45:23.922059;Facebook:/<page-id>/posts;Colo Colo vs U. Católica: previa, horario y cómo llegan para la fecha 20 de la Primera División;2025-08-13T12:28:18+0000;2025-08-13T12:28:18+0000;
1099;26;1;1565429877054814_1402580434725396;data;data.*;fetched (200);2025-08-18 14:45:23.922059;Facebook:/<page-id>/posts;CGE reporta casi 2.000 accidentes y 1,6 millones de clientes sin luz por postes chocados (Contenido patrocinado);2025-08-13T12:05:04+0000;2025-08-13T12:05:04+0000;
1100;26;1;1565429877054814_1402564211393685;data;data.*;fetched (200);2025-08-18 14:45:23.922059;Facebook:/<page-id>/posts;El Rancagüino celebra este viernes su cumpleaños 110 con ceremonia abierta a la comunidad;2025-08-13T11:40:05+0000;2025-08-13T17:30:12+0000;
1101;26;1;1565429877054814_1402562011393905;data;data.*;fetched (200);2025-08-18 14:45:23.922059;Facebook:/<page-id>/posts;U. San Felipe vs San Luis: previa, horario y cómo llegan para la fecha 21 del Ascenso  (Artículo redactado mediante inteligencia artificial ✍🏻🤖);2025-08-13T11:36:47+0000;2025-08-13T11:36:47+0000;
1102;26;1;1565429877054814_1402561438060629;data;data.*;fetched (200);2025-08-18 14:45:23.922059;Facebook:/<page-id>/posts;Santiago Wanderers busca derrotar a Deportes Temuco para subirse al liderato  (Artículo redactado mediante inteligencia artificial ✍🏻🤖);2025-08-13T11:35:47+0000;2025-08-13T11:35:47+0000;
1103;26;1;1565429877054814_1402560458060727;data;data.*;fetched (200);2025-08-18 14:45:23.922059;Facebook:/<page-id>/posts;San Marcos necesita los 3 puntos para escalar en la tabla de posiciones y llegar a la cima  (Artículo redactado mediante inteligencia artificial ✍🏻🤖);2025-08-13T11:34:17+0000;2025-08-13T11:34:17+0000;
1104;26;1;1565429877054814_1402559791394127;data;data.*;fetched (200);2025-08-18 14:45:23.922059;Facebook:/<page-id>/posts;D. Copiapó vs D. Concepción: previa, horario y cómo llegan para la fecha 21 del Ascenso  (Artículo redactado mediante inteligencia artificial ✍🏻🤖);2025-08-13T11:33:18+0000;2025-08-13T11:33:18+0000;
1105;26;1;1565429877054814_1402558718060901;data;data.*;fetched (200);2025-08-18 14:45:23.922059;Facebook:/<page-id>/posts;Curicó Unido vs Rangers: previa, horario y cómo llegan para la fecha 21 del Ascenso  (Artículo redactado mediante inteligencia artificial ✍🏻🤖);2025-08-13T11:31:47+0000;2025-08-13T11:31:47+0000;
1106;26;1;1565429877054814_1402558151394291;data;data.*;fetched (200);2025-08-18 14:45:23.922059;Facebook:/<page-id>/posts;Santiago Morning enfrenta a Dep. Santa Cruz buscando salir del fondo  (Artículo redactado mediante inteligencia artificial ✍🏻🤖);2025-08-13T11:30:58+0000;2025-08-13T11:30:58+0000;
1107;26;1;1565429877054814_1402541588062614;data;data.*;fetched (200);2025-08-18 14:45:23.922059;Facebook:/<page-id>/posts;EDITORIAL: A dos días de los 110 años de El Rancagüino;2025-08-13T11:12:03+0000;2025-08-13T11:12:03+0000;
1108;26;1;1565429877054814_1402514451398661;data;data.*;fetched (200);2025-08-18 14:45:23.922059;Facebook:/<page-id>/posts;Artista plástica transforma espacios de salud en Olivar con un mural lleno de identidad local;2025-08-13T10:26:44+0000;2025-08-13T10:26:44+0000;
1109;26;1;1565429877054814_1402499391400167;data;data.*;fetched (200);2025-08-18 14:45:23.922059;Facebook:/<page-id>/posts;Compartimos la portada de Diario El Rancagüino para este miércoles 13 de agosto, edición número 27.309. Para más accede a elrancaguino.cl/diario-digital/ El Rancagüino, 110 años contando nuestra historia y construyendo futuro.;2025-08-13T10:00:38+0000;2025-08-13T10:00:38+0000;
1110;26;1;1565429877054814_1402265281423578;data;data.*;fetched (200);2025-08-18 14:45:23.922059;Facebook:/<page-id>/posts;;2025-08-13T02:54:34+0000;2025-08-13T02:54:34+0000;
1111;26;1;1565429877054814_1402264814756958;data;data.*;fetched (200);2025-08-18 14:45:23.922059;Facebook:/<page-id>/posts;🔴 #AHORA | Un incendio estructural en la intersección de calles Chillán y Membrillar dejó a una persona fallecida en el lugar.  🔴 Cinco compañías del Cuerpo de Bomberos de San Fernando trabajaron para controlar las llamas y ahora se encuentran a la espera de que la Brigada de Homicidios de la PDI llegue para iniciar las diligencias investigativas.;2025-08-13T02:53:55+0000;2025-08-13T11:03:33+0000;
1112;26;1;1565429877054814_1402117478105025;data;data.*;fetched (200);2025-08-18 14:45:23.922059;Facebook:/<page-id>/posts;EN VIVO: MOP comparece ante diputados por Carretera de La Fruta;2025-08-12T22:04:32+0000;2025-08-12T22:04:32+0000;
1113;26;1;1565429877054814_1402112348105538;data;data.*;fetched (200);2025-08-18 14:45:23.922059;Facebook:/<page-id>/posts;Fueron detenidos por circular en vehículo con encargo por robo;2025-08-12T21:54:02+0000;2025-08-12T21:54:02+0000;
1114;26;1;1565429877054814_1402109994772440;data;data.*;fetched (200);2025-08-18 14:45:23.922059;Facebook:/<page-id>/posts;Requínoa despide a Rubén Cavieres Araya, histórico exalcalde y referente del servicio público;2025-08-12T21:49:17+0000;2025-08-12T21:49:17+0000;
1115;26;1;1565429877054814_1402104058106367;data;data.*;fetched (200);2025-08-18 14:45:23.922059;Facebook:/<page-id>/posts;Manipuladoras de alimentos se manifiestan en O’Higgins por mejoras de condiciones laborales;2025-08-12T21:37:05+0000;2025-08-12T21:37:05+0000;
1116;26;1;1565429877054814_1402062294777210;data;data.*;fetched (200);2025-08-18 14:45:23.922059;Facebook:/<page-id>/posts;Campeonato comunal de cueca del Adulto Mayor se realizará este 16 de agosto;2025-08-12T20:15:04+0000;2025-08-12T20:15:04+0000;
1117;26;1;1565429877054814_1402059328110840;data;data.*;fetched (200);2025-08-18 14:45:23.922059;Facebook:/<page-id>/posts;“Festikids 2025” ilumina la comunidad de Coinco con una jornada inolvidable;2025-08-12T20:09:32+0000;2025-08-12T20:09:32+0000;
1118;26;1;1565429877054814_1402022668114506;data;data.*;fetched (200);2025-08-18 14:45:23.922059;Facebook:/<page-id>/posts;Asume nueva directiva en el Rotary Club de Graneros;2025-08-12T19:04:03+0000;2025-08-12T19:04:03+0000;
1119;26;1;1565429877054814_1402008584782581;data;data.*;fetched (200);2025-08-18 14:45:23.922059;Facebook:/<page-id>/posts;Se inició el Campeonato de Fútbol de Fiestas Patrias 2025 en Olivar;2025-08-12T18:40:51+0000;2025-08-12T18:40:51+0000;
1120;26;1;1565429877054814_1401981764785263;data;data.*;fetched (200);2025-08-18 14:45:23.922059;Facebook:/<page-id>/posts;Baltazar Gallardo subcampeón mundial de tiro en Finlandia;2025-08-12T17:58:17+0000;2025-08-12T17:58:17+0000;
1121;26;1;1565429877054814_1401927884790651;data;data.*;fetched (200);2025-08-18 14:45:23.922059;Facebook:/<page-id>/posts;Importante subvención municipal recibe el Cuerpo de Bomberos de Pichilemu para reforzar su capacidad operativa;2025-08-12T16:35:03+0000;2025-08-12T16:35:03+0000;
1122;26;1;1565429877054814_1401906574792782;data;data.*;fetched (200);2025-08-18 14:45:23.922059;Facebook:/<page-id>/posts;Altas penas de cárcel para dos implicados en homicidio ocurrido en Litueche;2025-08-12T16:05:07+0000;2025-08-12T16:05:07+0000;
1123;26;1;elrancaguino;offcut;;fetched (200);2025-08-18 14:45:23.922059;Facebook:/<page-id>/posts;;;;
27;None;0;NoticiaOHiggins;seed;;;None;None;;;;
1124;27;1;736420923124347_1059779126140047;data;data.*;fetched (200);2025-08-18 14:45:25.616826;Facebook:/<page-id>/posts;;2025-08-13T12:44:54+0000;2025-08-13T19:34:12+0000;
1125;27;1;NoticiaOHiggins;offcut;;fetched (200);2025-08-18 14:45:25.616826;Facebook:/<page-id>/posts;;;;
28;None;0;chimbarongo.lindonoticias;seed;;;None;None;;;;
1126;28;1;845024635583582_1249423207212092;data;data.*;fetched (200);2025-08-18 14:45:26.080743;Facebook:/<page-id>/posts;[REGIONAL]  CONSEJERO REGIONAL GERARDO CONTRERAS SE POSICIONA ENTRE LAS AUTORIDADES CON MAYOR LIDERAZGO PÚBLICO EN LA REGIÓN DE O’HIGGINS  De acuerdo a los resultados del balance primer semestre 2025 publicados por el Observatorio Opinión Pública Región de O’Higgins el consejero Regional Gerardo Contreras se encuentra en el lugar N°12 de las autoridades con mayor conocimiento, aprobación por gestión, confianza y credibilidad.  El Chimbaronguino integra la lista de 25 autoridades con mejor evaluación donde se encuentran 297 cargos evaluados como Gobernador Regional, Delegado Presidencial, Seremi, Alcaldes, Parlamentarios, Cores, Concejales y Directores de servicio.   La encuesta fue realizada en las 33 comunas de la Recion de O’Higgins, la que refleja un 47% de grado de aprobación ciudadana y un 49% como grado de conocimiento de la autoridad que representa a la Provincia de Colchagua en el Consejo Regional.  “Está noticia que me llega hoy, me tiene muy contento y satisfecho, porque siempre mi intención a sido desarrollar bien mi trabajo, con la frente en alto, profesionalismo, transparencia, honestidad, mucho trabajo social y sobre todo, con mucha humildad” destacó Gerardo Contreras en sus redes sociales.  #ChimbarongoLindoNoticias;2025-08-16T23:52:40+0000;2025-08-18T12:16:42+0000;
1127;28;1;845024635583582_1249394963881583;data;data.*;fetched (200);2025-08-18 14:45:26.080743;Facebook:/<page-id>/posts;[AUSPICIADOR] kogu.sushi_samurai🍣👘  RETIRO O DELIVERY HASTA LAS 22:00 HRS 🛵  Aprovecha las promos que tienen para ti!  Visita su Instagram en el siguiente enlace 🔗  📲ℹ️🍱 https://www.instagram.com/p/DJjjPXBxRCs/?igsh=aGtseDdmOTczdDJm  Haz tu pedido por WhatsApp Sushi fresco, rápido y delicioso. ¡Así de simple! 🍣🍱   📲 https://wa.me/c/56985357739  🛜 kogu.sushi_samurai 📆 Lunes a viernes ⌚️ 12:00 a 22:00 hrs  Sábado ⌚️14:00 a 22:00 hrs 📍Población René Schneider, psje Teniente Merino 62 b.;2025-08-16T22:51:23+0000;2025-08-16T22:51:23+0000;
1128;28;1;845024635583582_1249391420548604;data;data.*;fetched (200);2025-08-18 14:45:26.080743;Facebook:/<page-id>/posts;🏆 LIGA EL MIMBRE   ⚽️ FIXTURE “M&E DEPORTES”  FINAL FINAL FINAL   Mañana se juega la gran final de ambos cuadrangulares de la Liga El Mimbre, partidos que estarán realmente prometedores 🔥🔥🔥  Grupo 🅰️  🏟️ C.D TINGUIRIRICA 🆚 J. LAS CUESTA     🏟️ N. REVELACIÓN 🆚 U. LA CUESTA     Grupo 🅱️   🏟️ JUVENTUD  🆚 SANTA ELISA 🏟️ PARAÍSO 🆚 SILVA HENRÍQUEZ     Gentileza: lalibretadedonenzo   #LaLibretaDeDonEnzo  #LigaElMimbre  #ChimbarongoLindoNoticias;2025-08-16T22:44:33+0000;2025-08-18T08:25:33+0000;
1129;28;1;845024635583582_1249160583905021;data;data.*;fetched (200);2025-08-18 14:45:26.080743;Facebook:/<page-id>/posts;[AUSPICIADOR] kidszonecl  ❄️☃️ SALE SALE SALE  ❄️☃️   Mira las ofertas 👏🏻  👗 Ropita linda, única y en perfecto estado 🧸 Desde recién nacido hasta talla infantil 💥 ¡Precios que te van a sorprender! 🌍 Porque vestir con conciencia también es enseñar  📦 Renueva el clóset de tus peques sin culpa, sin gastar de más y apoyando el consumo responsable.  💬 ¡Escríbenos y te mostramos todo lo que tenemos! ✨ ¡Tu compra hace la diferencia! 📲 Síguenos en Instagram y Facebook  @kidszonecl;2025-08-16T16:11:47+0000;2025-08-16T16:11:47+0000;
1130;28;1;845024635583582_1249107467243666;data;data.*;fetched (200);2025-08-18 14:45:26.080743;Facebook:/<page-id>/posts;🏆 SÚPER LIGA FEMENINA   ⚽️ FIXTURE M&E DEPORTES  FECHA 4  Te dejamos la programación de la cuarta fecha que se disputará en la cancha de San Juan.   🏟️ FEM San Juan  🆚 Rebeldes FC  🏟️ U. FEM Sta Isabel 🆚 Las Leonas  🏟️ Porve FEM 🆚 Paraiso FEM   🏟️ Chile FEM  🆚 FEM Chipana      Gentileza: @lalilbretadedonenzo   #SuperLigaFemenina  #LaLibretaDeDonEnzo  #ChimbarongoLindoNoticias;2025-08-16T14:55:42+0000;2025-08-16T14:55:42+0000;
1131;28;1;845024635583582_1249100713911008;data;data.*;fetched (200);2025-08-18 14:45:26.080743;Facebook:/<page-id>/posts;"[AUSPICIADOR] @la_casserita_  CONTAMOS CON EL GENTIL AUSPICIO DE;   🍎🥦 LA CASERITA: TODO LO QUE NECESITAS EN UN SOLO LUGAR ❄️🛒  Frutas y verduras frescas, productos congelados y artículos para el hogar… ¡Todo en un solo local y al mejor precio!  ✨ Atención cercana, excelente calidad y promociones que te sorprenderán. Pasa por La Caserita y lleva lo mejor para tu casa.  📍Ubicación: Esquina de Pisagua con Javiera Carrera 🕒 Horario: Lunes a sábado: 10:00 a 19:30 hrs Domingo: 10:30 a 14:30 hrs 📲 @la_casserita_  Apoya el comercio local ❤️  !Te esperamos!";2025-08-16T14:46:41+0000;2025-08-16T14:46:41+0000;
1132;28;1;845024635583582_1249085427245870;data;data.*;fetched (200);2025-08-18 14:45:26.080743;Facebook:/<page-id>/posts;[AUSPICIADOR] @inebate_ferreteria  INEBATE SOLUCIONES ELÉCTRICAS 👏🏻  🔌⚡ ¡Todo lo que necesitas en electricidad lo encuentras aquí! ⚡🔌 En INEBATE tenemos los mejores productos eléctricos para tu hogar, obra o negocio:  ✅ Cables certificados ✅ Enchufes, interruptores y ampolletas LED ✅ Tableros eléctricos ✅ Herramientas especializadas ✅Venta e instalación de cercos eléctricos. ✅Iluminación led  ✅ Asesoría técnica y precios insuperables  📍 Visítanos en Pisagua #116, Chimbarongo 🕒 Horarios:  - Lunes a viernes 09:00 a 13:00 y 15:00 a 19:00 hrs  - Sábado 10:00 a 13:00 hrs  📞 Consultas al: +569 4403 0459 📲 Síguenos en redes sociales  Instagram: @inebate_ferreteria  Facebook: Inebate   💡 En INEBATE soluciones eléctricas, la energía la pones tú… lo demás, lo ponemos nosotros 🔋⚡️;2025-08-16T14:24:12+0000;2025-08-16T14:24:12+0000;
1133;28;1;845024635583582_1248533110634435;data;data.*;fetched (200);2025-08-18 14:45:26.080743;Facebook:/<page-id>/posts;[NACIONAL]  HAROLD MAYNE-NICHOLLS CONSIGUE MÁS DE  35 MIL FIRMAS Y SE OFICIALIZA COMO  CANDIDATO PRESIDENCIAL  El ex presidente de la ANFP y Director de los Juegos Panamericanos -  Parapanamericanos Santiago 2023 Harold Mayne-Nicholls anunció hoy la recolección de más de 35 mil firmas, lo que lo oficializa como Candidato a las Elecciones Presidenciales de Noviembre del 2025.  Simplemente, gracias Chile.  Desde el 1 de abril comenzamos este recorrido y hoy, gracias a ustedes y al equipo, hemos logrado la meta: reunir las 35.361 firmas mínimas exigidas por el Servel.  Esto recién empieza, Muchas gracias… ¡y que viva Chile! 🇨🇱 Juntos vamos a devolverle el alma a Chile.  Fueron las declaraciones vía redes sociales del nuevo candidato a la Presidencia de Chile.  #ChimbarongoLindoNoticias;2025-08-15T23:52:34+0000;2025-08-17T13:17:12+0000;
1134;28;1;845024635583582_1248455123975567;data;data.*;fetched (200);2025-08-18 14:45:26.080743;Facebook:/<page-id>/posts;[UTILIDAD PÚBLICA] #Compartir   Se encontró mochila negra a nombre de Víctor Hugo Silva Maldonado, llamar al  +56949162240   De antemano agradecemos a la persona honrada que la encontró y nos habló por interno para publicar 👏🏻   #ChimbarongoLindoNoticias;2025-08-15T21:10:38+0000;2025-08-15T23:44:21+0000;
1135;28;1;845024635583582_1248436653977414;data;data.*;fetched (200);2025-08-18 14:45:26.080743;Facebook:/<page-id>/posts;[AUSPICIADOR] chimbarongobarbers  💈🔥 Tu estilo merece lo mejor 🔥💈  En Calaveras Barber Coffee no solo cortamos cabello, creamos estilo. Fades perfectos, perfilados al milímetro y barbas que roban miradas.  ✂ Cortes clásicos y modernos para hombres y niños 💇‍♀ Servicios para mujeres: cortes, color, masajes capilares, manicure y más 🎨 Tatuajes con diseños únicos 🪞 Perfilados perfectos, barbas impecables y atención de primera.   💈Disfruta de un ambiente cómodo y acogedor, atención personalizada y productos de calidad que marcan la diferencia. Ya sea que busques un look elegante para el trabajo o un estilo fresco y actual, aquí encontrarás el servicio que mereces.  📍 Javiera Carrera #330, local 5, costado aCuenta  ⌚️Horario: Lunes a sábado 11:00 a 19:00 hrs  Domingo de 11:00 a 18:00 hrs. 🛜Redes: Instagram y TikTok: @chimbarongobarbers Facebook: Calaveras Barber Coffee 📲 WhatsApp: +569 6183 7188  💈⚡ Porque un buen corte no es un gasto… es una inversión en tu imagen⚡💈;2025-08-15T20:32:38+0000;2025-08-15T20:32:38+0000;
1136;28;1;845024635583582_1248424957311917;data;data.*;fetched (200);2025-08-18 14:45:26.080743;Facebook:/<page-id>/posts;[DEPORTES]   CHIMBARONGO FC ENFRENTA A QUINTERO UNIDO   Mañana a partir de las 18:00 hrs en el Estadio Municipal de Quintero, Los del Mimbre buscarán seguir con la racha del triunfo y enfrentarán en condición de visitante a Quintero Unido.  Los dirigidos por el DT Ítalo Pinochet están mentalizados en seguir escalando en la tabla de posiciones.  📸 aese.fotografias   #ChimbarongoLindoNoticias;2025-08-15T20:10:28+0000;2025-08-15T20:10:28+0000;
1137;28;1;845024635583582_1248246983996381;data;data.*;fetched (200);2025-08-18 14:45:26.080743;Facebook:/<page-id>/posts;"[AUSPICIADOR] eltiofilete  🍗🥩🍖 El Tío Filete trae los mejores productos y al mejor precio, amplio stock de carne 🥩   🏪 Visita su local ubicado en Romeral Adentro.  📍 En Waze debes colocar ""El tío Filete"" y te dará la ubicación exacta 🗺️ 📲Haz tus pedido al WhatsApp +56 9 7396 0690 🛵 Contamos con delivery!   ABIERTO HASTA LAS 23:00 hrs    💻 Facebook: Congelados Chimbarongo  💻 Instagram: eltiofilete";2025-08-15T15:38:51+0000;2025-08-15T15:38:51+0000;
1138;28;1;845024635583582_1248240367330376;data;data.*;fetched (200);2025-08-18 14:45:26.080743;Facebook:/<page-id>/posts;🏆 LIGA AMIGOS DEL FÚTBOL   ⚽️ FIXTURE M&E DEPORTES FECHA 13   Hoy feriado se juega en la Liga Amigos del Fútbol te dejamos los atractivos encuentros que animarán la tarde de viernes 💪🏻⚽️   🏟️ UNIÓN JUVENIL 🆚 SANTA ISABEL  🏟️ LUCANA  🆚 SAN LUIS 🏟️ ROMERAL 🆚 LA VIÑA   🏟️ CLUB DEPORTES 🆚 MARIPOSAS   🆓 LIBRE HORIZONTE    Gentileza: lalibretadedonenzo   #LaLibretaDeDonEnzo  #LigaAmigosDelFútbol #ChimbarongoLindoNoticias;2025-08-15T15:28:48+0000;2025-08-15T15:28:48+0000;
1139;28;1;845024635583582_1247708777383535;data;data.*;fetched (200);2025-08-18 14:45:26.080743;Facebook:/<page-id>/posts;[GRAN BINGO]   Apoyemos a Chimbarongo FC, mañana gran bingo, en el Club de Deportes a partir de las 14:30 hrs, excelentes premios 💪🏻  $2.500 el cartón!   #ChimbarongoFC  #ChimbarongoLindoNoticias;2025-08-15T02:18:31+0000;2025-08-15T02:18:31+0000;
1140;28;1;845024635583582_1247624814058598;data;data.*;fetched (200);2025-08-18 14:45:26.080743;Facebook:/<page-id>/posts;[AUSPICIADOR] ikigaisushichimbarongo  🍣 🍱 JUEVES DE RAMEN Y CEVICHES   Frescura, sabor y pasión en cada roll. Desde clásicos irresistibles hasta creaciones únicas, en Ikigai Sushi te llevamos una experiencia japonesa que despierta tus sentidos.  ¡Haz tu pedido hoy y siente el verdadero Ikigai en cada bocado! 🥋   📲 +569 3405 3585  🍱 Https://menu.fu.do/sushiikigai  ⌚️ Lunes a jueves 12:00 a 22:30 hrs  Viernes y sábado 12:00 a 23:30 hrs  Domingo de 13:00 a 21:00 hrs;2025-08-14T23:44:19+0000;2025-08-14T23:44:19+0000;
1141;28;1;845024635583582_1247511354069944;data;data.*;fetched (200);2025-08-18 14:45:26.080743;Facebook:/<page-id>/posts;[PERMISO DE CIRCULACIÓN]  No olvides que comenzó el Pago de la Segunda Cuota del Permiso de Circulación 2025 🚗💳   Si pagaste tu primera cuota en 📍Chimbarongo puedes pagar en la dirección de tránsito de lunes a viernes entre las 08:30 Am y 14:00 Pm o en www.Municipalidadchimbarongo.cl plazo hasta el 01 de Septiembre.  #ChimbarongoLindoNoticias;2025-08-14T20:10:29+0000;2025-08-14T20:10:29+0000;
1142;28;1;845024635583582_1247484907405922;data;data.*;fetched (200);2025-08-18 14:45:26.080743;Facebook:/<page-id>/posts;"[AUSPICIADOR] eltiofilete   🍗🥩🍖 El Tío Filete trae los mejores productos y al mejor precio, amplio stock de carne 🥩   🏪 Visita su local ubicado en Romeral Adentro.  📍 En Waze debes colocar ""El tío Filete"" y te dará la ubicación exacta 🗺️ 📲Haz tus pedido al WhatsApp +56 9 7396 0690 🛵 Contamos con delivery!   ABIERTO HASTA LAS 23:00 hrs    💻 Facebook: Congelados Chimbarongo  💻 Instagram: @eltiofilete";2025-08-14T19:22:06+0000;2025-08-14T19:22:06+0000;
1143;28;1;845024635583582_1247365987417814;data;data.*;fetched (200);2025-08-18 14:45:26.080743;Facebook:/<page-id>/posts;[EDUCACIÓN]   DOCENTES DEL CECH SOLICITAN LA DESTITUCIÓN DEL PRESIDENTE DEL CENTRO DE ESTUDIANTES   Una carta firmada por docentes del Complejo Educacional de Chimbarongo manifiesta el total repudio ante el comportamiento del presidente del centro de estudiantes, a raíz de incidentes ocurridos contra los directivos Alex Pilgrin y Alejandro Vargas.  En el documento, los funcionarios indican que las conductas del estudiante constituyen faltas leves, graves y gravísimas, algunas incluso catalogadas como violencia según el reglamento interno del establecimiento.  Los docentes solicitan a la dirección del colegio tomar medidas inmediatas para resguardar la integridad de los afectados, aplicando protocolos, acciones y sanciones correspondientes, tanto internas como civiles. Finalmente, el escrito exige como primera medida la destitución inmediata del alumno de su cargo como presidente del centro de estudiantes, argumentando que su comportamiento no corresponde al perfil de un líder que represente a la comunidad escolar.   Fuentes internas del establecimiento nos indican que los estudiantes también se están organizando y manifestando en apoyo a los docentes y funcionarios.   #ChimbarongoLindoNoticias;2025-08-14T16:36:53+0000;2025-08-18T05:35:19+0000;
1144;28;1;845024635583582_1247334934087586;data;data.*;fetched (200);2025-08-18 14:45:26.080743;Facebook:/<page-id>/posts;[AUSPICIADOR] inebate_ferreteria  INEBATE SOLUCIONES ELÉCTRICAS 👏🏻  🔌⚡ ¡Todo lo que necesitas en electricidad lo encuentras aquí! ⚡🔌 En INEBATE tenemos los mejores productos eléctricos para tu hogar, obra o negocio:  ✅ Cables certificados ✅ Enchufes, interruptores y ampolletas LED ✅ Tableros eléctricos ✅ Herramientas especializadas ✅Venta e instalación de cercos eléctricos. ✅Iluminación led  ✅ Asesoría técnica y precios insuperables  📍 Visítanos en Pisagua #116, Chimbarongo 🕒 Horarios:  - Lunes a viernes 09:00 a 13:00 y 15:00 a 19:00 hrs  - Sábado 10:00 a 13:00 hrs  📞 Consultas al: +569 4403 0459 📲 Síguenos en redes sociales  Instagram: @inebate_ferreteria  Facebook: Inebate   💡 En INEBATE soluciones eléctricas, la energía la pones tú… lo demás, lo ponemos nosotros 🔋⚡️;2025-08-14T15:53:50+0000;2025-08-14T15:53:50+0000;
1145;28;1;845024635583582_1246812447473168;data;data.*;fetched (200);2025-08-18 14:45:26.080743;Facebook:/<page-id>/posts;[AUSPICIADOR] chimbarongobarbers   SE UNE A LA GRAN FAMILIA DE CHIMBARONGO LINDO NOTICIAS 💈 CALAVERAS BARBER COFFEE   💈🔥 Tu estilo merece lo mejor 🔥💈  En Calaveras Barber Coffee no solo cortamos cabello, creamos estilo. Fades perfectos, perfilados al milímetro y barbas que roban miradas.  ✂ Cortes clásicos y modernos para hombres y niños 💇‍♀ Servicios para mujeres: cortes, color, masajes capilares, manicure y más 🎨 Tatuajes con diseños únicos 🪞 Perfilados perfectos, barbas impecables y atención de primera.   💈Disfruta de un ambiente cómodo y acogedor, atención personalizada y productos de calidad que marcan la diferencia. Ya sea que busques un look elegante para el trabajo o un estilo fresco y actual, aquí encontrarás el servicio que mereces.  📍 Javiera Carrera #330, local 5, costado aCuenta  ⌚️Horario: Lunes a sábado 11:00 a 19:00 hrs  Domingo de 11:00 a 18:00 hrs. 🛜Redes: Instagram y TikTok: @chimbarongobarbers Facebook: Calaveras Barber Coffee 📲 WhatsApp: +569 6183 7188  💈⚡ Porque un buen corte no es un gasto… es una inversión en tu imagen⚡💈;2025-08-14T02:12:46+0000;2025-08-14T02:12:46+0000;
1146;28;1;845024635583582_1246673284153751;data;data.*;fetched (200);2025-08-18 14:45:26.080743;Facebook:/<page-id>/posts;"[COMUNAL]   COMIENZA LA INTERVENCIÓN DEL PROGRAMA “QUIERO MI BARRIO”  EN PISAGUA ORIENTE   Este martes se dio el vamos oficial a las obras del Programa “Quiero Mi Barrio” en el sector Pisagua Oriente de Chimbarongo, intervención que beneficiará a un amplio territorio del centro urbano que comprende calle Pisagua —entre la carretera y el cruce de ferrocarriles—, incluyendo las villas Los Cántaros, Araucanía y La Pirámide, junto a la Población René Schneider.  La jornada, realizada a un costado de la plaza de la Población Schneider, contó con la firma protocolar entre dirigentes y autoridades, además de servicios municipales en terreno, una feria de emprendedores locales y un cierre artístico a cargo de la Banda Inclusión.  “Este es el comienzo de un provechoso cambio para este sector. Vendrán mejoras en equipamiento urbano, paisajismo, seguridad… en fin, solo beneficios para nuestra gente”, señaló el alcalde Marco Contreras, felicitando a las y los vecinos por este importante paso.  En representación de la SEREMI de Vivienda y Urbanismo, participaron Cristian Peña, secretario técnico regional del Programa Recuperación de Barrios; Gloria Donoso, analista urbano; y Diego Arce, analista social. También estuvieron presentes los concejales Marisol Guajardo y Juan Mellado, junto a las profesionales del Quiero Mi Barrio Pisagua Oriente y directivos municipales.   #ChimbarongoLindoNoticias";2025-08-13T22:25:55+0000;2025-08-14T01:17:21+0000;
1147;28;1;845024635583582_1246582304162849;data;data.*;fetched (200);2025-08-18 14:45:26.080743;Facebook:/<page-id>/posts;[AUSPICIADOR] kogu.sushi_samurai🍣👘  RETIRO O DELIVERY 🛵  Aprovecha las promos que tienen para ti!  Visita su Instagram en el siguiente enlace 🔗  📲ℹ️🍱 https://www.instagram.com/p/DJjjPXBxRCs/?igsh=aGtseDdmOTczdDJm  Haz tu pedido por WhatsApp Sushi fresco, rápido y delicioso. ¡Así de simple! 🍣🍱   📲 https://wa.me/c/56985357739  🛜 kogu.sushi_samurai 📆 Lunes a viernes ⌚️ 12:00 a 22:00 hrs  Sábado ⌚️14:00 a 22:00 hrs 📍Población René Schneider, psje Teniente Merino 62 b.;2025-08-13T19:45:20+0000;2025-08-13T19:45:20+0000;
1148;28;1;845024635583582_1246577290830017;data;data.*;fetched (200);2025-08-18 14:45:26.080743;Facebook:/<page-id>/posts;"🏆 LIGA FUTURO   TABLA DE POSICIONES M&E DEPORTES   📊 La Liga Futuro ya definió a sus 6 clasificados para los PlayOffs, el grupo A mantuvo a sus tres clubes; D. Codegua, U. Roma y Perejil, mientras que el grupo B se definió en una infartante jornada, donde Platina superó por muy poco a Las Brumas y se quedó con el tercer cupo acompañando a Las Cañas y Chipana. Ya te contaremos cómo quedaron las llaves que se jugarán el domingo en modalidad ida y vuelta.  Gentileza: lalibretadedonenzo   #LaLibretaDeDonEnzo  #LigaFuturo  #ChimbarongoLindoNoticias";2025-08-13T19:37:35+0000;2025-08-13T19:37:35+0000;
1149;28;1;845024635583582_1246464730841273;data;data.*;fetched (200);2025-08-18 14:45:26.080743;Facebook:/<page-id>/posts;[AUSPICIADOR] la_casserita_  🍎🥦 LA CASERITA: TODO LO QUE NECESITAS EN UN SOLO LUGAR ❄️🛒  Frutas y verduras frescas, productos congelados y artículos para el hogar… ¡Todo en un solo local y al mejor precio!  ✨ Atención cercana, excelente calidad y promociones que te sorprenderán. Pasa por La Caserita y lleva lo mejor para tu casa.  📍Ubicación: Esquina de Pisagua con Javiera Carrera 🕒 Horario: Lunes a sábado: 10:00 a 19:30 hrs Domingo: 10:30 a 14:30 hrs 📲 @la_casserita_  Apoya el comercio local ❤️  !Te esperamos!;2025-08-13T16:47:14+0000;2025-08-13T16:47:14+0000;
1150;28;1;845024635583582_1246335810854165;data;data.*;fetched (200);2025-08-18 14:45:26.080743;Facebook:/<page-id>/posts;[EFEMÉRIDE]   DÍA DEL ZURDO   ✋🎉 ¡Feliz Día Internacional del Zurdo! Hoy celebramos a ese 10% de la población que ve el mundo desde otra perspectiva.  Un reconocimiento especial a todos quienes escriben, dibujan, cocinan o juegan a la izquierda, demostrando que la creatividad y la habilidad no tienen lado.  📅 Cada 13 de agosto, se busca visibilizar sus desafíos y, sobre todo, destacar sus talentos únicos.  💬 Cuéntanos en los comentarios ¿Eres zurdo o conoces a alguien que lo sea? 🙌  #ChimbarongoLindoNoticias;2025-08-13T13:36:42+0000;2025-08-13T14:20:38+0000;
1151;28;1;845024635583582_1245977970889949;data;data.*;fetched (200);2025-08-18 14:45:26.080743;Facebook:/<page-id>/posts;🚨EMERGENCIA🚨  Bomberos de Chimbarongo trabajó en incendio estructural en calle Rosendo Jaramillo que afectó a una vivienda.;2025-08-13T03:53:08+0000;2025-08-13T03:53:08+0000;
1152;28;1;845024635583582_1245850190902727;data;data.*;fetched (200);2025-08-18 14:45:26.080743;Facebook:/<page-id>/posts;[AUSPICIADOR] ikigaisushichimbarongo  🍣 🍱  20% DCTO TODAS LAS BURGUER   Frescura, sabor y pasión en cada roll. Desde clásicos irresistibles hasta creaciones únicas, en Ikigai Sushi te llevamos una experiencia japonesa que despierta tus sentidos.  ¡Haz tu pedido hoy y siente el verdadero Ikigai en cada bocado! 🥋   📲 +569 3405 3585  🍱 Https://menu.fu.do/sushiikigai  ⌚️ Lunes a jueves 12:00 a 22:30 hrs  Viernes y sábado 12:00 a 23:30 hrs  Domingo de 13:00 a 21:00 hrs;2025-08-13T00:03:09+0000;2025-08-13T00:03:09+0000;
1153;28;1;845024635583582_1245809854240094;data;data.*;fetched (200);2025-08-18 14:45:26.080743;Facebook:/<page-id>/posts;[COMUNAL]   35 FAMILIAS DE CHIMBARONGO RECIBIERON ENTREGA DE TÍTULOS DE DOMINIO   El jueves pasado, el Salón de la Casa de la Cultura se llenó de alegría y emoción con la entrega de títulos de dominio, un hito que pone fin a años de espera y que marca el inicio de una nueva etapa para decenas de vecinos y vecinas, quienes ahora son oficialmente propietarios de sus terrenos o viviendas.  El subsecretario de Bienes Nacionales, Sebastián Vergara, destacó la gestión del municipio, señalando que “Chimbarongo es la comuna de O’Higgins que ha obtenido la mitad de todos los títulos entregados en la región, lo que refleja dedicación y compromiso con la labor social”.  En la ceremonia también estuvieron presentes el alcalde Marco Contreras, quien agradeció el trabajo conjunto con la Seremi de Bienes Nacionales, Romina Olguín, así como con el propio subsecretario. Ambos recibieron un especial obsequio elaborado en mimbre, como símbolo de la identidad local.  El evento contó además con la presencia del diputado Félix Bugueño, el Concejo Municipal en pleno, el administrador municipal Juan Carlos Sandoval y la directora de Desarrollo Comunitario Ángeles Decidet.   #ChimbarongoLindoNoticias;2025-08-12T22:41:16+0000;2025-08-12T23:33:32+0000;
1154;28;1;845024635583582_1245764957577917;data;data.*;fetched (200);2025-08-18 14:45:26.080743;Facebook:/<page-id>/posts;[AUSPICIADOR] inebate_ferreteria  INEBATE SOLUCIONES ELÉCTRICAS 👏🏻  🔌⚡ ¡Todo lo que necesitas en electricidad lo encuentras aquí! ⚡🔌 En INEBATE tenemos los mejores productos eléctricos para tu hogar, obra o negocio:  ✅ Cables certificados ✅ Enchufes, interruptores y ampolletas LED ✅ Tableros eléctricos ✅ Herramientas especializadas ✅Venta e instalación de cercos eléctricos. ✅Iluminación led  ✅ Asesoría técnica y precios insuperables  📍 Visítanos en Pisagua #116, Chimbarongo 🕒 Horarios:  - Lunes a viernes 09:00 a 13:00 y 15:00 a 19:00 hrs  - Sábado 10:00 a 13:00 hrs  📞 Consultas al: +569 4403 0459 📲 Síguenos en redes sociales  Instagram: @inebate_ferreteria  Facebook: Inebate   💡 En INEBATE soluciones eléctricas, la energía la pones tú… lo demás, lo ponemos nosotros 🔋⚡️;2025-08-12T21:20:33+0000;2025-08-12T21:20:33+0000;
1155;28;1;845024635583582_1244675634353516;data;data.*;fetched (200);2025-08-18 14:45:26.080743;Facebook:/<page-id>/posts;[AUSPICIADOR] @mensfashion.cl   ♻️✨ Estilo con historia, elegancia con propósito ✨♻️  Descubre nuestra colección premium de moda masculina reciclada, donde cada prenda tiene carácter, estilo y una segunda oportunidad. Chaquetas, camisas, jeans y más, seleccionados con ojo experto y renovados para hombres que saben vestir con actitud y conciencia.  👔 🌍 Viste diferente. Viste con propósito.  📍MENS FASHION Carmen Larraín #13b  📲 mensfashion.cl  ⌚️ 10:00 a 14:00 hrs y 15:00 a 19:00 hrs  📆 Lunes a Sábado   Ropa reciclada de alta calidad para el hombre actual 🧥👔♻️;2025-08-11T16:29:56+0000;2025-08-11T16:29:56+0000;
1156;28;1;845024635583582_1244605074360572;data;data.*;fetched (200);2025-08-18 14:45:26.080743;Facebook:/<page-id>/posts;"[COMUNAL]   SABINGO ESTUVO EN CHIMBARONGO  JUAN PABLO QUERALTÓ CONVERSÓ CON “MIMBREMAN”   En el capítulo emitido el 10 de agosto de 2025, Juan Pablo Queraltó viajó hasta Chimbarongo, para explorar la identidad local a través de su plaza central. Chimbarongo fue destacada como la “Ciudad artesanal del mundo”, gracias a su histórica tradición en el trabajo con mimbre. La emisión resaltó especialmente las impresionantes esculturas de fibra y la presencia del icónico “Mimbre Man”, símbolo vivo de la artesanía y creatividad local.  Este capítulo de la sección “De plaza en plaza” de Sabingo no solo mostró la belleza de su entorno, sino también cómo la plaza actúa como corazón cultural de la comuna, reflejando su historia, arte y su gente. También aprovechó la instancia de conocer la Batucada Angarua guiada por Marcelo Pulido.  Revisa el capítulo acá; https://www.chilevision.cl/sabingo/de-plaza-en-plaza/descubrimos-la-identidad-de-chimbarongo-de-plaza-en-plaza-sabingo";2025-08-11T14:54:00+0000;2025-08-15T13:06:08+0000;
1157;28;1;845024635583582_1244589661028780;data;data.*;fetched (200);2025-08-18 14:45:26.080743;Facebook:/<page-id>/posts;"[AUSPICIADOR] @lubricentro_rossati_center  CONTAMOS CON EL GENTIL AUSPICIO;   BIGOS SERVICE ®️ Car Wash evoluciona a ROSSATI  La misma calidad y solución para dejar reluciente tu vehículo 🚘💧🚙🚗🧽  📍Ubicados en camino a Codegua a 400 mts carretera, Chimbarongo (ExBigdo)   ⌚Nuevos Horarios;  ▪️(Lun-Vie) 08:30 a 13:00 hrs y 14:30 a 18:00 hrs  (cerrado hora de almuerzo)  ▪️(Sáb) 09:00 a 13:00 hrs   📲 Contacto; +5️⃣6️⃣9️⃣3️⃣4️⃣1️⃣7️⃣5️⃣7️⃣3️⃣9️⃣  💻 Facebook;  https://www.facebook.com/share/195QULSAVp/?mibextid=wwXIfr 💻 Rossati Rossatisati_center  📧 contacto.bigos@gmail.com   Cuida tu auto con los mejores #RossatiCenter 👏";2025-08-11T14:34:52+0000;2025-08-11T14:34:52+0000;
1158;28;1;845024635583582_1244573537697059;data;data.*;fetched (200);2025-08-18 14:45:26.080743;Facebook:/<page-id>/posts;"[DEPORTES]  DECLARACIONES DEL DT DE COLCHAGUA RAÚL MANÁ GONZALÉZ TRAS TRIUNFO ANTE EL PUNTERO  ATLÉTICO COLINA POR 1-0  ""El técnico Raúl ‘Mana’ González valoró el esfuerzo y la entrega de sus dirigidos tras el trabajado triunfo por la cuenta mínima ante el líder Atlético Colina, resultado que mantiene viva la ilusión de Colchagua CD en la recta final de la Tercera División.""  #ChimbarongoLindoNoticias";2025-08-11T14:13:58+0000;2025-08-13T01:29:06+0000;
1159;28;1;845024635583582_1244563447698068;data;data.*;fetched (200);2025-08-18 14:45:26.080743;Facebook:/<page-id>/posts;[PERMISO DE CIRCULACIÓN]  No olvides que comenzó el Pago de la Segunda Cuota del Permiso de Circulación 2025 🚗💳   Si pagaste tu primera cuota en 📍Chimbarongo puedes pagar en la dirección de tránsito de lunes a viernes entre las 08:30 Am y 14:00 Pm o en www.Municipalidadchimbarongo.cl plazo hasta el 01 de Septiembre.  #ChimbarongoLindoNoticias;2025-08-11T14:00:49+0000;2025-08-11T16:47:27+0000;
1160;28;1;845024635583582_1244510314370048;data;data.*;fetched (200);2025-08-18 14:45:26.080743;Facebook:/<page-id>/posts;"[AUSPICIADOR] la_casserita_  CONTAMOS CON EL GENTIL AUSPICIO DE;   🍎🥦 LA CASERITA: TODO LO QUE NECESITAS EN UN SOLO LUGAR ❄️🛒  Frutas y verduras frescas, productos congelados y artículos para el hogar… ¡Todo en un solo local y al mejor precio!  ✨ Atención cercana, excelente calidad y promociones que te sorprenderán. Pasa por La Caserita y lleva lo mejor para tu casa.  📍Ubicación: Esquina de Pisagua con Javiera Carrera 🕒 Horario: Lunes a sábado: 10:00 a 19:30 hrs Domingo: 10:30 a 14:30 hrs 📲 @la_casserita_  Apoya el comercio local ❤️  !Te esperamos!";2025-08-11T12:46:40+0000;2025-08-11T12:46:40+0000;
1161;28;1;chimbarongo.lindonoticias;offcut;;fetched (200);2025-08-18 14:45:26.080743;Facebook:/<page-id>/posts;;;;
29;None;0;SantaCruzNoticias.cl;seed;;;None;None;;;;
1162;29;1;306536876549252_1209472927859673;data;data.*;fetched (200);2025-08-18 14:45:27.218034;Facebook:/<page-id>/posts;🌎 Internacional   📌 🔴 Capturan en Colombia al sicario del “Rey de Meiggs” tras fuga por error desde cárcel en Santiago  Carabineros de Chile confirmó este sábado la detención en Colombia de Alberto Carlos Mejía Hernández, imputado por el homicidio del conocido comerciante del Barrio Meiggs, apodado el “Rey de Meiggs”. El sujeto había huido del país luego de ser liberado por error desde una cárcel en Santiago, manteniéndose prófugo hasta hoy. La captura se concretó gracias a un operativo internacional que involucró al Departamento OS9, la PDI y la Interpol de la Policía Nacional de Colombia, en coordinación con la agregaduría policial chilena en ese país. La noticia marca un avance clave en uno de los crímenes que más impacto causó en el comercio capitalino y que generó amplio debate sobre las fallas del sistema penitenciario en Chile.  #SantaCruzNoticias  #NoticiasconVisionInternacional;2025-08-16T23:31:31+0000;2025-08-17T13:39:18+0000;
1163;29;1;306536876549252_1209469441193355;data;data.*;fetched (200);2025-08-18 14:45:27.218034;Facebook:/<page-id>/posts;⭕️ Desde el sector dé Lihueimo en el Bingo organizado por la junta de vecinos del Sector. Aún es tiempo de asistir y cooperar! María Isabel Moraga Córdova   #SantaCruzNoticias #NoticiasconVisionRegional;2025-08-16T23:23:55+0000;2025-08-16T23:32:47+0000;
1164;29;1;306536876549252_1209443461195953;data;data.*;fetched (200);2025-08-18 14:45:27.218034;Facebook:/<page-id>/posts;;2025-08-16T22:25:26+0000;2025-08-16T22:25:26+0000;
1165;29;1;306536876549252_1209438524529780;data;data.*;fetched (200);2025-08-18 14:45:27.218034;Facebook:/<page-id>/posts;🔴 SE BUSCA PERSONA DESAPARECIDA   📌 Su nombre es Joaquín Peñaloza Muñoz. Última vez visto el día jueves en la mañana en la comuna de Santa Cruz (Villa Don Horacio)  📱Porfavor si lo ven avisar a los fonos:  +569 3870 9418 o +569 8567 7780  #PersonaExtraviada  #SantaCruzNoticias  #NoticiasconVisionRegional;2025-08-16T22:14:29+0000;2025-08-18T18:24:55+0000;
1166;29;1;306536876549252_1209433271196972;data;data.*;fetched (200);2025-08-18 14:45:27.218034;Facebook:/<page-id>/posts;🎭✨ Gran Evento Cultural y Humorístico en Santa Cruz ✨🎭  Este jueves 21 de agosto, desde las 19:00 hrs, el Teatro del Instituto Federico Errázuriz se llenará de humor, música y buen ambiente 🤩.  🔹 Con la presencia estelar de Kurt Carrera (“Tutututu”) 😂 🔹 Risas aseguradas con Potapé 🤡 🔹 Y el talento de La Loyola , Katy Torres, entre otras y otros artistas 🎶💃  👉 No te pierdas esta oportunidad de disfrutar una velada para reír, compartir y vibrar con nuestra cultura 🎤❤️.  📅 Fecha: Jueves 21 de agosto 🕖 Hora: 19:00 hrs 📍 Lugar: Teatro del Instituto Federico Errázuriz, Santa Cruz  🔥 ¡Trae a la familia y a tus amistades… y prepárate para pasarlo en grande! 🔥  #SantaCruz #EventoCultural #Humor #Música #KurtCarrera #Tutututu #Potapé #LaLoyola #KatyTorres #SantaCruzNoticias;2025-08-16T22:03:03+0000;2025-08-16T22:03:03+0000;
1167;29;1;306536876549252_1209432124530420;data;data.*;fetched (200);2025-08-18 14:45:27.218034;Facebook:/<page-id>/posts;⭕️ En Farmacia La Botika del Valle le ofrece los mejores precios y medicamentos de calidad.  Preocupados de entregar una excelente y cordial atención por parte de sus profesionales. Estamos ubicados en calle  Aníbal Pinto 7, frente a la plaza de #Palmilla. Los esperamos de Lunes a Viernes en horario continuo de 9:30 a 20:00 hrs y los Sábados de 10:00 a 15:00.  @farmacias_labotika_delvalle #Farmacia #Palmilla  #RegióndeOHiggins  #SantaCruzNoticias;2025-08-16T22:00:45+0000;2025-08-16T22:00:45+0000;
1168;29;1;306536876549252_1209380881202211;data;data.*;fetched (200);2025-08-18 14:45:27.218034;Facebook:/<page-id>/posts;🔴 Fiscal (s) Leonardo Troncoso se refiere a las diligencias por accidente de paracaidista en Pichilemu..  #SantaCruzNoticias  #NoticiasconVisionRegional  @scnoticias.cl;2025-08-16T20:09:00+0000;2025-08-17T02:54:36+0000;
1169;29;1;306536876549252_1209355704538062;data;data.*;fetched (200);2025-08-18 14:45:27.218034;Facebook:/<page-id>/posts;🔴 INTENTAN INGRESAR AL CENTRO CULTURAL DE LOLOL   Durante la madrugada de este sábado 16 de agosto, desconocidos intentaron forzar el acceso al auditorio del Centro Cultural y Cívico de Lolol. Afortunadamente, no lograron ingresar a las dependencias.  La Municipalidad de Lolol ya realizó la denuncia correspondiente en el retén de Carabineros de Lolol, quienes se encuentran recabando información para dar con los responsables de este hecho delictivo.  👉 Reiteramos el llamado a la comunidad a denunciar cualquier situación sospechosa o delito, ya que sin denuncia no hay investigación.  Asimismo, el municipio se compromete a reforzar las medidas de seguridad ciudadana y trabajar en conjunto con Carabineros para prevenir situaciones como ésta.  #SantaCruzNoticias  #NoticiasconVisionRegional;2025-08-16T19:21:21+0000;2025-08-17T04:39:07+0000;
1170;29;1;306536876549252_1209325214541111;data;data.*;fetched (200);2025-08-18 14:45:27.218034;Facebook:/<page-id>/posts;🌎 Pichilemu, Región de O'Higgins   🔴 Carabineros se refiere a accidente aéreo fatal en #Pichilemu.  🎥 Habla Capitán Héctor Figueroa Muñoz, Comisario de Servicio 3° Comisaría Pichilemu  #SantaCruzNoticias  #NoticiasconVisionRegional  @scnoticias.cl;2025-08-16T18:27:28+0000;2025-08-17T05:20:56+0000;
1171;29;1;306536876549252_1209324274541205;data;data.*;fetched (200);2025-08-18 14:45:27.218034;Facebook:/<page-id>/posts;;2025-08-16T18:25:37+0000;2025-08-16T18:25:37+0000;
1172;29;1;306536876549252_1209320597874906;data;data.*;fetched (200);2025-08-18 14:45:27.218034;Facebook:/<page-id>/posts;;2025-08-16T18:19:50+0000;2025-08-16T21:48:10+0000;
1173;29;1;306536876549252_1209307581209541;data;data.*;fetched (200);2025-08-18 14:45:27.218034;Facebook:/<page-id>/posts;Somos Di Grazzia, tu pizzería artesanal. Sabores increíbles, sabores fantásticos. Las únicas e incomparables. De Italia 🇮🇹 a tu paladar.  Te invitamos a degustar lo mejor de la gastronomía itálica y conocer nuestra hermosa casa.  📱Reservas y pedidos WhatsApp  +569 9467 14670  👉Los esperamos de martes a domingo hasta las 12 de la noche.  🌎Avenida 18 de septiembre 4335 Frente cesfam de Chepica.  👉Síguenos en nuestro Instagram @digrazzia_lapizzeria;2025-08-16T17:56:53+0000;2025-08-16T17:56:53+0000;
1174;29;1;306536876549252_1209306177876348;data;data.*;fetched (200);2025-08-18 14:45:27.218034;Facebook:/<page-id>/posts;;2025-08-16T17:54:23+0000;2025-08-16T17:54:23+0000;
1175;29;1;306536876549252_1209302994543333;data;data.*;fetched (200);2025-08-18 14:45:27.218034;Facebook:/<page-id>/posts;"🌎 Pichilemu, Región de O'Higgins   🔴 Durante este fin de semana largo, nos mantenemos desarrollando un amplio despliegue de control y fiscalización en toda la Provincia de Cardenal Caro, con servicios de ""Ruta Segura"", para evitar que se produzcan accidentes en el tránsito.  Vía Carabineros O'Higgins #SantaCruzNoticias  #NoticiasconVisionRegional  @Scnotias.cl";2025-08-16T17:49:32+0000;2025-08-16T17:49:32+0000;
1176;29;1;306536876549252_1209276131212686;data;data.*;fetched (200);2025-08-18 14:45:27.218034;Facebook:/<page-id>/posts;🌎 Pichilemu, Región de O'Higgins   🔴 Tragedia en Pichilemu: paracaidista muere en confuso accidente tras lanzarse de avioneta Bomberos, Carabineros, SAMU y seguridad municipal se trasladaron al lugar.  La mañana de este sábado se registró un trágico accidente en Pichilemu, en la región de O’Higgins.  De acuerdo con información preliminar, poco antes de las 11:30 horas un paracaidista murió tras caer en calle la Washington Saldías, entre Agustín Ross y Jaramillo.  El perímetro fue cerrado. En el lugar trabaja personal de Bomberos, Carabineros, SAMU y seguridad municipal. También se espera la presencia del Servicio Médico Legal (SML).  Según El Rancagüino, la persona fallecida sería chilena, de sexo masculino y habría saltado de una avioneta.  Por razones que aún se investigan, el paracaídas no se abrió.  El suceso generó un alto impacto en la comunidad, ya que numerosos vecinos y visitantes presenciaron la caída en directo, lo que causó conmoción en el sector.  #SantaCruzNoticias  #NoticiasconVisionRegional  @scnoticias.cl;2025-08-16T17:08:30+0000;2025-08-18T13:56:19+0000;
1177;29;1;306536876549252_1209259131214386;data;data.*;fetched (200);2025-08-18 14:45:27.218034;Facebook:/<page-id>/posts;🔴Carabineros SEBV detuvieron a una persona por receptación  - En su domicilio se encontró desarmada una camioneta que había sido robada en julio de este año en la Región Metropolitana.  Diligencias investigativas desarrolladas por Carabineros especializados del SEBV Cachapoal, permitieron la detención de un individuo por receptación de especies en un domicilio en la comuna de Graneros. Según la dinámica de los hechos, una persona, víctima del robo de su camioneta el pasado 29 de julio de este año, desde la comuna de San Joaquín, Región Metropolitana, mientras se encontraba estacionada, se acercó a la Unidad Policial señalando que mantenía antecedentes de dónde se encontraría su vehículo.  Con esos antecedentes, los efectivos policiales iniciaron diversas diligencias que permitieron establecer la ubicación e ingresar con autorizacion a un domicilio en Graneros, donde encontraron desarmada la camioneta  Nissan, modelo Terrano, color blanco,  que había sido sustraída en la Región Metropolitana.  En el lugar fue detenido M. R. R, 26 años, chileno, con antecedentes policiales, por el delito de  receptación de especies.  @scnotias.cl  #SantaCruzNoticias  #NoticiasconVisionRegional;2025-08-16T16:42:58+0000;2025-08-18T18:03:05+0000;
1178;29;1;306536876549252_1209258401214459;data;data.*;fetched (200);2025-08-18 14:45:27.218034;Facebook:/<page-id>/posts;🕰 Cambio de hora: Conoce cuándo volveremos al horario de verano  De a poco se comienza a notar que se aproxima el cambio de hora en Chile esto gracias a que comienza a amanecer más temprano y el sol se esconde más tarde de lo que estuvimos acostumbrados en los últimos meses.  En concreto, el sábado 6 de septiembre es la fecha en la que se deberán adelantar los relojes a lo largo de todo el territorio nacional.  De este modo, en esta ocasión se deberán adelantar los relojes en una hora, es decir, cuando sean las 23:59 horas del sábado 6, se pasará a las 01:00 horas del domingo 7 de septiembre.  Cabe recordar que las regiones de Magallanes y Aysen, se eximen de este cambio de hora y no deben modificar los relojes, por lo que mantendrán su huso horario actual.  @scnoticias.cl #Nacional  #CambiodeHora #SantaCruzNoticias  #NoticiasconVisionNacional;2025-08-16T16:42:02+0000;2025-08-16T17:13:41+0000;
1179;29;1;306536876549252_1209180117888954;data;data.*;fetched (200);2025-08-18 14:45:27.218034;Facebook:/<page-id>/posts;No lo olvides!!  Local: 722 82 2000 ☎️ WhatsApp +569 9720 2026 📱  O retira tu carga en Horacio Muñoz 51, Santa Cruz. 🏠  Recuerda que tenemos descuento con Caja lo Andes.  Siguenos en nuestras redes sociales oficiales 📲🌐  #servigassantacruz #gas #abastible;2025-08-16T14:42:54+0000;2025-08-16T14:42:54+0000;
1180;29;1;306536876549252_1209173107889655;data;data.*;fetched (200);2025-08-18 14:45:27.218034;Facebook:/<page-id>/posts;🌎 Nacional   🔴 ENCUENTRAN ACOPIO DE ARMAMENTO DE GUERRA EN DOMICILIO EN RENCA:  ESTARÍA VINCULADO A CLAN FAMILIAR.  Personal de la Policía de Investigaciones (PDI) consigiuó la incautación de armamento de guerra luego de un opeativo de allanmiento en la comuna de Renca, además de la detención de cuatro personas por el caso.   Según informaron desde la institución, el proveedor de armas cuyo domicilio fue fiscalizado estaría vinculado anun clan familiar del sector que se dedicaba a la venta de drogas, de igual manera, no se descarta su conexión con otras bandas criminales.  #SantiagodeChile #SantaCruzNoticias #NoticiasconVisionNacional;2025-08-16T14:32:38+0000;2025-08-16T14:32:38+0000;
1181;29;1;306536876549252_1208712594602373;data;data.*;fetched (200);2025-08-18 14:45:27.218034;Facebook:/<page-id>/posts;‼️  Este sábado 16 no te puedes perder el gran Bingo a beneficio de la JJVV del Sector de Lihueimo. Grandes premios, artistas y muchas sorpresas ‼️  📍Escuela de Lihueimo  ⏰ desde las 14:00 hrs   Te esperamos 💪🏻 @isabel_moraga  @martalorcap  @santacruz_noticias;2025-08-16T01:33:56+0000;2025-08-16T01:33:56+0000;
1182;29;1;306536876549252_1208670554606577;data;data.*;fetched (200);2025-08-18 14:45:27.218034;Facebook:/<page-id>/posts;📹⚽🔥 ¡Triunfo clave para los Unionistas!  #TNTSports #SantaCruzNoticias;2025-08-16T00:10:42+0000;2025-08-16T00:10:42+0000;
1183;29;1;306536876549252_1208641351276164;data;data.*;fetched (200);2025-08-18 14:45:27.218034;Facebook:/<page-id>/posts;⭕️ Hoy la alcaldesa, María Estrella Montero, junto al equipo municipal y la presidenta del Consejo Vecinal de Desarrollo (CVD) del Barrio Gultro Oriente - Las Brisas, Ivonne Vicencio, se reunieron con la presidenta de la Junta de Vecinos de Lo Conti, Irma Cuevas, para entregarle una gran noticia de primera fuente 4:  •El sector de Lo Conti en #Olivar ha sido seleccionado para incorporarse al programa Quiero Mi Barrio (QMB) del Ministerio de Vivienda y Urbanismo.  Este importante programa no solo contempla mejoras en infraestructura y espacios públicos fe , sino que también busca fortalecer la identidad local, promover la participación ciudadana y mejorar la calidad de vida de las familias.  Las intervenciones comenzarán en 2026, pero desde ahora inicia un proceso de coordinación y trabajo conjunto entre el municipio, el Minvu y la comunidad para asegurar que este proyecto se desarrolle con éxito.  Felicitamos a todos los vecinos y vecinas de Lo Conti. Este es un reconocimiento a su organización y al compromiso de seguir construyendo un Olivar más justo, participativo y con mejores oportunidades para todos.   Olivar continúa creciendo, con un trabajo serio, planificado y asociativo. Municipalidad de Olivar - comunidad alvaroriveraescobar rinde frutos Trabajando junto a la Trabajo en equipo.  #SantaCruzNoticias  #NoticiasconVisionRegional;2025-08-15T23:05:42+0000;2025-08-15T23:29:56+0000;
1184;29;1;306536876549252_1208616101278689;data;data.*;fetched (200);2025-08-18 14:45:27.218034;Facebook:/<page-id>/posts;⭕️ Gran evento a beneficio de Emilia Diaz!!!    Durante esta tarde conversamos con Eliana Retamales quien les tiene una gran invitación para este 21 de Agosto desde las 19:00hrs. En el auditorio del irfe  Recordarlos que estará con nosotros Kurt Carrera desde detrás del muro.  #SantaCruzNoticias  #NoticiasconVisionRegional;2025-08-15T22:13:07+0000;2025-08-16T02:28:04+0000;
1185;29;1;306536876549252_24071713265854752;data;data.*;fetched (200);2025-08-18 14:45:27.218034;Facebook:/<page-id>/posts;⭕️   Desde la  Expo Miel 2025 Ya se vienen los Costinos y Los Pincheiras del sur..  #SantaCruzNoticias  #NoticiasconVisionRegional;2025-08-15T21:22:02+0000;2025-08-17T15:30:56+0000;
1186;29;1;306536876549252_1208578774615755;data;data.*;fetched (200);2025-08-18 14:45:27.218034;Facebook:/<page-id>/posts;Somos Di Grazzia, tu pizzería artesanal. Sabores increíbles, sabores fantásticos. Las únicas e incomparables. De Italia 🇮🇹 a tu paladar.  Te invitamos a degustar lo mejor de la gastronomía itálica y conocer nuestra hermosa casa.  📱Reservas y pedidos WhatsApp  +569 9467 14670  👉Los esperamos de martes a domingo hasta las 12 de la noche.  🌎Avenida 18 de septiembre 4335 Frente cesfam de Chepica.  👉Síguenos en nuestro Instagram @digrazzia_lapizzeria;2025-08-15T20:50:02+0000;2025-08-15T20:50:02+0000;
1187;29;1;306536876549252_1208562661284033;data;data.*;fetched (200);2025-08-18 14:45:27.218034;Facebook:/<page-id>/posts;🌎 Palmilla, Región de O'Higgins   🚒 Bomberos de El Huique y Palmilla trabajaron en un rescate vehícular por la ruta 90 sector de Lihueimo comuna de Palmilla   ⭕️ En el lugar, tres personas resultaron lesionadas con diversa consideración, siendo una de ellas trasladada por personal SAMU hasta el hospital de Santa Cruz.  @segundacia_elhuique  @bomberospalmilla  @santacruz_noticias  #Noticias #NoticiasconVisionRegional;2025-08-15T20:16:20+0000;2025-08-16T03:27:27+0000;
1188;29;1;306536876549252_1208555561284743;data;data.*;fetched (200);2025-08-18 14:45:27.218034;Facebook:/<page-id>/posts;🌟 Sonríe con confianza, sonríe con salud 🌟  En Clínica Dental Pavez sabemos que tu sonrisa no es solo estética, también refleja bienestar y seguridad en ti mismo. Por eso, combinamos tecnología, experiencia y un trato cercano para ofrecerte tratamientos que transforman tu salud bucal y realzan tu belleza natural.  ✨ Nuestros servicios destacados: 🦷 Limpieza Dental Profesional – Elimina placa, sarro y manchas para mantener encías y dientes sanos, frescos y brillantes. 😁 Ortodoncia – Corrige la alineación de tus dientes, mejora tu mordida y consigue una sonrisa armónica que dure toda la vida. 💎 Blanqueamiento Dental – Devuelve a tus dientes su blanco natural, logrando un resultado luminoso y seguro en pocas sesiones.  Porque una sonrisa sana abre puertas, crea confianza y te hace sentir bien contigo mismo. No pospongas el cuidado de tu salud bucal… ¡El mejor momento para empezar es hoy!  📲 Agenda tu cita ahora 📍 Ramón Sanfurgo #114, Santa Cruz 📞 +56 9 9742 6120  💙 Clínica Dental Pavez – Donde la salud y la estética se encuentran para hacerte sonreír.  @dentalpavez  @santacruz_noticias;2025-08-15T20:02:03+0000;2025-08-15T20:02:03+0000;
1189;29;1;306536876549252_1208507647956201;data;data.*;fetched (200);2025-08-18 14:45:27.218034;Facebook:/<page-id>/posts;🔴 PDI DETIENE A 3 PERSONAS POR EL DELITO DE MICROTRÁFICO EN LA COMUNA DE SANTA CRUZ  Este 14 de agosto, en horas de la tarde, el equipo Modelo Territorial Cero de la PDI de Santa Cruz, con la colaboración de detectives de la Región de O´Higgins y Metropolitana, concretaron la entrada y registro a siete (07) domicilios en la comuna de Santa Cruz.    Los funcionarios, en el marco de una investigación en coordinación con la Fiscalía Local, luego de llevar a cabo diferentes labores investigativas, lograron desbaratar una banda criminal, estableciendo el modus operandi respecto de la comercialización de sustancias ilícitas en la comuna de Santa Cruz.   Por lo anterior y, en coordinación con el Ministerio Publico, se llevó a cabo el procedimiento policial, donde se logró la Incautación de 1.345,05 dosis de cocaína base, 5,44 dosis de Cannabis, 18 comprimidos de clonazepam, 05 cartuchos calibre 380 de fabricación artesanal, 11 mil pesos de dinero efectivo y especies asociadas a la dosificación y pesaje de la droga.    En el procedimiento, se detuvo a tres personas, todos chilenos, mayores de edad, dos hombres y una mujer, quienes, por instrucción del fiscal a cargo, fueron puestos a disposición del Juzgado de Garantía de Santa Cruz para su respectivo control de detención.  #PDISantaCruz #SantaCruzNoticias  #NoticiasconVisionRegional;2025-08-15T18:33:07+0000;2025-08-16T03:17:42+0000;
1190;29;1;306536876549252_1208384757968490;data;data.*;fetched (200);2025-08-18 14:45:27.218034;Facebook:/<page-id>/posts;🍷🥩 ¡Carnes y vinos en un solo lugar… y ahora puede ser tuyo! Se vende negocio consolidado en pleno centro de Santa Cruz, con más de 3 años de trayectoria, clientela fidelizada y patente de alcoholes vigente para venta de vinos.  📍 Orlandi 34, Santa Cruz 📩 Escríbenos por DM o al WhatsApp +56 9 99678027  #OportunidadDeNegocio #SantaCruz #RutaDelVino #CarnesPremium #Enoteca;2025-08-15T15:26:39+0000;2025-08-15T15:26:39+0000;
1191;29;1;306536876549252_1208383094635323;data;data.*;fetched (200);2025-08-18 14:45:27.218034;Facebook:/<page-id>/posts;🎓 Clases Particulares de Inglés con Vania González 🇺🇸 ¡Aprende inglés a tu ritmo y con enfoque personalizado!  Soy una docente licenciada con experiencia en colegios y clases particulares, tanto online como presenciales. Ofrezco clases para todos los niveles, adaptadas a tus objetivos: mejorar tu conversación, reforzar gramática, prepararte para exámenes o simplemente ganar confianza al hablar.  🟠 Modalidad flexible: online o presencial 🟠 Material personalizado según tu nivel 🟠 Horarios adaptables 🟠 Clases dinámicas y enfocadas en tus metas reales  📅 ¡No dudes en contactarte conmigo y reservar tu clase! 📲 ‪+56 9 3000 6990‬;2025-08-15T15:24:02+0000;2025-08-15T15:28:13+0000;
1192;29;1;306536876549252_1208371307969835;data;data.*;fetched (200);2025-08-18 14:45:27.218034;Facebook:/<page-id>/posts;"⭕️ La noche de este jueves 14 de agosto en el Salón Auditorio de la Ilustre Municipalidad en el lanzamiento del libro  "" Cuando la niña melina se vino a Santa Cruz"" de Jaime Vásquez conversamos con el y con el alcalde de nuestra comuna Yamil Ethit Romero y  estas fueron sus impresiones.  Yamil Andrés Ethit Romero  Hector Guillermo Pichuante Cornejo  Santa Cruz Noticias  #NoticiasconVisionRegional";2025-08-15T15:07:50+0000;2025-08-17T03:14:01+0000;
1193;29;1;306536876549252_1208318164641816;data;data.*;fetched (200);2025-08-18 14:45:27.218034;Facebook:/<page-id>/posts;"🔴 Tras persecución, Carabineros detiene a dos sujetos que robaron con intimidación un vehículo en #Peumo  Tras un seguimiento controlado por Ruta H-30, Carabineros de la 5° Comisaría logró la detención de 2 sujetos chilenos, que momentos antes robaron con intimidación un vehículo en la comuna de Peumo. En su huida intentaron atropellar a un carabinero. Según los antecedentes entregados por Carabineros, el procedimiento se gestó a raíz de un llamado telefónico recibido cerca de las 19 horas, que informaba del robo de un vehículo en el sector del cruce Codao, donde  intimidaron con armas de fuego a la conductora,  haciéndola descender del vehículo, para posteriormente huir. Con esos antecedentes, los efectivos policiales ubicaron el vehículo, iniciando un seguimiento a distancia, el cual se extendió por varios kilómetros, terminando en la ruta H-30 km 14, sector Lo Miranda,comuna de Doñihue, donde se logró detener a los sujetos identificados como IEBM 21 años, chileno, sin antecedentes y DBCM, 25 años, chileno, con antecedentes policiales; y la recuperación del vehículo. Durante el procedimiento los sujetos intentaron atropellar a un carabinero, el cual debió hacer uso de su arma de servicio. No resultando personas lesionadas. Los detenidos pasarán a control de detención.  #SantaCruzNoticias #NoticiasconVisionRegional";2025-08-15T13:45:50+0000;2025-08-15T20:49:02+0000;
1194;29;1;306536876549252_1208299404643692;data;data.*;fetched (200);2025-08-18 14:45:27.218034;Facebook:/<page-id>/posts;Los días son más lindos cuando lo terminamos con nuestros sandwiches 😍   Cuántos  fanáticos de nuestro churrasco Italiano? Dale amor si es de tus favoritos! ❤️  Te esperamos de lunes a sábados hasta las 8:30 en Santa Cruz & Peralillo.   @pansantacruz #panificadorasantacruz #sadwiches #churrascos #santacruz #peralillo #colchagua;2025-08-15T13:16:06+0000;2025-08-15T13:16:06+0000;
1195;29;1;306536876549252_1207941418012824;data;data.*;fetched (200);2025-08-18 14:45:27.218034;Facebook:/<page-id>/posts;🙏 BONO DE COOPERACIÓN SOLIDARIO   A beneficio del santacruzano Miguel Ángel Morales Hinojosa, para solventar gastos médicos, cirugía, tratamiento y rehabilitación que necesita.  Si quieren ayudar comprando bonos, el valor es de $1.000.-  Para cooperar se ruega contactar al WhatsApp +569 5956 4265  @miguelon.m.h @karohinojosareyes #SantaCruzNoticias  #NoticiasconVisionRegional;2025-08-15T03:12:14+0000;2025-08-16T01:01:54+0000;
1196;29;1;306536876549252_1207931081347191;data;data.*;fetched (200);2025-08-18 14:45:27.218034;Facebook:/<page-id>/posts;🔴 Motorista de Carabineros fallece en medio de procedimiento policial tras accidente en el centro de Talca.  El Uniformado del Grupo Centauro impactó contra un árbol mientras acudía a un procedimiento policial.   Un sargento segundo de Carabineros, identificado como Ricardo Belmar, falleció la noche de este jueves 14 de agosto en el Hospital Regional de Talca tras sufrir un grave accidente de tránsito en la intersección de calle 11 Oriente con 4 Sur, en pleno centro de la ciudad.  De acuerdo a los primeros antecedentes, el funcionario —de dotación del Grupo Centauro— se desplazaba en motocicleta para prestar apoyo a sus compañeros ante un presunto delito de robo que se registraba en la Alameda con 8 Oriente. Mientras circulaba de sur a norte por calle 11 Oriente, habría perdido el control del vehículo, impactando violentamente contra un árbol.  Equipos del SAMU y varias patrullas policiales acudieron al lugar, trasladando al herido de urgencia hasta el recinto asistencial. Pese a los esfuerzos médicos, el uniformado falleció debido a la gravedad de las lesiones.  La SIAT de Carabineros y peritos de la SIP trabajan en el sitio del suceso para determinar la dinámica del accidente e investigar si otro vehículo habría estado involucrado, revisión que se realizará mediante el análisis de cámaras de seguridad del sector.  @musicaynoticias  @santacruz_noticias  #NoticiasconVisionNacional;2025-08-15T02:55:40+0000;2025-08-15T19:15:56+0000;
1197;29;1;306536876549252_1207926784680954;data;data.*;fetched (200);2025-08-18 14:45:27.218034;Facebook:/<page-id>/posts;⭕️ MENOR DESAPARECIDA YA ESTÁ EN SU HOGAR ⭕️  Catalina Andrea Vásquez Pérez, de 14 años, residente en la comuna de Placilla apareció hoy en la comuna de #Peumo, gracias a todos quienes compartieron.  #SantaCruzNoticias  #NoticiasconVisionRegional;2025-08-15T02:48:38+0000;2025-08-18T15:16:21+0000;
1198;29;1;306536876549252_1207921194681513;data;data.*;fetched (200);2025-08-18 14:45:27.218034;Facebook:/<page-id>/posts;CUATRILÁSER!⚡️  Conoce más sobre este tratamiento, la mejor solución en Siluet Stetic🩷🌟  💥 TECNOLOGÍA AMERICANA DE ALTA VELOCIDAD   ¿Buscas una depilación  eficaz y duradera?  ✨ Con nuestra tecnología CUATRILÁSER de última generación (20 disparos por segundo / 20Hz)   Logramos  resultados visibles desde la primera aplicación.  🇺🇸 Tecnología americana avanzada que combina cuatro longitudes de onda para atacar todo tipo de vello y fototipo de piel.  ✅ Rápido ✅ Seguro ✅ Para todo tipo de pieles ✅ Apto todo el año  📍Disponible en nuestras sucursales de  San Vicente y Santa Cruz   📲 ¡Agenda tu sesión ahora y olvídate del vello!  WhatsApp  569-91013196  Fono llamar  569-569-32451308   #DepilaciónLáser #Cuatriláser #TecnologíaAmericana #DepilaciónEficaz #DepilaciónSegura #DepilaciónSinDolor #DepilaciónDefinitiva #EstéticaAvanzada #PielSuave #Laser20Hz #BeautyTech #CentroEstético #DepilaciónRápida #EstéticaProfesional;2025-08-15T02:39:56+0000;2025-08-15T02:39:56+0000;
1199;29;1;306536876549252_1207911548015811;data;data.*;fetched (200);2025-08-18 14:45:27.218034;Facebook:/<page-id>/posts;🔴 Brigada de Investigación Criminal Rancagua, rescata a 16 caninos que se encontraban en malas condiciones de salud  El día de hoy, la Brigada de Investigación Criminal #Rancagua, recibe una denuncia por el delito de Maltrato Animal, la cual es patrocinada por la “Fundación animalista Nora”, en donde se informa que, en un domicilio ubicado en el Sector Río Peuco, en la comuna de Mostazal, se encontrarían varias especies caninas en malas condiciones de salud e higiene, sumado al hacinamiento de todas las especies.   En base a los antecedentes aportados, los funcionarios policiales concurren en conjunto a personal médico veterinario de la Municipalidad de Mostazal, en donde corroboraron el estado de los diferentes caninos, entre ellos mestizos y galgos, los que se encontraban caquécticos y con ectoparásitos. Es por esto, y en base a lo instruido por la Fiscal a cargo Fabiola Echeverría, se procedió a la incautación de siete canes adultos y nueve cachorros “Galgos”.   Los animales, fueron entregados a la fundación animalista denunciante, quienes se harán cargo de su traslado, tratamiento médico y posterior ubicación de un nuevo hogar para cada uno de ellos.  #SantaCruzNoticias  #NoticiasconVisionRegional;2025-08-15T02:24:07+0000;2025-08-15T14:02:28+0000;
1200;29;1;306536876549252_767284222452080;data;data.*;fetched (200);2025-08-18 14:45:27.218034;Facebook:/<page-id>/posts;"⭕️  Estamos presentando "" AQUÍ EN COLCHAGUA "" con Antonio Carvacho, Victor Bustamante y Aníbal Pérez   #SantaCruzNoticias  #NoticiasconVisionRegional";2025-08-14T23:19:33+0000;2025-08-15T00:16:56+0000;
1201;29;1;306536876549252_1207769911363308;data;data.*;fetched (200);2025-08-18 14:45:27.218034;Facebook:/<page-id>/posts;Somos Di Grazzia, tu pizzería artesanal. Sabores increíbles, sabores fantásticos. Las únicas e incomparables. De Italia 🇮🇹 a tu paladar.  Te invitamos a degustar lo mejor de la gastronomía itálica y conocer nuestra hermosa casa.  📱Reservas y pedidos WhatsApp  +569 9467 14670  👉Los esperamos de martes a domingo hasta las 12 de la noche.  🌎Avenida 18 de septiembre 4335 Frente cesfam de Chepica.  👉Síguenos en nuestro Instagram @digrazzia_lapizzeria;2025-08-14T21:54:27+0000;2025-08-14T22:19:34+0000;
1202;29;1;306536876549252_1207769351363364;data;data.*;fetched (200);2025-08-18 14:45:27.218034;Facebook:/<page-id>/posts;¡Oportunidad de inversión en terreno en Lolol!   Se vende parcela de 5000 m² ubicada en el proyecto de parcelación Fundo Los Olivos, en la comuna de Lolol, a solo 4 km de la plaza.   Características principales:   Dimensión: 5000 m² Terreno plano y con cierre perimetral Factibilidad de energía eléctrica y pozo de agua Precio: $29.900.000   ¡No pierdas esta oportunidad! Para más información, contacta a jrerazoabogada@gmail.com o al +56-9-8487 2928.;2025-08-14T21:52:58+0000;2025-08-14T21:52:58+0000;
1203;29;1;306536876549252_1207738461366453;data;data.*;fetched (200);2025-08-18 14:45:27.218034;Facebook:/<page-id>/posts;🔴 Fiscalía de Santa Cruz y abogado santacruzano logran histórica condena por asesinato en Chépica: Corte ratifica fallo y rechaza nulidad.  #SantaCruzNoticias  #NoticiasconVisionRegional;2025-08-14T20:50:27+0000;2025-08-15T15:43:16+0000;
1204;29;1;306536876549252_1207713051368994;data;data.*;fetched (200);2025-08-18 14:45:27.218034;Facebook:/<page-id>/posts;⭕️ En Farmacia La Botika del Valle le ofrece los mejores precios y medicamentos de calidad.  Preocupados de entregar una excelente y cordial atención por parte de sus profesionales. Estamos ubicados en calle  Aníbal Pinto 7, frente a la plaza de #Palmilla. Los esperamos de Lunes a Viernes en horario continuo de 9:30 a 20:00 hrs y los Sábados de 10:00 a 15:00.  @farmacias_labotika_delvalle #Farmacia #Palmilla  #RegióndeOHiggins  #SantaCruzNoticias;2025-08-14T20:05:30+0000;2025-08-14T20:05:30+0000;
1205;29;1;306536876549252_1207712314702401;data;data.*;fetched (200);2025-08-18 14:45:27.218034;Facebook:/<page-id>/posts;¡Oportunidad única en el corazón del campo chileno!  Se vende excelente terreno de 5.000 m² ubicado en el tranquilo y hermoso sector de Agua Santa, comuna de Palmilla.  🔹 Características destacadas: ✅ Energía eléctrica disponible ✅ Pozo operativo (agua asegurada) ✅ Cierre perimetral completo ✅ Terreno plano, ideal para construir ✅ Muy buena conectividad y acceso cercano a APR  💰 Valor: $45.000.000  Perfecto para proyecto habitacional, agrícola o inversión a futuro. Entorno natural, seguro y con todas las condiciones para comenzar a construir de inmediato.  📩 Contacto directo: 📧 jrerazoabogada@gmail.com 📱 +56 9 8487 2928  No dejes pasar esta oportunidad. ¡Agenda tu visita hoy mismo!;2025-08-14T20:03:29+0000;2025-08-14T20:03:29+0000;
1206;29;1;306536876549252_1207709251369374;data;data.*;fetched (200);2025-08-18 14:45:27.218034;Facebook:/<page-id>/posts;⭕️ Fiscalia de Alta Complejidad O’Higgins Informa.  #FiscaliadeAltaComplejidad  #SantaCruzNoticias  #NoticiasconVisionRegional;2025-08-14T19:58:11+0000;2025-08-14T19:58:11+0000;
1207;29;1;306536876549252_1207705978036368;data;data.*;fetched (200);2025-08-18 14:45:27.218034;Facebook:/<page-id>/posts;"¡En Santa Cruz cuidamos a nuestras mascotas!  En ese contexto, el próximo lunes 18 de agosto desarrollaremos una emocionante actividad, donde tendremos a varias instituciones; entre ellas el ""Adiestramiento Canino de Carabineros de Chile"".  Organízate y se parte de esta iniciativa orientada a la tenencia responsable.  📍Complejo Deportivo Gabriela Mistral   @munisantacruz @santacruz_noticias #UnMejorSantaCruz";2025-08-14T19:51:32+0000;2025-08-14T20:55:43+0000;
1208;29;1;306536876549252_1207670631373236;data;data.*;fetched (200);2025-08-18 14:45:27.218034;Facebook:/<page-id>/posts;⭕️ CONCEJO MUNICIPAL RECONOCE A SELECCIÓN DE BÁSQUETBOL SUB 14 DE COLEGIO MANQUEMAVIDA     Nuevamente el deporte SantaCruzano obtiene máximas distinciones a nivel regional, esta vez recayó en la Selección Sub 14 de Básquetbol del etablecimiento estudiantil por su Bicampeonato Regional en los juegos deportivos escolares   Los jóvenes estudiantes deportivas recibieron el reconocimiento del concejo municipal, quienes felicitaron a los flamantes sub campeones, destacando el esfuerzo y dedicación en lo deportivo, sin dejar de lado su constante aprendizaje como alumnos.   En la oportunidad ademas fue reconocido la dupla técnica, compuesta por los profesores, Fernando Fuentes y David Saavedra.   Participó de esta entrega de medallas, la cual llevaba grabada las palabras “orgullo del deporte escolar santacruzano” el Alcalde Yamil Ethit Romero, concejales Juan Dutzan, Rossana González, Luis Mella, Luis Piña, Rosita Slack y Yasna Mancilla, además del sostenedor del establecimiento educacional, Luis Rojas y  los capitanes del equipo campeón año 2024.  @munisantacruz  @santacruz_noticias  #NoticiasconVisionRegional;2025-08-14T18:53:00+0000;2025-08-14T19:06:27+0000;
1209;29;1;306536876549252_1207630684710564;data;data.*;fetched (200);2025-08-18 14:45:27.218034;Facebook:/<page-id>/posts;🕊 Con profundo pesar comunicamos el sensible fallecimiento de don Ricardo “Chicho” Calderón Vargas, una figura emblemática de la radiodifusión y de la historia de Pichilemu. Nacido en nuestra comuna, fue hijo de Abel Fanor Calderón Calderón y Marta Eugenia Vargas Cornejo. Estuvo unido en matrimonio a Leontina de las Mercedes Carreño Carreño, con quien compartió su vida y su familia.  Desde muy joven, don Ricardo mostró una pasión innata por la comunicación. Comenzó su camino como proyeccionista de filmes de 35 mm en el Cine Royal de Pichilemu, labor que le valió reconocimiento por parte de la Agrupación de Audiovisualistas de la comuna. Su entusiasmo y creatividad lo llevaron, a finales de los años setenta, a fundar la primera radio local artesanal: la mítica Radio Golondrina, en el 95.9 FM, que inicialmente solo cubría unos metros a la redonda desde su hogar.  A lo largo de su trayectoria profesional, don Ricardo también se desempeñó en Radio Atardecer, Radio Entreolas y Radio Estación 95, dejando una huella imborrable en la radio pichilemina. Era un hombre conversador, alegre y comunicativo, con gran carisma y sentido del humor, cualidades que lo hicieron muy querido por quienes tuvieron la suerte de conocerlo.  En 2022, durante la conmemoración de los 100 años de historia radial en Chile, el municipio rindió un homenaje a las personas destacadas de la radiofonía pichilemina, y don Chicho recibió un recuerdo especial por su invaluable aporte a la comunicación local. La última imagen de esta publicación corresponde a aquel significativo momento.  Extendemos nuestras más sentidas condolencias a su familia y amigos, quienes siempre guardarán el recuerdo de su vida y su legado en la radio de Pichilemu. Que en paz descanse. Q.E.P.D.;2025-08-14T17:51:20+0000;2025-08-14T23:23:13+0000;
1210;29;1;306536876549252_1207622431378056;data;data.*;fetched (200);2025-08-18 14:45:27.218034;Facebook:/<page-id>/posts;¡Nuevo en La Pastinella! Porque sabemos que un buen postre puede alegrar cualquier día… te presentamos nuestro Brownie Sundae 😍  Un delicioso fudge brownie , coronado con helado sundae cremoso y chispitas que derriten el corazón 💖  Perfecto para disfrutar en esta temporada de invierno, ¡porque el frío también se pasa con dulzura!  📍Ven a probarlo en Díaz Besoain 146 – Santa Cruz ¡Te va a encantar!  #BrownieSundae #NuevoEnLaPastinella #PostresDeInvierno #SantaCruzChile #DulceMomento #LaPastinella #BrownieLovers #HeladoEnInvierno #CaféYPostres;2025-08-14T17:37:42+0000;2025-08-14T17:37:42+0000;
1211;29;1;306536876549252_1207604271379872;data;data.*;fetched (200);2025-08-18 14:45:27.218034;Facebook:/<page-id>/posts;🔴 Carabineros detiene a dos individuos que robaron con intimidación el vehículo a conductor de Uber  Carabineros detuvo a J.A.S.A, chileno, 18 años con 01 reiteración y A.W.J.C, chileno 21 años, quienes armados, robaron un vehículo a un conductor de Uber en Circunvalación Norte.   Durante el recorrido, el chofer fue amenazado con un arma de fuego sustrayendo el vehículo.   Tras una persecución, los arrestaron en Villa Las Cumbres, recuperando el auto y decomisando diferentes tipos de drogas.  #SantaCruzNoticias  #NoticiasconVisionRegional;2025-08-14T17:10:30+0000;2025-08-14T17:10:30+0000;
1212;29;1;306536876549252_1207597428047223;data;data.*;fetched (200);2025-08-18 14:45:27.218034;Facebook:/<page-id>/posts;• @expomiel2025 Cuenta regresiva para vivir un nueva versión de la Expo Miel, este 15 y 16 de agosto. 🐝 🍯  📍Calle Claudio Cancino y Plaza de Juegos   #expomiel2025 #SantaCruzNoticias #NoticiasconVisionRegional;2025-08-14T17:00:01+0000;2025-08-15T20:49:31+0000;
1213;29;1;306536876549252_1207562558050710;data;data.*;fetched (200);2025-08-18 14:45:27.218034;Facebook:/<page-id>/posts;⭕️ CADENA DE ORACIÓN PARA ALUMNA DEL COLEGIO MANQUEMÁVIDA HOY A LAS 11:00 HORAS;2025-08-14T16:14:44+0000;2025-08-15T14:32:00+0000;
1214;29;1;306536876549252_1207468908060075;data;data.*;fetched (200);2025-08-18 14:45:27.218034;Facebook:/<page-id>/posts;🔴 Abogado curicano es enviado a prisión preventiva en el marco de una investigación por presunta estafa que podría afectar a más de 15 víctimas. En este contexto, el abogado Cristián Cabrera Díaz fue formalizado por los delitos de estafa y uso malicioso de instrumento público. La medida cautelar de prisión preventiva fue decretada por el juez Mauricio Aravena, tras acoger los argumentos del Ministerio Público.   La investigación, liderada por el fiscal Carlos Altermatt, sugiere que el imputado habría recibido importantes sumas de dinero para supuestas gestiones legales que nunca se materializaron.   Entre los querellantes se encuentra el abogado Eduardo Cornejo, quien representa a cuatro de las personas afectadas y presentó los antecedentes durante la audiencia. Debido a problemas de salud recientes que lo mantuvieron internado en el Hospital Provincial de Curicó, Cabrera compareció de forma remota a través de la plataforma Zoom.   El Ministerio Público continuará desarrollando diligencias para esclarecer los hechos y determinar la magnitud de los perjuicios ocasionados.  @rtlradiochile  @santacruz_noticias  #NoticiasconVisionNacional;2025-08-14T13:57:02+0000;2025-08-14T18:15:58+0000;
1215;29;1;306536876549252_1207100578096908;data;data.*;fetched (200);2025-08-18 14:45:27.218034;Facebook:/<page-id>/posts;🙏 BONO DE COOPERACIÓN SOLIDARIO   A beneficio del santacruzano Miguel Ángel Morales Hinojosa, para solventar gastos médicos, cirugía, tratamiento y rehabilitación que necesita.  Si quieren ayudar comprando bonos, el valor es de $1.000.-  Para cooperar se ruega contactar al WhatsApp +569 5956 4265  #SantaCruzNoticias  #NoticiasconVisionRegional;2025-08-14T03:29:49+0000;2025-08-15T23:48:49+0000;
1216;29;1;306536876549252_1207099144763718;data;data.*;fetched (200);2025-08-18 14:45:27.218034;Facebook:/<page-id>/posts;⭕️ Se vende   ▪︎Chevrolet Tahoe  ▪︎Año 2021 ▪︎50.000kL  ▪︎Reales interesado llamar a +569 9783 9272  ▪︎valor $37.690.000;2025-08-14T03:27:17+0000;2025-08-14T03:27:17+0000;
1217;29;1;306536876549252_1207097441430555;data;data.*;fetched (200);2025-08-18 14:45:27.218034;Facebook:/<page-id>/posts;🌟LÁSER co2 FRACCIONADO🌟  ✅ Disminuye manchas ✅ Mejora la textura de la piel ✅ Disminuye el tamaño de poros ✅ Atenúa cicatrices del ACNÉ  ✅ Rejuvenecimiento  ¿Te interesa este tratamiento? ¡Contáctanos!  WhatsApp.  📲+569-91013196  Fono llamar  📞 569-32451308   📍Padre Octavio Godoy 54  Santa Cruz  ( a pasos del centro médico colchagua donde atiende el doctor silva)  📍Sucursal Av Bernardo O’Higgins 350 San vicente de tt  ( calle frente a la CGE que da al gimnasio municipal);2025-08-14T03:24:46+0000;2025-08-14T03:24:46+0000;
1218;29;1;306536876549252_1207093064764326;data;data.*;fetched (200);2025-08-18 14:45:27.218034;Facebook:/<page-id>/posts;🔴 ERROR EN GENDARMERÍA: IMPUTADO POR ESTAFA EN LOS LAGOS ES LIBERADO POR EQUIVOCACIÓN.;2025-08-14T03:16:12+0000;2025-08-14T19:02:53+0000;
1219;29;1;306536876549252_1207087271431572;data;data.*;fetched (200);2025-08-18 14:45:27.218034;Facebook:/<page-id>/posts;🏃‍♀️🏃‍♂️ ¡Ven a disfrutar de la Corrida Familiar! 📅 15 de agosto 🕙 Desde las 09:30hrs.  Plaza de juegos, Santa cruz   Una jornada deportiva, entretenida y para toda la familia 💪✨  🎽 Inscríbete temprano y asegura tu colación 🥪🍎 🔔 Sólo los primeros 100 inscritos la reciben  ¡No te lo pierdas! Corre, comparte y disfruta con nosotros.  #SantaCruzNoticias  #CorridaFamiliar #DeporteEnFamilia #AgostoActivo;2025-08-14T03:05:24+0000;2025-08-14T03:05:24+0000;
1220;29;1;306536876549252_1207064281433871;data;data.*;fetched (200);2025-08-18 14:45:27.218034;Facebook:/<page-id>/posts;;2025-08-14T02:23:31+0000;2025-08-14T02:23:31+0000;
1221;29;1;306536876549252_1207063164767316;data;data.*;fetched (200);2025-08-18 14:45:27.218034;Facebook:/<page-id>/posts;🔵 Durante el amanecer, la #PolicíaMarítima de la Capitanía de Puerto de #Pichilemu efectuó fiscalización a embarcaciones pesqueras artesanales que se encontraban zarpando desde Caleta Bucalemu.  #SantaCruzNoticias #NoticiasconVisionRegional;2025-08-14T02:21:20+0000;2025-08-14T02:21:20+0000;
1222;29;1;306536876549252_1207061531434146;data;data.*;fetched (200);2025-08-18 14:45:27.218034;Facebook:/<page-id>/posts;💧 Fortaleciendo el riego en la pequeña agricultura 💧  En La Estrella se desarrolló nuevo taller de difusión de la Ley de Fomento al Riego N°18.450, organizado en conjunto por la Seremi de Agricultura de O’Higgins, la Delegación Presidencial Provincial de Cardenal Caro, la Municipalidad de La Estrella y la Comisión Nacional de Riego (CNR).  En la ocasión el Seremi Cristian Silva Rosales destacó especialmente los cambios que ha tenido esta Ley de Riego especialmente para pequeños agricultores y agricultoras, con especial énfasis en los concursos orientados a la pequeña agricultura, la asociatividad y las mujeres rurales. El taller entregó información clave para acceder a herramientas que mejoren la gestión y eficiencia del uso del agua.  🌱 Con estas acciones, seguimos impulsando un desarrollo rural más productivo, inclusivo y sostenible en nuestra región.  #SantaCruzNoticias #NoticiasconVisionRegional;2025-08-14T02:18:55+0000;2025-08-14T02:18:55+0000;
1223;29;1;306536876549252_1207048984768734;data;data.*;fetched (200);2025-08-18 14:45:27.218034;Facebook:/<page-id>/posts;Croissant relleno de manjar o croissant relleno de crema pastelera… ¿cuál elegirías tú para tu para disfrutar junto a un cafe?   Comenta abajo tu favorito y etiqueta a esa persona con la que lo compartirías… o no 😏.  @pansantacruz #panificadorasantacruz #croissant #pasteles #tortas #bolleria #santacruz #peralillo #colchagua;2025-08-14T01:56:51+0000;2025-08-14T01:56:51+0000;
1224;29;1;306536876549252_1207003524773280;data;data.*;fetched (200);2025-08-18 14:45:27.218034;Facebook:/<page-id>/posts;🔴 DETENCIÓN EN SAN VICENTE: PDI CAPTURA A HOMBRE VINCULADO AL CONTRABANDO DE CIGARRILLOS  Policías de la Brigada de Investigación Criminal de San Vicente de Tagua Tagua, detuvieron a un ciudadano chileno, mayor de edad, tras ser sorprendido trasladando cigarrillos de contrabando. El hecho ocurrió luego de un control de identidad, en el que se constató que el sujeto mantenía en su poder 93 cajetillas de cigarrillos, las que eran comercializadas en las inmediaciones del Mercado Municipal. Cabe mencionar que el detenido mantenía 2 órdenes de detención pendientes por el delito de amenazas simples y hurto Simple, siendo puesto a disposición de la justicia para su respectiva formalización.  #SantaCruzNoticias  #NoticiasconVisionRegional;2025-08-14T00:25:48+0000;2025-08-14T00:25:48+0000;
1225;29;1;306536876549252_1207002628106703;data;data.*;fetched (200);2025-08-18 14:45:27.218034;Facebook:/<page-id>/posts;⭕️ Cotiza con nosotros al  +569 8901 0997  #móduloshabatibles #Cabañacontainer #santacruznoticiasregiondeo;2025-08-14T00:24:18+0000;2025-08-14T00:24:18+0000;
1226;29;1;306536876549252_1207002308106735;data;data.*;fetched (200);2025-08-18 14:45:27.218034;Facebook:/<page-id>/posts;;2025-08-14T00:23:02+0000;2025-08-14T00:36:27+0000;
1227;29;1;306536876549252_1206985821441717;data;data.*;fetched (200);2025-08-18 14:45:27.218034;Facebook:/<page-id>/posts;🖤  🕊️ AVISO DE DEFUNCIÓN 🕊️🖤   Con mucho dolor debemos comunicar el sensible fallecimiento el día de ayer 12 de agosto a sus 71 años de edad de don Carlos Alberto Canales Quintanilla (Q.E.P.D.) conocido cariñosamente como “Ciriaco”.  ◼️ Sus restos están siendo velados en la sede de la Población Las Viñas, Santa Cruz.  ◼️ La misa para pedir por el eterno descanso de su alma se realizará mañana jueves 14 de agosto a las 15:00 horas, en la Parroquia Jesús Buen Pastor, de Villa Las Garzas.  ◼️ Agradecemos a familiares, amigos y conocidos por su compañía en este profundo dolor.  ◼️ Agradecen su compañía las familias: Canales Quintanilla Espinoza Canales Canales Cubillos  ◼️ Desde Santa Cruz Noticias enviamos nuestras más sinceras condolencias a todos sus familiares, amigos y cercanos y que Dios les dé la fortaleza y esa paz interna que tanto necesitan en este momento tan difícil.  #santacruzchile #duelo #Obituario;2025-08-13T23:47:07+0000;2025-08-14T02:41:29+0000;
1228;29;1;306536876549252_1206951841445115;data;data.*;fetched (200);2025-08-18 14:45:27.218034;Facebook:/<page-id>/posts;"Exitoso operativo antidrogas en sector oriente de Rancagua  Carabineros OS- 7 desarticulan banda criminal dedicada a la venta de marihuana, cocaína y pasta base - Individuos se habían tomado una vivienda en la Población Manuel Rodríguez para desarrollar el ilícito negocio.   En un amplio operativo en el sector oriente de Rancagua, Carabineros especializados del OS-7 Cachapoal logró desarticular una organización criminal, con la detención de 5 personas, dos de ellos de nacionalidad haitiana por los delitos de tráfico de drogas y violación de morada. En horas de la tarde del martes 12 de agosto, Carabineros llegó a la población Manuel Rodríguez de la capital regional,  con el objetivo de aprehender a los integrantes de una banda que era investigada por la venta ilegal de cocaína, marihuana elaborada y pasta base en pequeñas cantidades que mantenían en el inmueble.  El Jefe de la Sección OS-7 Cachapoal, Juan Guzmán explicó que “se trató de un trabajo investigativo desarrollado con diversas técnicas y metodologías de inteligencia y análisis criminal en coordinación con la Fiscalía Local de Rancagua, que permitieron materializar una exhaustiva y planificada intervención a un domicilio, con apoyo del GOPE”.  Según detalles entregados por el oficial, se logró establecer que la vivienda donde operaba esta banda, había sido tomada desde hace varios meses para desarrollar el ilícito y lucrativo negocio de tráfico de drogas, que además, contaba con un Circuito Cerrado de Televisión (CCTV) para mantener una vigilancia permanente del entorno.  Durante el procedimiento y ante la presencia de los efectivos policiales, los sujetos huyeron por domicilios colindantes, no obstante, fueron aprehendidos y puestos a disposición del Ministerio Público, quedando dos de ellos en prisión preventiva.  El Jefe de la Sección el Jefe de la Sección especializada del OS-7 Cachapoal Mayor Juan Guzmán, señaló que “estamos desarrollando diversas investigaciones junto a Fiscalía para seguir avanzando en la desarticulación de bandas criminales dedicadas al tráfico drogas. Habitualmente éstas tratan de insertarse en las comunidades  instalando sus ilícitos negocios y generando inseguridad en el barrio.  Por ello, llamamos a la comunidad a denunciar de forma segura, mediante los diversos canales anónimos que existen”.   Los detenidos fueron identificados como C.R.C.A, de 37 años; M.A.S.P, de 40 años; y M.J.V.L, de 43 años, todos chilenos con antecedentes policiales, éste último registra 26 detenciones anteriores.  También fueron aprehendidos  dos sujetos de nacionalidad haitiana, uno de ellos de forma irregular en el país e identificado como L.G, haitiano, 33 años; y R.O, haitiano, de 27 años, con documentación migratoria al día, el cual mantenía una orden vigente por el delito de Robo en Lugar no Habitado.   En el operativo antidrogas se incautaron 2 kilos 152 gramos 200 miligramos de pasta base de cocaína; ⁠368 gramos 600 miligramos de marihuana elaborada; ⁠83 gramos de clorhidrato de cocaína; ⁠$980 mil pesos en dinero en efectivo; un sistema de grabación de CCTV, además de una ⁠1 máquina de pago “Compra Aquí” de una entidad bancaria, que eventualmente utilizaban los consumidores cuando no mantenían dinero en efectivo. La incautación realizada se traduce en más de 28 mil dosis de diferentes tipos de droga sacadas de circulación.  #SantaCruzNoticias #NoticiasconVisionRegional";2025-08-13T22:33:26+0000;2025-08-14T04:25:33+0000;
1229;29;1;306536876549252_1206938828113083;data;data.*;fetched (200);2025-08-18 14:45:27.218034;Facebook:/<page-id>/posts;⭕️ Mañana jueves es la presentación del libro “Cuando la niña Emelina se vino a Santa Cruz”   • El autor es el profesor y colaborador de “El Cóndor” Jaime Vásquez Arriagada   Mañana jueves 14, a las 19,30 horas, en el auditorio de la Municipalidad se realizará la presentación del libro “Cuando la niña Emelina se vino a Santa Cruz, cuyo autor es el profesor Jaime Vásquez Arriagada. La presentación del texto estará a cargo de Melina Guerra Contreras, docente del Colegio Manquemávida, exdirectora y actual jefa Técnico Pedagógica del establecimiento.   La invitación es abierta para todos quienes deseen acompañar a nuestro colaborador en la presentación de un nuevo trabajo literario relacionado con nuestro patrimonio cultural.  #SantaCruzNoticias #NoticiasconVisionRegional;2025-08-13T22:03:10+0000;2025-08-15T02:23:01+0000;
1230;29;1;306536876549252_1206917251448574;data;data.*;fetched (200);2025-08-18 14:45:27.218034;Facebook:/<page-id>/posts;1ª reunión de Grupo de Apoyo para Padres en Duelo  Este lunes 1 de septiembre a partir de las 18:00 horas en la sede Las Palmeras de Pasaje Chimbarongo en la Villa Don José Miguel de Santa Cruz, se realizará la 1ª reunión del grupo de apoyo para padres en duelo, llamado “Círculo de Amor Santa Cruz”. Si desea participar contacte a Luz Aros Álvarez, al teléfono: +569 5859 0769.  #SantaCruzNoticias #NoticiasconVisionRegional;2025-08-13T21:18:39+0000;2025-08-13T21:18:39+0000;
1231;29;1;306536876549252_1206912141449085;data;data.*;fetched (200);2025-08-18 14:45:27.218034;Facebook:/<page-id>/posts;🔴 Pumanque inauguró moderna plaza de juegos y nueva multicancha en zona rural de la comuna;2025-08-13T21:09:14+0000;2025-08-13T23:11:45+0000;
1232;29;1;306536876549252_1206905941449705;data;data.*;fetched (200);2025-08-18 14:45:27.218034;Facebook:/<page-id>/posts;🚨🚨🚨ATENCIÓN 🚨🚨🚨 *CONVOCATORIA PRENSA CARABINEROS*  *3° Concurso de Bandas de Guerra Escolar*   🗓 *Día*: Jueves 14 de agosto   ⏰  *Horario*: 10 hrs.  📍 *Lugar*: Estadio Municipal Jorge Silva Valenzuela de San Fernando   📝 *Motivo*: En el permanente acercamiento a la comunidad escolar, seis colegios participarán en la etapa regional del 3° Concurso de Bandas de Guerra Escolar, organizado por Carabineros de Chile. La banda ganadora representará a la Región en la etapa nacional a realizarse en el mes de septiembre en la Escuela de Carabineros “General Carlos Ibáñez del Campo”, en Santiago.   Durante el certamen se presentará la “Drums Line”, perteneciente al Orfeón Nacional de Carabineros de Chile.  #SantaCruzNoticias #NoticiasconVisionRegional;2025-08-13T20:56:52+0000;2025-08-13T20:56:52+0000;
1233;29;1;306536876549252_1206899164783716;data;data.*;fetched (200);2025-08-18 14:45:27.218034;Facebook:/<page-id>/posts;Difusión Preventiva de Delitos en la Vía Pública.  Carabineros MICC de Santa Cruz, esta mañana realizaron un recorrido preventivo en la Feria de Frutas y Verduras ubicada en Calle Las Toscas, lugar donde, se entregó a los vecinos folletería alusiva al autocuidado y prevención de delitos en la vía pública. Incentivando, fortalecer acciones que generen un entorno más seguro para todos.  Carabineros de Chile, la prevención es nuestra esencia!;2025-08-13T20:43:54+0000;2025-08-13T20:43:54+0000;
1234;29;1;306536876549252_1206895771450722;data;data.*;fetched (200);2025-08-18 14:45:27.218034;Facebook:/<page-id>/posts;"🚛"" *ÁRIDOS TÍO ALE""🚜  Buscanos En Facebook @AridostioAle En instagram @áridostíoAle Fonos de contacto: +56993289850  991669462 #AridostioAle#Santacruz#Nancagua#Palmilla #Peralillo#Chépica#Placilla #provinciadecolchagua#maquinaria #aridosdecalidadcomprobada® 👏🏼";2025-08-13T20:36:57+0000;2025-08-13T20:36:57+0000;
1235;29;1;306536876549252_1206874481452851;data;data.*;fetched (200);2025-08-18 14:45:27.218034;Facebook:/<page-id>/posts;🚒 La noche de este sabado, en dependencias de nuestra compañía, se llevó a cabo la ceremonia por 2 importantes proyectos para nuestro @cbpalmilla con una inversión cercana a 11 millones de pesos.  Se trata de la compra de uniformes para rescate vehicular para la totalidad de los bomberos de ambas compañías, entregando un EPP con mejoras importantes en la comodidad y seguridad.  Por otro lado, se hizo la entrega de los certificados a los 40 bomberos que el fin de semana pasado realizaron el curso STOP THE BLEED  Agradecemos el apoyo constante de nuestra comunidad que nos permiten seguir en la senda de un mejor servicio  @bomberospalmilla  @santacruz_noticias  #NoticiasconVisionRegional;2025-08-13T19:52:44+0000;2025-08-13T19:52:44+0000;
1236;29;1;306536876549252_1206872414786391;data;data.*;fetched (200);2025-08-18 14:45:27.218034;Facebook:/<page-id>/posts;🔴 𝗧𝗥𝗜𝗕𝗨𝗡𝗔𝗟 𝗖𝗢𝗡𝗗𝗘𝗡𝗔 𝗔 𝟭𝟱 𝗬 𝟭𝟮 𝗗𝗘 𝗔Ñ𝗢𝗦 𝗖𝗔𝗥𝗖𝗘𝗟 𝗔 𝗜𝗠𝗣𝗨𝗧𝗔𝗗𝗢𝗦 𝗣𝗢𝗥 𝗛𝗢𝗠𝗜𝗖𝗜𝗗𝗜𝗢 𝗘𝗡 𝗟𝗜𝗧𝗨𝗘𝗖𝗛𝗘;2025-08-13T19:49:06+0000;2025-08-13T19:49:06+0000;
1237;29;1;306536876549252_1206733921466907;data;data.*;fetched (200);2025-08-18 14:45:27.218034;Facebook:/<page-id>/posts;;2025-08-13T15:59:03+0000;2025-08-15T00:51:17+0000;
1238;29;1;306536876549252_1206676658139300;data;data.*;fetched (200);2025-08-18 14:45:27.218034;Facebook:/<page-id>/posts;⭕️ MENOR DESAPARECIDA ⭕️  El martes al mediodía desapareció esta menor y no se ha sabido nada de ella.  Su nombre es Catalina Andrea Vásquez Pérez, tiene 14 años, de la comuna de Placilla.   Si la ven por favor llamar al número +569 28398284 o +569 90443579;2025-08-13T14:27:38+0000;2025-08-18T03:01:02+0000;
1239;29;1;306536876549252_1206647401475559;data;data.*;fetched (200);2025-08-18 14:45:27.218034;Facebook:/<page-id>/posts;🌟 Sonríe con confianza, sonríe con salud 🌟  En Clínica Dental Pavez sabemos que tu sonrisa no es solo estética, también refleja bienestar y seguridad en ti mismo. Por eso, combinamos tecnología, experiencia y un trato cercano para ofrecerte tratamientos que transforman tu salud bucal y realzan tu belleza natural.  ✨ Nuestros servicios destacados: 🦷 Limpieza Dental Profesional – Elimina placa, sarro y manchas para mantener encías y dientes sanos, frescos y brillantes. 😁 Ortodoncia – Corrige la alineación de tus dientes, mejora tu mordida y consigue una sonrisa armónica que dure toda la vida. 💎 Blanqueamiento Dental – Devuelve a tus dientes su blanco natural, logrando un resultado luminoso y seguro en pocas sesiones.  Porque una sonrisa sana abre puertas, crea confianza y te hace sentir bien contigo mismo. No pospongas el cuidado de tu salud bucal… ¡El mejor momento para empezar es hoy!  📲 Agenda tu cita ahora 📍 Ramón Sanfurgo #114, Santa Cruz 📞 +56 9 9742 6120  💙 Clínica Dental Pavez – Donde la salud y la estética se encuentran para hacerte sonreír.  @dentalpavez  @santacruz_noticias;2025-08-13T13:49:04+0000;2025-08-13T23:52:58+0000;
1240;29;1;306536876549252_1206258631514436;data;data.*;fetched (200);2025-08-18 14:45:27.218034;Facebook:/<page-id>/posts;⭕️ Adulta mayor muere en incendio de vivienda.  #SantaCruzNoticias  #NoticiasconVisionRegional;2025-08-13T03:21:51+0000;2025-08-13T05:39:44+0000;
1241;29;1;306536876549252_1206208678186098;data;data.*;fetched (200);2025-08-18 14:45:27.218034;Facebook:/<page-id>/posts;"*¡Revive la emoción de la Semana Mundial de la Lactancia Materna!*   ¡Mira cómo fue la ceremonia de reconocimiento a las madres y ""LactaLovers"" que fomentan la lactancia materna!  Una forma natural, segura y beneficiosa de alimentar a nuestros bebés.    #LactanciaMaterna #SemanaMundialDeLaLactancia #LactaLovers #Reconocimiento #AmorYApoyo";2025-08-13T01:53:16+0000;2025-08-13T01:53:16+0000;
1242;29;1;306536876549252_1206198958187070;data;data.*;fetched (200);2025-08-18 14:45:27.218034;Facebook:/<page-id>/posts;⭕️ Amigos, el próximo 15 de agosto podremos brindar nuestro apoyo a nuestra querida amiga Daira Navarro Gonzalez, quien deberá someterse a su segunda operación de la pierna izquierda debido a linfedema, un procedimiento de alto costo para ella y su madre. Es por esto que se ha organizado un bingo en la medialuna Rodolfo Duarte, sector Panamá, Santa Cruz. Contaremos con la presencia de nuestro querido Charro Dorado Estefany Nicole Leiva Rojas, Antonio Ravello, Catalina Torres, y nuestro amigo Manuel Galdames. Además, tendremos la animación de Rolando Orellana. Los esperamos. Tedremos de una excelente cocina y un ambiente agradable para que puedan cooperar y pasar un buen rato.  @todos.somos.daira  @dairaa_navarro.g  @8icor  @santacruz_noticias;2025-08-13T01:34:08+0000;2025-08-15T13:27:54+0000;
1243;29;1;306536876549252_1206190064854626;data;data.*;fetched (200);2025-08-18 14:45:27.218034;Facebook:/<page-id>/posts;🎓 Clases Particulares de Inglés con Vania González 🇺🇸 ¡Aprende inglés a tu ritmo y con enfoque personalizado!  Soy una docente licenciada con experiencia en colegios y clases particulares, tanto online como presenciales. Ofrezco clases para todos los niveles, adaptadas a tus objetivos: mejorar tu conversación, reforzar gramática, prepararte para exámenes o simplemente ganar confianza al hablar.  🟠 Modalidad flexible: online o presencial 🟠 Material personalizado según tu nivel 🟠 Horarios adaptables 🟠 Clases dinámicas y enfocadas en tus metas reales  📅 ¡No dudes en contactarte conmigo y reservar tu clase! 📲 ‪+56 9 3000 6990‬;2025-08-13T01:15:20+0000;2025-08-13T01:53:11+0000;
1244;29;1;306536876549252_1206189474854685;data;data.*;fetched (200);2025-08-18 14:45:27.218034;Facebook:/<page-id>/posts;CUATRILÁSER!⚡️  Conoce más sobre este tratamiento, la mejor solución en Siluet Stetic🩷🌟  💥 TECNOLOGÍA AMERICANA DE ALTA VELOCIDAD   ¿Buscas una depilación  eficaz y duradera?  ✨ Con nuestra tecnología CUATRILÁSER de última generación (20 disparos por segundo / 20Hz)   Logramos  resultados visibles desde la primera aplicación.  🇺🇸 Tecnología americana avanzada que combina cuatro longitudes de onda para atacar todo tipo de vello y fototipo de piel.  ✅ Rápido ✅ Seguro ✅ Para todo tipo de pieles ✅ Apto todo el año  📍Disponible en nuestras sucursales de  San Vicente y Santa Cruz   📲 ¡Agenda tu sesión ahora y olvídate del vello!  WhatsApp  569-91013196  Fono llamar  569-569-32451308   #DepilaciónLáser #Cuatriláser #TecnologíaAmericana #DepilaciónEficaz #DepilaciónSegura #DepilaciónSinDolor #DepilaciónDefinitiva #EstéticaAvanzada #PielSuave #Laser20Hz #BeautyTech #CentroEstético #DepilaciónRápida #EstéticaProfesional;2025-08-13T01:14:26+0000;2025-08-13T01:14:26+0000;
1245;29;1;306536876549252_1206179081522391;data;data.*;fetched (200);2025-08-18 14:45:27.218034;Facebook:/<page-id>/posts;⭕️ Se vende   ▪︎Chevrolet Tahoe  ▪︎Año 2021 ▪︎50.000kL  ▪︎Reales interesado llamar a +569 9783 9272  ▪︎valor $37.690.000;2025-08-13T00:54:39+0000;2025-08-13T11:37:50+0000;
1246;29;1;306536876549252_1206160771524222;data;data.*;fetched (200);2025-08-18 14:45:27.218034;Facebook:/<page-id>/posts;¡Oportunidad única en el corazón del campo chileno!  Se vende excelente terreno de 5.000 m² ubicado en el tranquilo y hermoso sector de Agua Santa, comuna de Palmilla.  🔹 Características destacadas: ✅ Energía eléctrica disponible ✅ Pozo operativo (agua asegurada) ✅ Cierre perimetral completo ✅ Terreno plano, ideal para construir ✅ Muy buena conectividad y acceso cercano a APR  💰 Valor: $45.000.000  Perfecto para proyecto habitacional, agrícola o inversión a futuro. Entorno natural, seguro y con todas las condiciones para comenzar a construir de inmediato.  📩 Contacto directo: 📧 jrerazoabogada@gmail.com 📱 +56 9 8487 2928  No dejes pasar esta oportunidad. ¡Agenda tu visita hoy mismo!;2025-08-13T00:13:49+0000;2025-08-13T00:13:49+0000;
1247;29;1;306536876549252_1206157548191211;data;data.*;fetched (200);2025-08-18 14:45:27.218034;Facebook:/<page-id>/posts;⭕️ Hoy martes, alrededor de las 19:00 horas personal de servicio de Carabineros de la 2da. Comisaría de Santa Cruz, se constituye en Avenida Errázuriz, debido a un llamado anónimo que informaba que en el interior de una barbería unos individuos se encontraban consumiendo droga.  Al proceder a la fiscalización de dos sujetos, se constató que ambos mantenían marihuana.  Al inspeccionar el local, se incautó lo siguiente: 1 rifle a postón, 1 cuchillo, 1 estoque, 1 machete y 2 cartuchos de munición calibre 12, sin percutar.  Asimismo, se verificó que uno de los individuos mantenía una orden vigente por el delito de amenaza simple.  Cabe destacar que ambos detenidos son de nacionalidad chilena.  #CarabinerosdeSantaCruz  #SantaCruzNoticias  #NoticiasconVisionRegional;2025-08-13T00:05:47+0000;2025-08-17T02:20:58+0000;
1248;29;1;306536876549252_1206103888196577;data;data.*;fetched (200);2025-08-18 14:45:27.218034;Facebook:/<page-id>/posts;⭕️ INVITACIÓN PARA ESTE MIÉRCOLES EN SANTA CRUZ.  #SantaCruzNoticias  #NoticiasconVisionRegional;2025-08-12T22:03:08+0000;2025-08-12T22:03:08+0000;
1249;29;1;306536876549252_1206096734863959;data;data.*;fetched (200);2025-08-18 14:45:27.218034;Facebook:/<page-id>/posts;Ven a cualquier hora, siempre tendremos algo ideal para ti. ☕🍰🍽️✨  Desde un café para empezar el día, un almuerzo fresco y delicioso, hasta un postre o un helado para endulzar la tarde… ¡En La Pastinella siempre encontrarás algo para disfrutar!  📍 Ubicados en el centro de Santa Cruz, con un ambiente cómodo y acogedor. ⏰ Te esperamos en cualquier momento del día.  ¿Con qué antojo nos visitas hoy? 🤩  #LaPastinella #SantaCruz #MásQueUnaCafetería;2025-08-12T21:48:20+0000;2025-08-12T21:48:20+0000;
1250;29;1;306536876549252_1206094904864142;data;data.*;fetched (200);2025-08-18 14:45:27.218034;Facebook:/<page-id>/posts;¡Oportunidad de inversión en terreno en Lolol!   Se vende parcela de 5000 m² ubicada en el proyecto de parcelación Fundo Los Olivos, en la comuna de Lolol, a solo 4 km de la plaza.   Características principales:   Dimensión: 5000 m² Terreno plano y con cierre perimetral Factibilidad de energía eléctrica y pozo de agua Precio: $29.900.000   ¡No pierdas esta oportunidad! Para más información, contacta a jrerazoabogada@gmail.com o al +56-9-8487 2928.;2025-08-12T21:43:59+0000;2025-08-12T21:43:59+0000;
1251;29;1;306536876549252_1206087821531517;data;data.*;fetched (200);2025-08-18 14:45:27.218034;Facebook:/<page-id>/posts;⭕️ Un día para sonreír: Hospital de Santa Cruz conmemoró Día de la Niñez  Inspirados en una reflexión del pedagogo Jean Piaget, “Los niños y niñas no juegan para aprender, pero aprenden porque juegan. El juego es el trabajo de la infancia”, el equipo del Departamento Chile Crece Contigo del Hospital de Santa Cruz celebró el Día de la Niñez con una emotiva actividad dedicada a cada niño y niña que se encontraba en las dependencias del recinto asistencial.  La iniciativa buscó reconocer la importancia que tiene la infancia en el quehacer diario del hospital, recordando que cada sonrisa, cada juego y cada gesto de ternura son parte esencial de la labor que se realiza al interior de la institución de salud.  Durante la jornada, los pequeños pacientes recibieron saludos y muestras de afecto de parte de los funcionarios, quienes compartieron con ellos un espacio de alegría y cercanía. “Agradecemos cada sonrisa y cada muestra de cariño de nuestros pacientitos más pequeños, quienes nos inspiran día a día a seguir trabajando por su bienestar y futuro”, señaló la Psicóloga de Chile Crece Más, Camila Navarro.  Por su parte, el director del Hospital de Santa Cruz, Dr. Sebastián Urzúa, destacó que “para nosotros, la infancia es el corazón de nuestra labor. No se trata solo de atender una necesidad de salud, sino de brindar contención, afecto y un entorno que favorezca su desarrollo. El Día de la Niñez nos recuerda que, a través de pequeños gestos, podemos marcar una gran diferencia en sus vidas”.  Con acciones como esta, el Hospital de Santa Cruz reafirma su compromiso con el cuidado integral de la niñez, reconociendo que su desarrollo, salud y felicidad son la base de una comunidad más sana y solidaria.  #HospitalDeSantaCruz  #SantaCruzNoticias  #NoticiasconVisionRegional;2025-08-12T21:29:00+0000;2025-08-14T11:11:24+0000;
1252;29;1;306536876549252_1206081104865522;data;data.*;fetched (200);2025-08-18 14:45:27.218034;Facebook:/<page-id>/posts;;2025-08-12T21:15:13+0000;2025-08-13T08:36:32+0000;
1253;29;1;306536876549252_1206060621534237;data;data.*;fetched (200);2025-08-18 14:45:27.218034;Facebook:/<page-id>/posts;Carabineros de Santa Cruz, realizaron Charlas de Ley de Responsabilidad Penal Adolescente y prevención de Drogas, en Liceo de Lolol.  Esta mañana concurrieron los funcionarios de las oficinas MICC y Microtráfico al Liceo de Lolol, lugar donde abordaron temas relacionados a la Ley de Responsabilidad Penal Adolescente y prevención del consumo de drogas, dicha información estuvo orientada a estudiantes de primero medio quienes participaron activamente mientras se realizaron las exposiciones, favoreciendo un espacio de diálogo y cercanía a Carabineros.  Posteriormente, los funcionarios se trasladaron hasta el sector rural de Nerquihue, lugar donde visitaron a estudiantes de la Escuela Especial, quienes disfrutaron de esta grata sorpresa.  Carabineros de Chile, la prevención es nuestra esencia!;2025-08-12T20:33:02+0000;2025-08-12T20:33:02+0000;
1254;29;1;306536876549252_1206039511536348;data;data.*;fetched (200);2025-08-18 14:45:27.218034;Facebook:/<page-id>/posts;🕊 AVISO DE DEFUNCIÓN 🕊   ■ Se comunica el sensible fallecimiento de la Sra. Purísima de Lourdes Acevedo Morales (Q.E.P.D.)  ■ Será velada en la Capilla del Sagrado Corazón de Jesús del sector de Quinahue El Boldal.    ■ Sus funerales serán avisados oportunamente.  Desde Santa Cruz Noticias expresamos nuestras más sinceras condolencias a todos sus familiares y cercanos, les enviamos un fuerte abrazo y mucha fortaleza en este difícil momento.;2025-08-12T19:51:44+0000;2025-08-14T05:18:34+0000;
1255;29;1;306536876549252_1206038424869790;data;data.*;fetched (200);2025-08-18 14:45:27.218034;Facebook:/<page-id>/posts;⭕️ En Farmacia La Botika del Valle le ofrece los mejores precios y medicamentos de calidad.  Preocupados de entregar una excelente y cordial atención por parte de sus profesionales. Estamos ubicados en calle  Aníbal Pinto 7, frente a la plaza de #Palmilla. Los esperamos de Lunes a Viernes en horario continuo de 9:30 a 20:00 hrs y los Sábados de 10:00 a 15:00.  @farmacias_labotika_delvalle #Farmacia #Palmilla  #RegióndeOHiggins  #SantaCruzNoticias;2025-08-12T19:50:25+0000;2025-08-12T19:50:25+0000;
1256;29;1;306536876549252_1205825791557720;data;data.*;fetched (200);2025-08-18 14:45:27.218034;Facebook:/<page-id>/posts;⭕️ A esta hora se realiza marcha de los distintos sindicatos de  manipuladoras de alimentos en nuestra comuna de Santa Cruz. Esto por el paro nacional convocado para hoy martes 12 de agosto.  #SantaCruzNoticias  #NoticiasconVisionRegional;2025-08-12T14:56:45+0000;2025-08-12T23:40:32+0000;
1257;29;1;306536876549252_1205776998229266;data;data.*;fetched (200);2025-08-18 14:45:27.218034;Facebook:/<page-id>/posts;🍷🥩 ¡Carnes y vinos en un solo lugar… y ahora puede ser tuyo! Se vende negocio consolidado en pleno centro de Santa Cruz, con más de 3 años de trayectoria, clientela fidelizada y patente de alcoholes vigente para venta de vinos.  📍 Orlandi 34, Santa Cruz 📩 Escríbenos por DM o al WhatsApp +56 9 99678027  #OportunidadDeNegocio #SantaCruz #RutaDelVino #CarnesPremium #Enoteca;2025-08-12T13:55:45+0000;2025-08-13T23:53:29+0000;
1258;29;1;306536876549252_1205775848229381;data;data.*;fetched (200);2025-08-18 14:45:27.218034;Facebook:/<page-id>/posts;⭕️ Cotiza con nosotros al  +569 8901 0997  #móduloshabatibles #Cabañacontainer #santacruznoticiasregiondeo;2025-08-12T13:55:13+0000;2025-08-13T23:53:47+0000;
1259;29;1;306536876549252_1205713234902309;data;data.*;fetched (200);2025-08-18 14:45:27.218034;Facebook:/<page-id>/posts;"""Acompañate del calor de Servigas""  Servigas Abastible, la energía que te mueve.  Fono Pedidos  722 82 20 00  +569 9720 2026  Venta Local  Horacio Muñoz 51 Santa Cruz.  Descuento Qr  #abastible #carga #gas #servigas #santacruz";2025-08-12T12:35:43+0000;2025-08-12T12:35:43+0000;
1260;29;1;306536876549252_1205351794938453;data;data.*;fetched (200);2025-08-18 14:45:27.218034;Facebook:/<page-id>/posts;;2025-08-12T02:07:30+0000;2025-08-12T02:07:30+0000;
1261;29;1;306536876549252_1205303494943283;data;data.*;fetched (200);2025-08-18 14:45:27.218034;Facebook:/<page-id>/posts;🕊️ OBITUARIO  🕊️  Comunicamos el sensible fallecimiento de Don Aliro Segundo Cáceres Muñoz (Q.E.P.D.).  Tenía 68 años y fue eléctrico, muy querido y amado por todos los que lo conocieron.  Su velatorio para quienes deseen acompañar a la familia en estos momentos, se está llevando a cabo en Av. Errázuriz 1007, Funeraria Celestial lugar donde se realizará el día martes  12 de agosto a las 15:00 hrs. un servicio evangélico, para luego ser trasladado al cementerio parroquial de nuestra ciudad.  Desde Santa Cruz expresamos nuestras más sinceras condolencias a todos sus familiares y amigos, les enviamos un fuerte abrazo y mucha fortaleza en este difícil momento.  #Obituario #SantaCruzNoticias;2025-08-12T00:33:27+0000;2025-08-13T02:00:10+0000;
1262;29;1;SantaCruzNoticias.cl;offcut;;fetched (200);2025-08-18 14:45:27.218034;Facebook:/<page-id>/posts;;;;
30;None;0;horadenoticias.cl;seed;;;None;None;;;;
1263;30;1;1226327944205237_1336473958478319;data;data.*;fetched (200);2025-08-18 14:45:29.572896;Facebook:/<page-id>/posts;#OHiggins #EstafaBancaria #Rancagua #SeguridadFinanciera;2025-08-15T06:03:38+0000;2025-08-15T06:03:38+0000;
1264;30;1;1226327944205237_1336465748479140;data;data.*;fetched (200);2025-08-18 14:45:29.572896;Facebook:/<page-id>/posts;#OHiggins #MaltratoAnimal #Mostazal #RescateCanino;2025-08-15T05:50:26+0000;2025-08-15T05:50:26+0000;
1265;30;1;1226327944205237_1336454925146889;data;data.*;fetched (200);2025-08-18 14:45:29.572896;Facebook:/<page-id>/posts;#SanVicente #PDI #Contrabando #OHiggins;2025-08-15T05:33:06+0000;2025-08-15T05:33:06+0000;
1266;30;1;1226327944205237_1336442215148160;data;data.*;fetched (200);2025-08-18 14:45:29.572896;Facebook:/<page-id>/posts;#OHiggins #SanFernando #Incendio #PDI;2025-08-15T05:14:34+0000;2025-08-15T05:14:34+0000;
1267;30;1;1226327944205237_1336430108482704;data;data.*;fetched (200);2025-08-18 14:45:29.572896;Facebook:/<page-id>/posts;#OHiggins #HospitalSantaCruz #RedDeUrgencias #SaludPublica;2025-08-15T04:54:56+0000;2025-08-15T04:54:56+0000;
1268;30;1;1226327944205237_1336422128483502;data;data.*;fetched (200);2025-08-18 14:45:29.572896;Facebook:/<page-id>/posts;#OHiggins #AsuncionDeLaVirgen #TradicionCatolica #HistoriaDeChile;2025-08-15T04:43:25+0000;2025-08-15T04:43:25+0000;
1269;30;1;1226327944205237_1336412841817764;data;data.*;fetched (200);2025-08-18 14:45:29.572896;Facebook:/<page-id>/posts;#OHiggins #AgriculturaSustentable #Indap #ProduccionOrganica;2025-08-15T04:30:23+0000;2025-08-15T04:30:23+0000;
1270;30;1;1226327944205237_1336379585154423;data;data.*;fetched (200);2025-08-18 14:45:29.572896;Facebook:/<page-id>/posts;#OHiggins #EducacionSuperior #ProyectoDeLey #FinAlCAE;2025-08-15T03:43:11+0000;2025-08-15T03:43:11+0000;
1271;30;1;1226327944205237_1336372358488479;data;data.*;fetched (200);2025-08-18 14:45:29.572896;Facebook:/<page-id>/posts;#OHiggins #ComisionVerdad #DerechosHumanos #NinezChile;2025-08-15T03:30:33+0000;2025-08-15T03:30:33+0000;
1272;30;1;1226327944205237_1335479281911120;data;data.*;fetched (200);2025-08-18 14:45:29.572896;Facebook:/<page-id>/posts;#OHiggins #QuieroMiBarrio #DesarrolloComunitario #Mnvu;2025-08-14T03:54:55+0000;2025-08-14T03:54:55+0000;
1273;30;1;1226327944205237_1335468638578851;data;data.*;fetched (200);2025-08-18 14:45:29.572896;Facebook:/<page-id>/posts;#OHiggins #AgriculturaSustentable #JovenesRurales #Pichidegua;2025-08-14T03:36:12+0000;2025-08-14T03:36:12+0000;
1274;30;1;1226327944205237_1335454415246940;data;data.*;fetched (200);2025-08-18 14:45:29.572896;Facebook:/<page-id>/posts;#OHiggins #Covid19 #VarianteFrankenstein #SaludPublica;2025-08-14T03:20:05+0000;2025-08-14T03:20:05+0000;
1275;30;1;1226327944205237_1335443188581396;data;data.*;fetched (200);2025-08-18 14:45:29.572896;Facebook:/<page-id>/posts;#OHiggins #Pichilemu #LactanciaMaterna #SaludComunitaria;2025-08-14T03:02:03+0000;2025-08-14T03:02:03+0000;
1276;30;1;1226327944205237_1335436218582093;data;data.*;fetched (200);2025-08-18 14:45:29.572896;Facebook:/<page-id>/posts;#OHiggins #SanFernando #CiudadInteligente #CuidadoDigital;2025-08-14T02:49:56+0000;2025-08-14T02:49:56+0000;
1277;30;1;1226327944205237_1335382108587504;data;data.*;fetched (200);2025-08-18 14:45:29.572896;Facebook:/<page-id>/posts;#OHiggins #RutaMedica #DesarrolloSocial #SaludEnTerreno;2025-08-14T01:21:04+0000;2025-08-14T01:21:04+0000;
1278;30;1;1226327944205237_1334613625331019;data;data.*;fetched (200);2025-08-18 14:45:29.572896;Facebook:/<page-id>/posts;#OHiggins #ElTeniente #NataliaRomero #JusticiaLaboral;2025-08-13T04:28:24+0000;2025-08-13T04:28:24+0000;
1279;30;1;1226327944205237_1334600668665648;data;data.*;fetched (200);2025-08-18 14:45:29.572896;Facebook:/<page-id>/posts;#OHiggins #SanFernando #EstadioMunicipal #LuminariasLED;2025-08-13T04:02:55+0000;2025-08-13T04:02:55+0000;
1280;30;1;1226327944205237_1334548278670887;data;data.*;fetched (200);2025-08-18 14:45:29.572896;Facebook:/<page-id>/posts;#OHiggins #TransportePublico #PerimetroDeExclusion #RedRegional;2025-08-13T02:31:55+0000;2025-08-13T02:31:55+0000;
1281;30;1;1226327944205237_1334546908671024;data;data.*;fetched (200);2025-08-18 14:45:29.572896;Facebook:/<page-id>/posts;#OHiggins #PoliticaHabitacional #DialogoCiudadano #AgendaFuturo;2025-08-13T02:30:30+0000;2025-08-13T02:30:30+0000;
1282;30;1;1226327944205237_1334530365339345;data;data.*;fetched (200);2025-08-18 14:45:29.572896;Facebook:/<page-id>/posts;#OHiggins #DiaDeLaNinez #HospitalSantaCruz #InfanciaFeliz;2025-08-13T02:00:43+0000;2025-08-13T02:00:43+0000;
1283;30;1;1226327944205237_1334524648673250;data;data.*;fetched (200);2025-08-18 14:45:29.572896;Facebook:/<page-id>/posts;#OHiggins #PrefijosTelefonicos #ProteccionAlConsumidor #LeyDeDatos;2025-08-13T01:49:53+0000;2025-08-13T01:49:53+0000;
1284;30;1;1226327944205237_1333601538765561;data;data.*;fetched (200);2025-08-18 14:45:29.572896;Facebook:/<page-id>/posts;El Juzgado de Garantía de Graneros decretó este lunes 11 de agosto arresto domiciliario parcial nocturno, arraigo nacional y firma quincenal para la concejala Thae Loiza Galaz, imputada por el Ministerio Público como autora de los delitos de fraude de remuneraciones y uso reiterado de certificados médicos falsos, ilícitos que habría cometido entre diciembre de 2019 y mayo de 2025.  Medidas cautelares y plazo de investigación  En audiencia de formalización, el magistrado Patricio Acevedo Silva acogió las cautelares solicitadas por la fiscalía, considerándolas proporcionales y necesarias para el desarrollo del procedimiento. Además, fijó un plazo de 120 días para la investigación.  Para conocer los detalles de esta noticia haz clic en el enlace: https://xort.cl/b5z68qs  #OHiggins #Graneros #Fraude #CertificadosFalsos;2025-08-12T02:14:11+0000;2025-08-12T02:14:11+0000;
1285;30;1;1226327944205237_1333587618766953;data;data.*;fetched (200);2025-08-18 14:45:29.572896;Facebook:/<page-id>/posts;El rápido actuar de Carabineros de la Primera Comisaría de Rancagua permitió, la mañana de este lunes 11 de agosto, la detención en flagrancia de dos individuos que sustrajeron diversas especies desde un camión estacionado en pleno centro de la capital regional.  👉👉Para conocer los detalles de esta noticia haz clic en el enlace:  https://xort.cl/5mz427r   #OHiggins #Rancagua #Robo #Carabineros;2025-08-12T01:50:59+0000;2025-08-12T01:50:59+0000;
1286;30;1;1226327944205237_1333580958767619;data;data.*;fetched (200);2025-08-18 14:45:29.572896;Facebook:/<page-id>/posts;La mañana del domingo 10 de agosto, un grave accidente de tránsito en la Ruta H-56, a la altura de la comuna de San Vicente, dejó una persona fallecida y un funcionario de Carabineros con lesiones de carácter grave. El hecho ocurrió cerca de las 06:00 horas, cuando personal del Retén Idahue, dependiente de la 6° Comisaría de San Vicente, acudió a un llamado por la colisión entre dos vehículos menores.  👉👉Para conocer los detalles de esta noticia haz clic en el enlace:  https://xort.cl/coqqcx2  #OHiggins #AccidenteDeTransito #Carabineros #ConduccionEbria;2025-08-12T01:38:39+0000;2025-08-12T01:38:39+0000;
1287;30;1;1226327944205237_1333579925434389;data;data.*;fetched (200);2025-08-18 14:45:29.572896;Facebook:/<page-id>/posts;En el marco del programa “Mi título, mi historia” del Ministerio de Bienes Nacionales, más de 150 familias de las comunas de Chimbarongo, San Fernando y Rengo recibieron sus títulos de dominio, documento que certifica la propiedad legal de un terreno y permite acceder a beneficios estatales como subsidios habitacionales, de agua potable, alcantarillado y aislamiento térmico. El 81% de las entregas correspondió a sectores rurales.  👉👉Para conocer los detalles de esta noticia haz clic en el enlace: https://xort.cl/dy4idhq  #OHiggins #TituloDeDominio #ViviendaDigna #SeguridadJuridica;2025-08-12T01:36:48+0000;2025-08-12T01:36:48+0000;
1288;30;1;1226327944205237_1333560515436330;data;data.*;fetched (200);2025-08-18 14:45:29.572896;Facebook:/<page-id>/posts;Con el propósito de reforzar la articulación de la red asistencial y avanzar en temas estratégicos para la salud pública local, el Hospital de Santa Cruz fue sede de una nueva Jornada CIRAM (Coordinación de la Red Asistencial de la Microárea), que reunió a representantes de Santa Cruz, Lolol, Peralillo, Chépica, Palmilla, Litueche y Pichilemu.  👉👉Para conocer los detalles de esta noticia haz clic en el enlace: https://xort.cl/ecogyji  #OHiggins #SaludPublica #HospitalSantaCruz;2025-08-12T00:59:25+0000;2025-08-12T00:59:25+0000;
1289;30;1;1226327944205237_1333552622103786;data;data.*;fetched (200);2025-08-18 14:45:29.572896;Facebook:/<page-id>/posts;https://horadenoticias.cl/ciudad/san-fernando-celebro-el-dia-de-la-ninez-con-musica-juegos-y-una-masiva-asistencia-en-la-plaza-de-armas  #OHiggins #DiaDeLaNinez #SanFernando #FiestaFamiliar;2025-08-12T00:44:09+0000;2025-08-12T00:44:09+0000;
1290;30;1;1226327944205237_1333545148771200;data;data.*;fetched (200);2025-08-18 14:45:29.572896;Facebook:/<page-id>/posts;https://horadenoticias.cl/salud/semana-mundial-de-la-lactancia-materna-destaca-beneficios-en-el-hospital-de-litueche  #OHiggins #LactanciaMaterna #SaludInfantil;2025-08-12T00:34:09+0000;2025-08-12T00:34:09+0000;
1291;30;1;1226327944205237_1333539212105127;data;data.*;fetched (200);2025-08-18 14:45:29.572896;Facebook:/<page-id>/posts;#OHiggins #HidrogenoVerde #MovilidadSostenible #EnergiaLimpia;2025-08-12T00:25:15+0000;2025-08-12T00:25:15+0000;
1292;30;1;1226327944205237_1333527705439611;data;data.*;fetched (200);2025-08-18 14:45:29.572896;Facebook:/<page-id>/posts;#OHiggins #JornadaLaboral #FeriadosIrrenunciables #ProductividadLaboral;2025-08-12T00:08:58+0000;2025-08-12T00:08:58+0000;
1293;30;1;horadenoticias.cl;offcut;;fetched (200);2025-08-18 14:45:29.572896;Facebook:/<page-id>/posts;;;;
